,label
AAACAAGTATCTCCCA-1,Tumor
AAACAATCTACTAGCA-1,Tumor
AAACAGAGCGACTCCT-1,Normal
AAACAGTGTTCCTGGG-1,Normal
AAACATTTCCCGGATT-1,Tumor
AAACCCGAACGAAATC-1,Tumor
AAACCGTTCGTCCAGG-1,Tumor
AAACCTAAGCAGCCGG-1,Normal
AAACGAAGAACATACC-1,Normal
AAACGAGACGGTTGAT-1,Tumor
AAACGCCCGAGATCGG-1,Normal
AAACGGGCGTACGGGT-1,Normal
AAACGGTTGCGAACTG-1,Normal
AAACGTGTTCGCCCTA-1,Normal
AAACTAACGTGGCGAC-1,Normal
AAACTCGGTTCGCAAT-1,Tumor
AAACTCGTGATATAAG-1,Normal
AAACTGCTGGCTCCAA-1,Normal
AAAGAATGTGGACTAA-1,Normal
AAAGACCCAAGTCGCG-1,Tumor
AAAGCTTGCCTACATA-1,Normal
AAAGGCCCTATAATAC-1,Normal
AAAGGCTACGGACCAT-1,Tumor
AAAGGCTCTCGCGCCG-1,Tumor
AAAGGGATGTAGCAAG-1,Normal
AAAGGGCAGCTTGAAT-1,Tumor
AAAGGTAAGCTGTACC-1,Normal
AAAGTAGCATTGCTCA-1,Normal
AAAGTCACTGATGTAA-1,Normal
AAAGTGTGATTTATCT-1,Tumor
AAAGTTGACTCCCGTA-1,Tumor
AAATAACCATACGGGA-1,Normal
AAATAAGGTAGTGCCC-1,Normal
AAATACCTATAAGCAT-1,Normal
AAATAGCTTAGACTTT-1,Tumor
AAATAGGGTGCTATTG-1,Normal
AAATCCGATACACGCC-1,Normal
AAATCGTGTACCACAA-1,Normal
AAATCTAGCCCTGCTA-1,Tumor
AAATGACTGATCAAAC-1,Normal
AAATGATTCGATCAGC-1,Tumor
AAATGCTCGTTACGTT-1,Tumor
AAATGGCATGTCTTGT-1,Normal
AAATGGTCAATGTGCC-1,Normal
AAATGTGGGTGCTCCT-1,Tumor
AAATTAACGGGTAGCT-1,Tumor
AAATTACACGACTCTG-1,Normal
AAATTACCTATCGATG-1,Tumor
AAATTCCAGGTCCAAA-1,Tumor
AAATTGATAGTCCTTT-1,Tumor
AAATTGCGGCGGTTCT-1,Normal
AAATTGGTGAGAAGCA-1,Normal
AAATTTACCGAAATCC-1,Normal
AAATTTGCGGGTGTGG-1,Normal
AACAACTGGTAGTTGC-1,Normal
AACAATACATTGTCGA-1,Normal
AACAATTACTCTACGC-1,Normal
AACACACGCTCGCCGC-1,Normal
AACACGACTGTACTGA-1,Normal
AACAGCTGTGTGGCAA-1,Tumor
AACAGGAAATCGAATA-1,Normal
AACAGGATGGGCCGCG-1,Normal
AACAGGTAGTATGGAT-1,Tumor
AACATAGCGTGTATCG-1,Normal
AACATATCAACTGGTG-1,Normal
AACATCGATACGTCTA-1,Normal
AACATTGAAGTTGATC-1,Normal
AACATTGGTCAGCCGT-1,Normal
AACATTGTGACTCGAG-1,Tumor
AACCAGTATCACTCTT-1,Tumor
AACCATGGGATCGCTA-1,Tumor
AACCCAGAGACGGAGA-1,Tumor
AACCCGACAACCCGTG-1,Tumor
AACCCGAGCAGAATCG-1,Normal
AACCCGATAGGGCTTC-1,Normal
AACCCGCTGTATTCCA-1,Normal
AACCCTACTGTCAATA-1,Tumor
AACCCTGGTGGAACCA-1,Normal
AACCGAGCTTGGTCAT-1,Normal
AACCGCTAAGGGATGC-1,Normal
AACCGTTGTGTTTGCT-1,Normal
AACCTCGCTTTAGCCC-1,Tumor
AACCTGTCACGGAATT-1,Normal
AACCTTTAAATACGGT-1,Normal
AACCTTTACGACGTCT-1,Normal
AACGATAATGCCGTAG-1,Normal
AACGATAGAAGGGCCG-1,Normal
AACGATATGTCAACTG-1,Tumor
AACGCATGATCTGGGT-1,Normal
AACGCGACCTTGGGCG-1,Normal
AACGCGGTCTCCAGCC-1,Tumor
AACGCTGTTGCTGAAA-1,Normal
AACGGACGTACGTATA-1,Normal
AACGGCCATCTCCGGT-1,Tumor
AACGTACTGTGGGTAC-1,Normal
AACGTAGTCTACCCAT-1,Tumor
AACGTCATCCGGCTTG-1,Normal
AACGTGATGAAGGACA-1,Tumor
AACGTGCGAAAGTCTC-1,Tumor
AACTACCCGTTTGTCA-1,Tumor
AACTAGCGTATCGCAC-1,Normal
AACTAGGCTTGGGTGT-1,Tumor
AACTCAAGTTAATTGC-1,Normal
AACTCCAGAGCGTGTT-1,Tumor
AACTCCTAATCCCATG-1,Tumor
AACTCGATGGCGCAGT-1,Tumor
AACTCTCAATAGAGCG-1,Normal
AACTCTCAGTGTGCTC-1,Normal
AACTGAGGTCAGCGTC-1,Normal
AACTGAGTTATACTGA-1,Normal
AACTGATATTAGGCCT-1,Tumor
AACTGGGTCCCGACGT-1,Tumor
AACTGGGTTCGAGCCG-1,Tumor
AACTGGTGTGGGCCTT-1,Tumor
AACTTCTGCGTCTATC-1,Normal
AACTTGCCCGTATGCA-1,Normal
AACTTGCGTTCTCGCG-1,Tumor
AACTTTAGCTGCTGAG-1,Normal
AACTTTCTCGATCATG-1,Tumor
AAGAAATCACCAGATT-1,Normal
AAGAAGGATCAGTTAG-1,Normal
AAGACATACGTGGTTT-1,Normal
AAGACCCAACTGAACA-1,Tumor
AAGACTAACCCGTTGT-1,Normal
AAGACTGCAAGCTACT-1,Tumor
AAGAGATGAATCGGTA-1,Tumor
AAGAGCTCTTTATCGG-1,Tumor
AAGAGGCATGGATCGC-1,Tumor
AAGAGGCCCTTTGGAA-1,Normal
AAGATGGCACCGGACC-1,Normal
AAGATTGGCGGAACGT-1,Tumor
AAGCACCCTGCGTATC-1,Normal
AAGCATACTCTCCTGA-1,Normal
AAGCCACTTGCAGGTA-1,Tumor
AAGCCGAAGCGGTTTA-1,Tumor
AAGCCGCCGTGAAATC-1,Normal
AAGCCGCTTTACCTTG-1,Normal
AAGCGCAGGGCTTTGA-1,Tumor
AAGCGGAGTGCGCGCA-1,Normal
AAGCGGCGTCATGGGT-1,Tumor
AAGCGTCCCTCATCGA-1,Tumor
AAGCTAGATCGAGTAA-1,Tumor
AAGCTCGTGCCAAGTC-1,Tumor
AAGCTCTTTCATGGTG-1,Tumor
AAGGAGAACTTATAAG-1,Normal
AAGGAGCGGTTGGTGC-1,Normal
AAGGATCGATCGCTTG-1,Tumor
AAGGATGAGGGACCTC-1,Tumor
AAGGCAGGCTGTCTCC-1,Tumor
AAGGCTGTGCTCATCG-1,Normal
AAGGGAACGACTGGCT-1,Normal
AAGGGACAGATTCTGT-1,Tumor
AAGGTATCCTAATATA-1,Normal
AAGGTGATAAACCAGC-1,Tumor
AAGTAAGCTTCCAAAC-1,Tumor
AAGTAGAAGACCGGGT-1,Normal
AAGTAGTGACGCGAGG-1,Normal
AAGTCAATTGTCGTCA-1,Tumor
AAGTCTAGTAGCTGCC-1,Tumor
AAGTGAGTCGGGTTTA-1,Normal
AAGTGCCTTGACTGTA-1,Tumor
AAGTGCTTCTCTATTG-1,Tumor
AAGTGTTTGGAGACGG-1,Normal
AAGTTCACTCCAAGCT-1,Tumor
AAGTTCAGTCTGCGTA-1,Tumor
AAGTTGTGATGTTATA-1,Normal
AAGTTTACTAATGGCA-1,Normal
AAGTTTATGGGCCCAA-1,Normal
AATAACACTAGAACAA-1,Normal
AATAAGTCCTCGAGAC-1,Normal
AATAATCTTCGTATCG-1,Normal
AATACAATGTTTCAGG-1,Tumor
AATACCGGAGGGCTGT-1,Tumor
AATAGAACAGAGTGGC-1,Normal
AATAGAATCTGTTTCA-1,Normal
AATAGCAAGCCTCCTG-1,Normal
AATAGCTACCGCGTGC-1,Tumor
AATAGGCACGACCCTT-1,Tumor
AATAGTCCGTCCCGAC-1,Tumor
AATATCAAGGTCGGAT-1,Normal
AATATCGAATCAATGC-1,Tumor
AATATCGAGGGTTCTC-1,Normal
AATCAGGTTTCATTTA-1,Tumor
AATCATGTAAAGACTC-1,Tumor
AATCCAAGGGCCTGAG-1,Normal
AATCCATGCAAGGGTG-1,Normal
AATCCCGCTCAGAGCC-1,Normal
AATCGCCTCAGCGCCA-1,Tumor
AATCGCGCAGAGGACT-1,Tumor
AATCGGGACACTACGA-1,Normal
AATCGGTATAGCCCTC-1,Normal
AATCGTGAGCCGAGCA-1,Normal
AATCTATGCCGGAGCC-1,Normal
AATCTGCGTTGGGACG-1,Normal
AATCTGGGTAGACCCT-1,Normal
AATGACAGCAATGTCT-1,Normal
AATGACGTAGGATGTC-1,Normal
AATGACTGTCAGCCGG-1,Normal
AATGAGTTCGCATATG-1,Tumor
AATGATGATACGCTAT-1,Tumor
AATGATGCGACTCCTG-1,Normal
AATGCAACCGGGTACC-1,Normal
AATGCACCAAGCAATG-1,Normal
AATGGTTCTCACAAGC-1,Tumor
AATGTGCCCGAGGTGT-1,Normal
AATGTGCTAATCTGAG-1,Tumor
AATGTTAAGACCCTGA-1,Normal
AATGTTGTCGTGAGAC-1,Normal
AATTAAAGGTCGGCGT-1,Normal
AATTAACGGATTTCCA-1,Tumor
AATTAGCGCTGCAGCG-1,Normal
AATTCATAAGGGATCT-1,Tumor
AATTCCAAGCATGTAC-1,Normal
AATTCGATTCGAGGAT-1,Tumor
AATTCTAGAGTTAGGC-1,Normal
AATTGAACGCTCTGGT-1,Tumor
AATTGCAGCAATCGAC-1,Normal
AATTTGGGACATAGTA-1,Tumor
AATTTGGTTCCAAAGA-1,Normal
ACAAACTCCATCAGAG-1,Normal
ACAAAGCATGACCTAG-1,Normal
ACAAATCGCACCGAAT-1,Normal
ACAAATGGTAGTGTTT-1,Tumor
ACAAATTCAGATCTGA-1,Tumor
ACAACAGCATGAGCTA-1,Normal
ACAACGGTCCCTGCGA-1,Normal
ACAAGGAAATCCGCCC-1,Normal
ACAAGGACAAGAGGTT-1,Tumor
ACAAGGATGCTTTAGG-1,Tumor
ACAAGGCCTACCAGCC-1,Normal
ACAAGGGCAGGCTCTG-1,Normal
ACAAGTAATTGTAAGG-1,Normal
ACAATCGATCTTTATA-1,Normal
ACAATGAATACGGAGA-1,Tumor
ACAATGATTCTTCTAC-1,Normal
ACAATTGTGTCTCTTT-1,Tumor
ACAATTTGAGCAGTGG-1,Normal
ACAATTTGGCCATATT-1,Tumor
ACACAAAGACGGGTGG-1,Normal
ACACAAATATTCCTAG-1,Normal
ACACACCAGGACCAGT-1,Tumor
ACACACTTTCTACACG-1,Normal
ACACATTTCCGTAGAC-1,Normal
ACACCACATAATTAGC-1,Normal
ACACCCAGCATGCAGC-1,Normal
ACACCCGAGAAATCCG-1,Tumor
ACACCTTACTACTTGC-1,Tumor
ACACGAGACTCCTTCT-1,Normal
ACACGGCACTATGCAT-1,Normal
ACACGGGAACTTAGGG-1,Normal
ACACGTAGGCCACAAG-1,Normal
ACACTCCAATGTCACT-1,Normal
ACACTGATCAAGGTGT-1,Tumor
ACAGATTAGGTTAGTG-1,Normal
ACAGCATAGAGCCAGT-1,Tumor
ACAGCGACATTCTCAT-1,Normal
ACAGCGCACCCGCAGC-1,Normal
ACAGGCACGGATCCTT-1,Normal
ACAGGCTTGCCCGACT-1,Normal
ACAGGTGGAGGTGAGG-1,Normal
ACAGTATACCGTGGGA-1,Normal
ACATAATAAGGCGGTG-1,Tumor
ACATCCCGGCCATACG-1,Tumor
ACATCCTGGTAACTGT-1,Tumor
ACATCGATCGTTTACC-1,Tumor
ACATCGCAATATTCGG-1,Tumor
ACATCGTATGCAATGG-1,Normal
ACATCGTTAACCTAGT-1,Tumor
ACATCTCAACGCGTAA-1,Normal
ACATGCTTACGGCAGC-1,Normal
ACATGGCGCCAAAGTA-1,Tumor
ACATGGCTCAATTTAG-1,Normal
ACATTAGTTTATATCC-1,Normal
ACATTCGCGCGGAATA-1,Tumor
ACCAAACACCCAGCGA-1,Normal
ACCAAACTAGAAATCC-1,Normal
ACCAACACCACACACT-1,Tumor
ACCAACCGCACTCCAC-1,Normal
ACCAACGCTTATTTAT-1,Tumor
ACCAAGAACGCGTGTC-1,Tumor
ACCAAGTCATCGGCAG-1,Normal
ACCAATATGCAAGTTA-1,Normal
ACCACAACTCAGAACA-1,Tumor
ACCACAAGTTTCTATC-1,Normal
ACCACCAATGTAACAA-1,Tumor
ACCACCCTCTCTTCTA-1,Normal
ACCACGTGCAGCTATA-1,Normal
ACCAGCCCGGTCTTTG-1,Normal
ACCAGGAGTGTGATCT-1,Normal
ACCAGTGCCCGGTCAA-1,Tumor
ACCAGTGCGGGAGACG-1,Normal
ACCATATCCGCAATAA-1,Normal
ACCATCGTATATGGTA-1,Normal
ACCCAACGCCCGTGGC-1,Normal
ACCCACCTACATGCTC-1,Tumor
ACCCATCTTGAGGGTA-1,Normal
ACCCATTTGTCCCTCT-1,Normal
ACCCGATTGGTTCCGA-1,Tumor
ACCCGGAAACTCCCAG-1,Tumor
ACCCGGATGACGCATC-1,Normal
ACCCGGTTACACTTCC-1,Normal
ACCCGTAGTCTAGTTG-1,Normal
ACCCGTGTCATCAGTA-1,Tumor
ACCCTATAGGACTGAG-1,Normal
ACCCTATGCCATATCG-1,Normal
ACCCTCCCGTCAGGGC-1,Normal
ACCCTCCCTTGCTATT-1,Normal
ACCCTGGTAACGCCCT-1,Normal
ACCCTTCATCTGCGAA-1,Normal
ACCCTTGCCTGGGTCG-1,Normal
ACCCTTTAGTTCTCCA-1,Tumor
ACCGAAAGGGCCCTGC-1,Normal
ACCGACACATCTCCCA-1,Tumor
ACCGACTGAGTCCCAC-1,Normal
ACCGAGTCTCCTTATT-1,Normal
ACCGATATTTAATCAT-1,Normal
ACCGATGGTAGCATCG-1,Tumor
ACCGCAATAACTGCCT-1,Normal
ACCGCGGTGGAAGTCG-1,Tumor
ACCGCTAGTCATTGGT-1,Tumor
ACCGGGCCTTTGTTGA-1,Tumor
ACCGTGACCACGTGGG-1,Normal
ACCGTTCCCGCTCTGA-1,Normal
ACCTAAGTACCTTTCA-1,Normal
ACCTAATCGACTTCCT-1,Normal
ACCTACAGTATGTGGT-1,Tumor
ACCTACTATAAATCTA-1,Normal
ACCTCCGCCCTCGCTG-1,Tumor
ACCTCCGTTATTCACC-1,Tumor
ACCTTTCCTTTAGAAG-1,Normal
ACGACTCTAGGGCCGA-1,Normal
ACGACTGGTCATACTC-1,Normal
ACGAGAACCCATCACG-1,Normal
ACGAGATATTTGCTTA-1,Tumor
ACGAGTACGGATGCCC-1,Normal
ACGATACATAGAACTA-1,Tumor
ACGATCATACATAGAG-1,Normal
ACGATCATCTTGTAAA-1,Normal
ACGATGCATATGTTAT-1,Normal
ACGATGGATCCGATGC-1,Normal
ACGCAAACTAATAGAT-1,Tumor
ACGCAATCACTACAGC-1,Normal
ACGCATAAATGACATG-1,Normal
ACGCATACGTTTACTA-1,Tumor
ACGCATTCGTGAGTAC-1,Tumor
ACGCCACTCGAAACAG-1,Tumor
ACGCCAGATGATTTCT-1,Tumor
ACGCCCAGCTGTCGAT-1,Normal
ACGCCGCTAGACGACC-1,Normal
ACGCGAAGTCAGACGA-1,Normal
ACGCGGGCCAAGGACA-1,Tumor
ACGCTAGTGATACACT-1,Normal
ACGCTTAGTGTCTCTC-1,Normal
ACGGAATTTAGCAAAT-1,Tumor
ACGGACGCAGCGACAA-1,Normal
ACGGACTCTCAAAGCG-1,Tumor
ACGGAGCGCAAATTAC-1,Tumor
ACGGATGGTGCGGATA-1,Normal
ACGGCACTTGCTTGGG-1,Tumor
ACGGCCAACATGGACT-1,Tumor
ACGGCGACGATGGGAA-1,Normal
ACGGGCGTATGCGACA-1,Normal
ACGGTACAGTTCAATG-1,Normal
ACGTACAGATTTCTCT-1,Normal
ACGTACTTTGGCACGG-1,Tumor
ACGTAGATTGCTGATG-1,Tumor
ACGTAGGAGAGTCGCT-1,Normal
ACGTATTACTCCGATC-1,Tumor
ACGTCCTAAACGAGAT-1,Normal
ACGTGCGCCTCGTGCA-1,Tumor
ACGTGGTCGAATGTGC-1,Normal
ACGTTAATGTCGAAGA-1,Tumor
ACGTTAGATTTGCCCG-1,Normal
ACGTTATTGGTCACTC-1,Normal
ACGTTCACTATGCCGC-1,Tumor
ACGTTCCGCGCTCCGT-1,Tumor
ACGTTCGCAATCAATT-1,Tumor
ACGTTCGTTCAGGAAA-1,Normal
ACGTTCTGTACAAGTC-1,Normal
ACGTTGTCGTTGAAAG-1,Tumor
ACGTTTAGTTGTGATC-1,Normal
ACTAAGGACGCACACC-1,Normal
ACTAATACGTCAGGCG-1,Tumor
ACTACAAAGAGAGGTG-1,Normal
ACTACCATCCGAGGGC-1,Tumor
ACTACGCGTTAGAATT-1,Tumor
ACTAGTTGCGATCGTC-1,Tumor
ACTATATGCTGTGTTC-1,Tumor
ACTATCCAGGGCATGG-1,Tumor
ACTATCTGCCCGCGTA-1,Normal
ACTATGTCCAGCTGCC-1,Normal
ACTATTCGTCCGTGGT-1,Tumor
ACTATTTCCGGGCCCA-1,Normal
ACTCAAGTGCAAGGCT-1,Tumor
ACTCAATAAAGGCACG-1,Normal
ACTCAGACCTGCTTCT-1,Tumor
ACTCCAATATCATCAT-1,Normal
ACTCCCGAATTCGTTT-1,Normal
ACTCCCGTAGACTAGG-1,Tumor
ACTCCCTAATGCTAAA-1,Tumor
ACTCCCTAGAATAGTA-1,Normal
ACTCCGGCCGACCACT-1,Normal
ACTCGCCGTTCGATAA-1,Normal
ACTCGCGATCTGACGC-1,Tumor
ACTCGTCAGTAATCCC-1,Tumor
ACTCTCTGACTTAGGT-1,Normal
ACTCTCTTATACACGA-1,Tumor
ACTCTGACCTAATAGA-1,Normal
ACTCTTCAGCTCCCGC-1,Normal
ACTCTTGTATAGTAAC-1,Tumor
ACTGAAACGCCGTTAG-1,Normal
ACTGAATGGCGAAAGT-1,Normal
ACTGATTTAGTGATTC-1,Tumor
ACTGCCCGCCATTCTC-1,Normal
ACTGCCGTCGTAACTC-1,Tumor
ACTGCGGACACACCGT-1,Normal
ACTGGCGAACCTGCGT-1,Normal
ACTGGGATGCCAGTGC-1,Normal
ACTGTACGATACACAT-1,Tumor
ACTGTAGCACTTTGGA-1,Normal
ACTGTATACGCGAGCA-1,Tumor
ACTGTCCAGGATTATA-1,Tumor
ACTGTCTTCTTTAGAA-1,Normal
ACTGTGCTAGTAGATC-1,Tumor
ACTGTTTAGTGTAGGC-1,Normal
ACTTACCGGGCGCGCA-1,Tumor
ACTTACGCATCCACGC-1,Normal
ACTTAGTACGACAAGA-1,Tumor
ACTTATACTTACCCGG-1,Normal
ACTTATCTGATCTATA-1,Normal
ACTTATTAGGATCGGT-1,Normal
ACTTATTTATGTGCCA-1,Tumor
ACTTCAGGCTGATCCC-1,Normal
ACTTCCATGCGGGACA-1,Tumor
ACTTCGCCATACGCAC-1,Normal
ACTTCGCTAGCGAGTG-1,Normal
ACTTGACTCCCTCTTT-1,Normal
ACTTGCCATATTGTAC-1,Normal
ACTTGGGACCCGGTGG-1,Normal
ACTTGGGCTTTCGCCA-1,Tumor
ACTTGTGGATGGAACG-1,Tumor
ACTTGTTACCGGATCA-1,Normal
ACTTTACCCTCATGAA-1,Normal
ACTTTCCTATAGCTTC-1,Normal
AGAAATTATGACTCGC-1,Normal
AGAACCCAGCGTGACA-1,Tumor
AGAACGTGGTACATTC-1,Normal
AGAAGAGCGCCGTTCC-1,Normal
AGAAGGTTGCCGAATT-1,Normal
AGAAGGTTGTAGGTCG-1,Tumor
AGAATGCGGGTTCGGA-1,Normal
AGAATTATGGATTCGA-1,Normal
AGAATTGTTTGACATA-1,Tumor
AGACATAGATCCTTCC-1,Tumor
AGACCATGGGATACAA-1,Tumor
AGACCCACCGCTGATC-1,Normal
AGACCCGCCCTCCTCG-1,Normal
AGACCGCTCCGCGGTT-1,Tumor
AGACGAAGTGCCGGTC-1,Tumor
AGACGACGATGCCGCT-1,Tumor
AGACGGGCCGATTTAA-1,Tumor
AGACTAGCCTTCCAGA-1,Normal
AGACTGTTACCGGGTC-1,Normal
AGAGAAACACCAGAAA-1,Tumor
AGAGAACCGTCTAGGA-1,Tumor
AGAGAAGGAGTACAAT-1,Tumor
AGAGCCGCCGAGATTT-1,Normal
AGAGCGCTTGTAACGG-1,Normal
AGAGCGGGCTAATCAT-1,Normal
AGAGCGTACAAGCTCG-1,Tumor
AGAGCTACGAAAGCAT-1,Normal
AGAGGCTTCGGAAACC-1,Tumor
AGAGGGACAATTGTCC-1,Normal
AGAGGTATCTCGGTCC-1,Tumor
AGAGTAAACTTCACTA-1,Tumor
AGAGTATAGTGTTACG-1,Normal
AGAGTTAGAGACCGAT-1,Tumor
AGAGTTGCAGGCCTCC-1,Normal
AGATAACTTCAGGGCC-1,Normal
AGATACCAGCACTTCA-1,Normal
AGATACCGGTGTTCAC-1,Normal
AGATACGACTTCATAT-1,Tumor
AGATACTCAAGATCGA-1,Normal
AGATATAATACGACTA-1,Tumor
AGATCGTGCATAAGAT-1,Normal
AGATCTCAGGTGTGAT-1,Tumor
AGATGACTCGCCCACG-1,Normal
AGATGAGGGTTGCGAT-1,Normal
AGATGATGGAGTCTGG-1,Tumor
AGATTATAGGACGTTT-1,Normal
AGCAAAGGCCGCTAGT-1,Tumor
AGCAACATATCTTATT-1,Tumor
AGCACACGTTTAGACT-1,Normal
AGCACCAGTACTCACG-1,Normal
AGCACTACCTCACCAG-1,Normal
AGCACTTAAGGACGCC-1,Normal
AGCAGAAGGAGAAAGA-1,Tumor
AGCAGCCAGATGAATA-1,Normal
AGCAGTCGAAGCATGC-1,Normal
AGCATATCAATATGCT-1,Tumor
AGCATCGTCGATAATT-1,Normal
AGCATTACGAGGCAAG-1,Normal
AGCCAAGCTTTGTGTC-1,Tumor
AGCCACAGGTTACCCG-1,Normal
AGCCACTCCCGTGCTT-1,Tumor
AGCCATATAGTATGTG-1,Normal
AGCCCGCAACAAGCAG-1,Normal
AGCCCGGCATTAGAGG-1,Normal
AGCCCGGTAGCCTGTA-1,Normal
AGCCCTAAGCGAAGTT-1,Normal
AGCCCTCCCTGGTGGC-1,Normal
AGCCCTGTCGCACCGT-1,Tumor
AGCCCTTCTAATCCGA-1,Tumor
AGCCTTAAAGCGGAAG-1,Tumor
AGCGACAGGAACGGTC-1,Normal
AGCGACATCCCATTCA-1,Tumor
AGCGACCAACGATATT-1,Normal
AGCGACTTTGAAGACA-1,Normal
AGCGAGACGTGAAGGC-1,Normal
AGCGCATAATGAATCG-1,Tumor
AGCGCGGGTGCCAATG-1,Tumor
AGCGCTAGAGCGATGT-1,Tumor
AGCGCTTATGGGCAAG-1,Tumor
AGCGGACACTTCGTAG-1,Tumor
AGCGGGAAGGGTCCAT-1,Tumor
AGCGGGTCTGACACTC-1,Tumor
AGCGGTTGCCGCTCTG-1,Normal
AGCGTACGAGAGCTAG-1,Normal
AGCGTGGTATTCTACT-1,Normal
AGCTAACAAGCAATGT-1,Tumor
AGCTAAGCTCCGTCCG-1,Tumor
AGCTAAGTACGCAGGC-1,Normal
AGCTAGAAGCAGAAGT-1,Normal
AGCTATTTAATCCAAC-1,Normal
AGCTCCATATATGTTC-1,Tumor
AGCTCCTTCGCACATC-1,Tumor
AGCTCGTTGATGGAAA-1,Normal
AGCTCTAGACGTTCCA-1,Tumor
AGCTCTTCCCAGTGCA-1,Normal
AGCTCTTCGTAACCTT-1,Tumor
AGCTCTTTACTCAGTT-1,Normal
AGCTGAAGTAAACCAA-1,Normal
AGCTGTAACCTCAATC-1,Normal
AGCTTATAGAGACCTG-1,Normal
AGCTTCTTCTCGAGCA-1,Normal
AGGAAAGCCTCTGATG-1,Normal
AGGAAGCTGTCCGCCG-1,Tumor
AGGACAGTCGAATCCC-1,Normal
AGGACATCGCACGTCG-1,Tumor
AGGACGACCCATTAGA-1,Normal
AGGACGCTCGATGTTG-1,Normal
AGGAGACATCCACAGT-1,Normal
AGGAGAGTCTGGCTAC-1,Normal
AGGAGGCCTTCGCGCG-1,Tumor
AGGATAAAGTCGGGAT-1,Tumor
AGGATATAGGGATTTA-1,Tumor
AGGATATCCGACTGCA-1,Normal
AGGATTGCTTACGACA-1,Normal
AGGCAAAGAGGAATCA-1,Tumor
AGGCACGTGACTGTCC-1,Normal
AGGCAGATGCGTAAAC-1,Tumor
AGGCAGGGAGCGTACT-1,Tumor
AGGCATTGTCGTAGGG-1,Tumor
AGGCCACATTGGTTAC-1,Tumor
AGGCCACCCGTTATGA-1,Normal
AGGCCCAGTGACTGGT-1,Normal
AGGCCTATCATACCAA-1,Normal
AGGCCTGAGAATCTCG-1,Normal
AGGCGTCTATGGACGG-1,Tumor
AGGCTATGGTTAGCTT-1,Tumor
AGGCTTAAGTTGCACA-1,Tumor
AGGCTTCCCGAAGAAG-1,Normal
AGGCTTGCTAGACACC-1,Tumor
AGGGAAACGAGGTACT-1,Tumor
AGGGACAGCACGGCGG-1,Tumor
AGGGACCGGCTGCGTT-1,Tumor
AGGGACTCTACGCGAC-1,Tumor
AGGGAGACATACTTCG-1,Normal
AGGGCAGCGGCGTGGT-1,Normal
AGGGCGTGATCGGCTA-1,Tumor
AGGGCTGCAGTTACAG-1,Tumor
AGGGTCAGAGCACTCG-1,Tumor
AGGGTCAGTAACCCTA-1,Normal
AGGGTCGATGCGAACT-1,Tumor
AGGGTGCCGTTCTTTA-1,Normal
AGGGTGCTCTCGAGGG-1,Normal
AGGGTTCAGACGGTCC-1,Tumor
AGGGTTCCCTTTGGTT-1,Normal
AGGGTTTAGTTCGGGA-1,Tumor
AGGTAACCTCCTATTC-1,Tumor
AGGTACGATATTGCCA-1,Normal
AGGTAGATCGAGATAT-1,Tumor
AGGTAGGTACAAAGCT-1,Normal
AGGTATAATTGATAGT-1,Tumor
AGGTATGCGGACATTA-1,Tumor
AGGTCGCGGAGTTACT-1,Normal
AGGTGCACGTCCACAT-1,Normal
AGGTGGTGACCTTCGC-1,Tumor
AGGTTACACCATGCCG-1,Tumor
AGGTTGAGGCACGCTT-1,Tumor
AGGTTTCACACACCTT-1,Tumor
AGTAACGTTCATCCTG-1,Normal
AGTAACTATAGCAGCC-1,Normal
AGTAATCTAAGGGTGG-1,Normal
AGTAATGTCTTGCCGC-1,Normal
AGTACAGAAGCTTATA-1,Normal
AGTACATCATTTATCA-1,Normal
AGTACCTTCGAGTGCT-1,Normal
AGTACGGGCACCTGGC-1,Normal
AGTACGTGGCCTGTCT-1,Normal
AGTACTCTTATGCCCA-1,Normal
AGTAGAAGGCGCCTCA-1,Normal
AGTAGCGTGAACGAAC-1,Normal
AGTAGCTAGACGCCGA-1,Normal
AGTAGGAAGGAAGTTG-1,Normal
AGTAGGTAACATACAT-1,Normal
AGTATAATACTAGGCA-1,Normal
AGTATACACAGCGACA-1,Tumor
AGTATGCTGGAGACCA-1,Normal
AGTATTTGGCACGACC-1,Tumor
AGTCAAATGATGTGAT-1,Tumor
AGTCAACACCACCATC-1,Normal
AGTCAAGATGACACTT-1,Normal
AGTCACTAGCTCTCGA-1,Tumor
AGTCAGCCACCGCCTG-1,Tumor
AGTCCATTGGCTGATG-1,Tumor
AGTCCCGCCTTTAATT-1,Normal
AGTCCCTCGCAGAAAG-1,Normal
AGTCGACGGTCTCAAG-1,Normal
AGTCGGTTGCGTGAGA-1,Tumor
AGTCGTATAAAGCAGA-1,Tumor
AGTCGTCGACCACCAA-1,Normal
AGTCGTGGGCATTACG-1,Normal
AGTCTAAAGTATACTC-1,Normal
AGTCTCACAAGACTAC-1,Tumor
AGTCTGGACATCCTTG-1,Normal
AGTCTTCTCCTCAAAT-1,Normal
AGTCTTTAAAGTGTCC-1,Tumor
AGTGAACAAACTTCTC-1,Tumor
AGTGAAGATGGTGTCC-1,Normal
AGTGACCTACTTTACG-1,Normal
AGTGACTGTGACACAA-1,Normal
AGTGAGACTTCCAGTA-1,Tumor
AGTGAGCCTCGCCGCC-1,Normal
AGTGAGGGTTTCTGAC-1,Normal
AGTGAGTCGAATTAAC-1,Normal
AGTGATAACCTGCGCG-1,Tumor
AGTGATATGAGTAGTT-1,Normal
AGTGATTCAAGCAGGA-1,Normal
AGTGCACGCTTAAGAA-1,Tumor
AGTGCGTAGCTCGTAA-1,Tumor
AGTGCTAAACACAGCA-1,Normal
AGTGCTTGCACGAATA-1,Normal
AGTGGCGGCAATTTGA-1,Tumor
AGTGGCGTCTGAAGGT-1,Tumor
AGTGTATTGCGCATTG-1,Normal
AGTGTGGTCTATTGTG-1,Tumor
AGTTAAACACTTGCGA-1,Normal
AGTTAAGCGGTCCCGG-1,Normal
AGTTACCGCACATGGT-1,Normal
AGTTACTCTATCGTGG-1,Normal
AGTTATTGAAAGGTAA-1,Normal
AGTTCCTACAGAATTA-1,Normal
AGTTCCTATTTATGTT-1,Tumor
AGTTCTGCGTTGTATC-1,Normal
AGTTGACATCGGCTGG-1,Normal
AGTTGACGGTCCTTGC-1,Tumor
AGTTGCTGACTGATAT-1,Normal
AGTTGGCAAGGCTAGA-1,Normal
AGTTTATGTAAAGACA-1,Normal
AGTTTCGCAGGTCGGA-1,Normal
AGTTTGCACCTGCCTC-1,Normal
AGTTTGGCACGGGTTG-1,Tumor
ATAAACCATTGGACGG-1,Tumor
ATAAACGGACCCGTAA-1,Normal
ATAAACGTTGCACCAC-1,Tumor
ATAAAGGCTCGGTCGT-1,Tumor
ATAAAGGTCAAGTACG-1,Tumor
ATAACGCCGGAGGGTC-1,Tumor
ATAACGGAGTCCAACG-1,Normal
ATAACGTTACCTCCAC-1,Normal
ATAAGCAAACACCGAG-1,Normal
ATAAGGTGGAGAACAT-1,Normal
ATAAGTACCCGATTGT-1,Normal
ATAAGTAGGATTCAGA-1,Normal
ATAAGTAGGGCGACTC-1,Tumor
ATAAGTTACCGCGACG-1,Normal
ATAATACCGTTAGCCG-1,Normal
ATAATAGCTGTTGAAT-1,Normal
ATAATAGTGTAGGGAC-1,Tumor
ATAATCTTGGAGAACC-1,Tumor
ATAATTAGCTAAGTAG-1,Tumor
ATACAGGCCCTCCAAT-1,Normal
ATACCAGCAAATTGCT-1,Normal
ATACCAGGCTAATAGA-1,Normal
ATACCAGGTGAGCGAT-1,Tumor
ATACCGTCATCCATAA-1,Normal
ATACCTAACCAAGAAA-1,Tumor
ATACGAAGGCTTTCCA-1,Tumor
ATACGAGGTTTGTAAG-1,Normal
ATACGCCGATCTACCG-1,Normal
ATACGCCGGCGAAACC-1,Tumor
ATACGGGTTTCGATTG-1,Tumor
ATACGTACTTAGCCAC-1,Normal
ATACGTCCACTCCTGT-1,Normal
ATACGTTATGCACGGA-1,Tumor
ATACTACCCGTACCAC-1,Normal
ATACTAGCATGACCCT-1,Tumor
ATACTCTCGCCACTCT-1,Normal
ATACTGCCTTACACCG-1,Tumor
ATAGACAACGGGACCT-1,Tumor
ATAGACGAAGAGAAAG-1,Normal
ATAGAGTTATCAACTT-1,Tumor
ATAGATTTGCAGTCGG-1,Normal
ATAGCAACTAGGGAAG-1,Normal
ATAGCCTCAGTACCCA-1,Normal
ATAGGAATCTAAGCTT-1,Tumor
ATAGGCTAGCTTCGCA-1,Normal
ATAGGGATATCCTTGA-1,Tumor
ATAGGTTGGGCAGATG-1,Normal
ATAGTCTTTGACGTGC-1,Normal
ATAGTGAAGCGTTCTC-1,Tumor
ATAGTTCCACCCACTC-1,Normal
ATATAAAGCGCTCGTG-1,Tumor
ATATAAATGTAGCTGC-1,Normal
ATATAACACGGGCGCA-1,Normal
ATATCAACCTACAGAG-1,Tumor
ATATCGGTAGGGAGAT-1,Tumor
ATATCGTGCCAGACCC-1,Normal
ATATCGTTCCTCGAAC-1,Normal
ATATCTCCCTCGTTAA-1,Normal
ATATCTTAGGGCCTTC-1,Tumor
ATATGGGATAGCAACT-1,Normal
ATATGTCTAGAGCGTG-1,Normal
ATATGTCTCCCTAGCC-1,Normal
ATATGTGCACAAACCA-1,Normal
ATATTCAGTTAAACCT-1,Normal
ATATTCCACATAGTGA-1,Normal
ATATTCCCACAGGTCA-1,Normal
ATATTGCTGTCAAAGT-1,Tumor
ATATTTAACCCTCAAG-1,Normal
ATCAAACACTGTTCCA-1,Tumor
ATCAAACGAAGGTTTG-1,Normal
ATCAAAGAGCCGTGGT-1,Normal
ATCAAGATCCCAGGAC-1,Normal
ATCAATCTGGGCTGCA-1,Tumor
ATCACATTAGAATATC-1,Normal
ATCACGTGCTAATTAA-1,Normal
ATCACTTCATCCTCGC-1,Tumor
ATCAGACGGCACGCCG-1,Normal
ATCAGCCTCATGCTGC-1,Normal
ATCAGGTAGCTGACAG-1,Tumor
ATCAGGTCGCCATTGC-1,Tumor
ATCAGTAGGCAGGGAT-1,Tumor
ATCATAGATCGACGAG-1,Normal
ATCATAGCCCTATGTA-1,Normal
ATCATCCAATATTTGT-1,Tumor
ATCATGGACTACCGAC-1,Tumor
ATCCAACGCAGTCATA-1,Normal
ATCCACATCGACAGAA-1,Tumor
ATCCACGCTAAATGTT-1,Tumor
ATCCACTTTCAGACTA-1,Normal
ATCCAGAGCAACAACC-1,Normal
ATCCAGGATTCGTGAA-1,Normal
ATCCCATTTCCGTGGG-1,Normal
ATCCTACCTAAGCTCT-1,Normal
ATCCTGCGTGGAATGG-1,Normal
ATCCTGCTGCAGATAG-1,Tumor
ATCCTTCTGAAAGAAC-1,Tumor
ATCGACCCAATACAGA-1,Tumor
ATCGACTCTTTCCGTT-1,Normal
ATCGCACGATTGTTCA-1,Normal
ATCGCACGCCGGGAGA-1,Normal
ATCGCCAGTCAACATT-1,Tumor
ATCGCTGCGTGCAGCA-1,Normal
ATCGCTTTACGTCTCA-1,Normal
ATCGGAGACAGACGGC-1,Normal
ATCGGCAAGCAGTCCA-1,Normal
ATCGTCCAATCGAGTC-1,Normal
ATCGTTAGCTAGCGGA-1,Normal
ATCGTTCACTTTCGCC-1,Tumor
ATCTAATATCCTACGG-1,Tumor
ATCTACCATCTGCTCC-1,Normal
ATCTAGCTTGTGAGGG-1,Tumor
ATCTCCCACGGAATAT-1,Normal
ATCTCCCTGCAATCTA-1,Tumor
ATCTCGTGAGCGAAAC-1,Tumor
ATCTGACATGGAAGGA-1,Normal
ATCTGATAGTGTCTTA-1,Normal
ATCTGCACCTCTGCGA-1,Normal
ATCTGCTGTTATCGCC-1,Normal
ATCTGGGCTGTTCTTG-1,Tumor
ATCTGGTTAAGACTGT-1,Normal
ATCTGTAATTGTACCC-1,Normal
ATCTTATCGCACACCC-1,Normal
ATCTTGACCTGCAACG-1,Normal
ATCTTGACTTGTCCAA-1,Normal
ATCTTTCGTATAACCA-1,Normal
ATGAAGCCAAGGAGCC-1,Normal
ATGACGCCGGCTCTAA-1,Normal
ATGACGCGTTCTATCC-1,Normal
ATGACTATCAGCTGTG-1,Normal
ATGACTATGCGACATT-1,Normal
ATGAGGAGTGTTAATC-1,Normal
ATGAGGGCAGCGGCTA-1,Tumor
ATGATCGGGAATAGAC-1,Normal
ATGATGCAATGGTACA-1,Normal
ATGCATGATCCAGGAT-1,Normal
ATGCATTCCGTGATGG-1,Tumor
ATGCCAATCGCTCTGC-1,Tumor
ATGCCATTTGCGACCA-1,Tumor
ATGCCGGTCTTGCATA-1,Tumor
ATGCCGGTTGATGGGA-1,Normal
ATGCGACAATTGGTCC-1,Normal
ATGCGACAGTCCCATT-1,Tumor
ATGCGAGTCCCACCAC-1,Tumor
ATGCTCAGTGTTGCAT-1,Normal
ATGCTCTGGCGCGGTA-1,Tumor
ATGCTTAGGAGTTGAT-1,Normal
ATGGAACCTTTGCACA-1,Normal
ATGGACTGCTTAGTTG-1,Normal
ATGGAGCAGGCCGTGA-1,Tumor
ATGGATCCGGCGTCCG-1,Tumor
ATGGATTGACCAAACG-1,Normal
ATGGCGGAATAGTCGC-1,Tumor
ATGGCTGGAAATGGCC-1,Tumor
ATGGGAACGGAAGCGG-1,Tumor
ATGGGACCTGCTGAAC-1,Tumor
ATGGGCCTCGGCCTCT-1,Tumor
ATGGGTGTATACCTCC-1,Normal
ATGGTATTGGGAACCG-1,Normal
ATGGTCGCGTGGTTTC-1,Tumor
ATGGTGCTCAAAGCCA-1,Normal
ATGGTTACGAAACATG-1,Normal
ATGTAAGGCTGCTCTT-1,Tumor
ATGTACGATGACGTCG-1,Tumor
ATGTAGCGCGCGTAGG-1,Normal
ATGTCATAATAAACGA-1,Normal
ATGTCTTGTTTGACTC-1,Tumor
ATGTGCATCCGACGCA-1,Normal
ATGTGGACATCTTGAT-1,Normal
ATGTGTAGTTTAGTCA-1,Normal
ATGTTACGAGCAATAC-1,Tumor
ATGTTGATTAGAGACT-1,Normal
ATGTTGTAGTCTGTTT-1,Tumor
ATGTTTCGGCCCGGAG-1,Tumor
ATTAAACATGCGGACC-1,Tumor
ATTAATACTACGCGGG-1,Tumor
ATTAATGAACCAGTCG-1,Tumor
ATTAATTCGGTCACTC-1,Normal
ATTACAACTACCGGCC-1,Tumor
ATTACATGTCAGTCTT-1,Tumor
ATTACCACACTGCCTG-1,Tumor
ATTACGACTCCACAGT-1,Normal
ATTACTAGCCTCTTGC-1,Tumor
ATTACTTACTGGGCAT-1,Normal
ATTAGATTCCTCAGCA-1,Normal
ATTAGATTGATAGCGG-1,Normal
ATTAGGCGATGCTTTC-1,Tumor
ATTATACTTTGCTCGT-1,Tumor
ATTATAGCTACTTTAC-1,Normal
ATTATCGGAATGTACG-1,Normal
ATTATCTCGACAGATC-1,Normal
ATTATGCCATAGGGAG-1,Normal
ATTATTATGTCCGTCA-1,Normal
ATTATTCAGAGTCACT-1,Normal
ATTCAACCATTTAAGG-1,Normal
ATTCACTGATGTTGGA-1,Tumor
ATTCAGGACCTATTTC-1,Normal
ATTCAGTAGCAGGGTC-1,Tumor
ATTCATATACTGTCCA-1,Normal
ATTCATCGTTGAGGCA-1,Normal
ATTCCCACATAAACAA-1,Tumor
ATTCCTAAGACGTGGA-1,Normal
ATTCCTTCCAGGCGGT-1,Normal
ATTCGCAGAGGACACT-1,Normal
ATTCGCGCCTTGAGAG-1,Normal
ATTCGTGCTATCTCTT-1,Normal
ATTCTCGTCTCTTTAG-1,Tumor
ATTCTGAGTATGAACT-1,Normal
ATTCTTCGTACTTATG-1,Tumor
ATTGAAGATCTTAGTG-1,Normal
ATTGACCGGCGATGAC-1,Tumor
ATTGACGTAACTCGGT-1,Normal
ATTGATAGCAACGAGA-1,Normal
ATTGATGAGTCCTAAC-1,Normal
ATTGCCTATTAGACCG-1,Normal
ATTGCCTTTATGTTTG-1,Normal
ATTGCGATCAGTAACT-1,Tumor
ATTGCTGCTCCTCCAT-1,Normal
ATTGGATTACAGCGTA-1,Tumor
ATTGGGAATATCTTGG-1,Normal
ATTGGGAGTTCTGTAA-1,Normal
ATTGGTTGTGCATTAC-1,Normal
ATTGTACAACTCGGCT-1,Normal
ATTGTCGCAATACCTT-1,Normal
ATTGTCTGTTTCATGT-1,Normal
ATTGTGACTTCGCTGC-1,Normal
ATTTAACTCGTATTAC-1,Normal
ATTTACAGTTTACTGG-1,Tumor
ATTTACTAAGTCCATT-1,Normal
ATTTATACTGGTAAAG-1,Normal
ATTTCATTATTTCGCG-1,Normal
ATTTCCGGGTTCTGCG-1,Tumor
ATTTGCCTAGTTACGA-1,Normal
ATTTGCGCGAGTAGCT-1,Tumor
ATTTGTCTTGGGAGCT-1,Normal
ATTTGTTCCAGGGCTC-1,Tumor
CAAACCCTCCGGCGGG-1,Normal
CAAACGAGTATCGCAG-1,Normal
CAAACGGTCGCACTTT-1,Tumor
CAAACGTGGTCTTGCG-1,Normal
CAAACTACGATAGAGA-1,Tumor
CAAACTATTGAGCTTC-1,Tumor
CAAACTCGCGACGCCG-1,Normal
CAAAGATTATTGGGCC-1,Tumor
CAAAGGTCATCTGAAA-1,Tumor
CAAAGGTTAAATTCAG-1,Normal
CAAAGTCAGGTTAGCT-1,Normal
CAAATGCGGAGTGTTC-1,Normal
CAAATGTCCTTCCGTG-1,Normal
CAAATTGGATTATGCC-1,Normal
CAAATTGTCAGCAAGC-1,Normal
CAACACATCTCCTGCC-1,Normal
CAACAGTGCCAAACGG-1,Normal
CAACCTACCGAGCAGT-1,Normal
CAACCTGAACCTGCCA-1,Normal
CAACGACCCGTTTACA-1,Normal
CAACGCGATGAGCCAA-1,Tumor
CAACGGTTCTTGATAC-1,Tumor
CAACGTGGTGGAGTCT-1,Normal
CAACTATATCGAATGC-1,Normal
CAACTCCAACGTTTAG-1,Tumor
CAACTCCGTAACTTGC-1,Normal
CAACTCCTTGATCCCG-1,Tumor
CAACTGAGGGTATGAC-1,Normal
CAACTGCTCATCCGAT-1,Tumor
CAACTTGTAGTGGGCA-1,Tumor
CAAGAAACCCTAAACT-1,Normal
CAAGACTCAGAAGCGC-1,Normal
CAAGAGGGCGGAGTAC-1,Normal
CAAGATATTATAACGT-1,Tumor
CAAGCAACGTCGGAGT-1,Normal
CAAGCACCAAATGCCT-1,Tumor
CAAGCGGCACATAATT-1,Normal
CAAGGATCGCATGTTC-1,Tumor
CAAGGCCAGTGGTGCA-1,Normal
CAAGGTCCTATAGGCT-1,Tumor
CAAGTAAGTGATAGAC-1,Normal
CAAGTCGTTGAAATCT-1,Normal
CAAGTGAACTTTGGTT-1,Tumor
CAAGTGTGGTTGCAAA-1,Tumor
CAATAAACCTTGGCCC-1,Normal
CAATACGAGAGTCTGA-1,Tumor
CAATATGTAGATTTAC-1,Normal
CAATATTCTTGACCTA-1,Normal
CAATATTGGACTAGTG-1,Normal
CAATCCCTATACCAGC-1,Tumor
CAATCCTGCCGTGGAG-1,Tumor
CAATGACCCTTAATTT-1,Normal
CAATGAGGTTCGACTA-1,Normal
CAATGGAATCTACATA-1,Tumor
CAATGGATCTCTACCA-1,Normal
CAATGGTCGGCCTGGG-1,Tumor
CAATGTGCCAACCCTT-1,Tumor
CAATTAAGGGTGATGA-1,Normal
CAATTTCGTATAAGGG-1,Tumor
CACAAACCGCAGAACT-1,Normal
CACAAGAAAGATATTA-1,Normal
CACAATGAGCTGCTAT-1,Normal
CACACACGCTAACGAG-1,Tumor
CACACAGCTTGCGCTC-1,Tumor
CACACAGGGATAGATT-1,Tumor
CACACGCGCTGTCTTA-1,Normal
CACACGTTTCAATGGG-1,Tumor
CACACTTGTATTGCGA-1,Normal
CACAGCACCCACGGCA-1,Normal
CACAGCTAGGGAGTGA-1,Tumor
CACAGGGCCATATAGT-1,Normal
CACAGGGCCGTTGTCA-1,Tumor
CACAGTTCGCTTCCCA-1,Normal
CACATATTAGCAGGAT-1,Normal
CACATCGTGCACGCGC-1,Normal
CACATCTCACCGACGA-1,Normal
CACATGATTCAGCAAC-1,Tumor
CACATGTTTGGACATG-1,Normal
CACATTCTTTCGATGG-1,Normal
CACATTTCTTGTCAGA-1,Normal
CACCATCGGAGGAGAC-1,Normal
CACCATGATCGCAAAG-1,Normal
CACCCAAATCTTATGT-1,Tumor
CACCCACACGTCACCC-1,Tumor
CACCCACGAGGCAATT-1,Normal
CACCCGGTTTGTGACT-1,Normal
CACCCTAACAAGATCT-1,Tumor
CACCCTTTCCTCGCTC-1,Normal
CACCGATACACCGAGC-1,Tumor
CACCGCCAGAAGGTTT-1,Normal
CACCGCCGACCAGCGA-1,Normal
CACCGCGTCCACTCTA-1,Tumor
CACCGGAGATATCTCC-1,Tumor
CACCGTATCCCATCCG-1,Tumor
CACCGTTAGGGATCAC-1,Normal
CACCTAATAGAGTCGT-1,Tumor
CACCTAATCAGTTTAC-1,Tumor
CACCTCGATGGTGGAC-1,Tumor
CACCTTGCGAAACTCG-1,Tumor
CACCTTGGCGCCTTTG-1,Tumor
CACGAAAGTTAGTCCC-1,Normal
CACGACGTAATAGTAA-1,Tumor
CACGACTAAAGTTCTG-1,Tumor
CACGAGCAAACCAGAC-1,Normal
CACGATTGGTCGTTAA-1,Normal
CACGCACAGCGCAGCT-1,Tumor
CACGCAGCGAGGCTTT-1,Normal
CACGCGGAACTGTTGC-1,Tumor
CACGGACGTGGATGGC-1,Normal
CACGGCGCGCCAAAGG-1,Normal
CACGTCGGCAACCTCT-1,Tumor
CACGTCTATGATGTGG-1,Tumor
CACGTTCGTGCTCTAG-1,Tumor
CACGTTTCGTACACAC-1,Normal
CACTAAAGTTGCCTAT-1,Tumor
CACTACGGGAGCTGCC-1,Normal
CACTACTCAGTTCTGT-1,Normal
CACTCAAGAGCTATGG-1,Tumor
CACTCAGCTCTTGAGG-1,Normal
CACTCCTATGTAAGAT-1,Tumor
CACTCCTCTCGGTCGG-1,Normal
CACTCGAGCTGAACAA-1,Normal
CACTCTCAAGCATCGA-1,Normal
CACTCTTCTGCTAGCC-1,Normal
CACTGACGATTGTGGA-1,Normal
CACTGTCCAAGTGAGA-1,Tumor
CACTTAATCAGACGGA-1,Normal
CACTTCGCCACAGGCT-1,Normal
CACTTCGTCTTATCTC-1,Normal
CAGAACTTAGCCCTCT-1,Tumor
CAGAATAACACACGGA-1,Tumor
CAGAATATTCGTTATC-1,Tumor
CAGACACCGATCGCTG-1,Tumor
CAGACCTGTAAGTGTT-1,Tumor
CAGACGAACCTGATAC-1,Normal
CAGAGACGGTCACCCA-1,Normal
CAGAGCATGAGCTTGC-1,Normal
CAGAGGCGATGCATGA-1,Tumor
CAGAGTGATTTAACGT-1,Normal
CAGATAATGGGCGGGT-1,Normal
CAGATATGAAGATGAC-1,Normal
CAGATCATTTAAAGTC-1,Normal
CAGCAGCCCGTTCCTT-1,Normal
CAGCAGTCCAGACTAT-1,Tumor
CAGCAGTCTGTGCTGC-1,Tumor
CAGCCCTCACAGGCAG-1,Normal
CAGCCGGGCCCTCTAT-1,Tumor
CAGCCTCCTGCAGAGG-1,Tumor
CAGCCTCTCCTCAAGA-1,Normal
CAGCGATTCCCTTCAA-1,Normal
CAGCTCACTGAGACAT-1,Tumor
CAGCTCGACAAGTTAA-1,Normal
CAGCTCTGGGCTCACT-1,Tumor
CAGGAAGACTTTATAT-1,Tumor
CAGGACAGCTGCCCTT-1,Tumor
CAGGATATATCGTTGT-1,Normal
CAGGATCCGCCCGACC-1,Normal
CAGGCAGTCTTACCAG-1,Normal
CAGGCCGTTTGGGTGT-1,Normal
CAGGCGCACGGTGGTC-1,Tumor
CAGGCGCCATGCTAGG-1,Normal
CAGGGAGATAGGCCAG-1,Normal
CAGGTTTAGTACTACA-1,Normal
CAGTAACTATTTATTG-1,Normal
CAGTAATCCCTCCCAG-1,Tumor
CAGTACATTCTCTAAA-1,Normal
CAGTAGCCCACGCGGT-1,Tumor
CAGTCCAACGCCTTCT-1,Normal
CAGTCGAGGATGCAAT-1,Normal
CAGTCTCTCGGCTAAT-1,Normal
CAGTCTGTATACTGGG-1,Tumor
CAGTGAATAAATGACT-1,Normal
CAGTGGTTGCACATGA-1,Tumor
CAGTGTCCGCAGAATG-1,Tumor
CAGTGTCGGCTGGCCC-1,Normal
CAGTTCAAATTGACAC-1,Normal
CAGTTCCGCGGGTCGA-1,Tumor
CAGTTCGAGGACCCGA-1,Normal
CATAACGGACAGTCGT-1,Tumor
CATAAGAAGCTTGGCT-1,Normal
CATAATGAGCGGGCGA-1,Tumor
CATACAAAGCCGAACC-1,Tumor
CATACACGGTTCCCAC-1,Tumor
CATACGAACTAGCTGG-1,Normal
CATACGGCGTCTGGGC-1,Normal
CATACGGGTGCATGAT-1,Normal
CATACTATGTAATTGT-1,Normal
CATACTTAGGCAATAC-1,Tumor
CATACTTCTTTCTCCG-1,Normal
CATAGAGGAGATACTA-1,Normal
CATAGCCGCCCGGGAT-1,Tumor
CATAGCGTTGCCCACC-1,Normal
CATAGGGACACTTGTG-1,Normal
CATAGTACATTGAGAG-1,Normal
CATAGTAGCATAGTAG-1,Tumor
CATAGTCAAATACATA-1,Normal
CATAGTCCACAAGAAC-1,Normal
CATATACTACTGATAA-1,Normal
CATATAGGTACAGTCA-1,Tumor
CATATTATTTGCCCTA-1,Tumor
CATCAAACTGGCGCCC-1,Normal
CATCATCTACCCGGAC-1,Normal
CATCATTACCCTGAGG-1,Tumor
CATCCCGAGATTCATA-1,Normal
CATCCGCAGGCCCGAA-1,Normal
CATCCTCTCAAAGATC-1,Normal
CATCGAATGGATCTCT-1,Normal
CATCGGACGGGTTAAT-1,Tumor
CATCTACCCGAGAACG-1,Normal
CATCTAGTGAAGGGAA-1,Tumor
CATCTATCCCGTGTCT-1,Normal
CATCTTACACCACCTC-1,Tumor
CATGAACCGACATTTG-1,Tumor
CATGAACCTCTTATCA-1,Normal
CATGACTTCGCTGAAT-1,Tumor
CATGAGATGCACTCTC-1,Tumor
CATGAGTCCATCACGG-1,Tumor
CATGATACGGTGAAAC-1,Tumor
CATGATGCACAATTCT-1,Tumor
CATGATGGAAGTTAGC-1,Tumor
CATGCACATGAGAGGC-1,Tumor
CATGCACGTGTTACTG-1,Normal
CATGCATGGAGACCCT-1,Normal
CATGCGACCAGTTTAA-1,Normal
CATGCGTTAGACAGAA-1,Normal
CATGCGTTGAGAGGAG-1,Normal
CATGCTGGCTCCAATT-1,Normal
CATGGAAATGGGACCA-1,Tumor
CATGGATTGTCTTCCG-1,Tumor
CATGGCAGGAAGATCG-1,Normal
CATGGGTATGCCTTAT-1,Tumor
CATGGGTCGGGTGTGG-1,Normal
CATGGTAAGTAGCGTT-1,Normal
CATGGTCTAGATACCG-1,Normal
CATGGTTTATTAATCA-1,Normal
CATGTAAGAGACATTT-1,Normal
CATGTAGGAGCGCCAA-1,Normal
CATGTCTCATTTATGG-1,Normal
CATTACATAGATTGTG-1,Normal
CATTACGCAGGAAGGG-1,Normal
CATTACGTCGGCCCGT-1,Tumor
CATTATAACAGGGTCC-1,Normal
CATTATCCCATTAACG-1,Tumor
CATTATGCTTGTTGTG-1,Normal
CATTCACTGACAGCTA-1,Normal
CATTCCCATTCCGTCG-1,Normal
CATTCCCTAAGTACAA-1,Normal
CATTGATGAACACGCC-1,Normal
CATTGCGGGTCAATTC-1,Normal
CATTGTGTGCTAGATC-1,Normal
CATTTAGCGGACCATG-1,Tumor
CATTTATCGTTCAAGA-1,Normal
CATTTCTAGCAGACTA-1,Tumor
CATTTGAGTGGTACGT-1,Tumor
CCAAACAGAACCCTCG-1,Normal
CCAAAGTCCCGCTAAC-1,Normal
CCAAATAACAAGATTC-1,Normal
CCAAATCAAAGGGCAA-1,Tumor
CCAACCTTATGTAACT-1,Tumor
CCAACGATGCACTGAT-1,Tumor
CCAACGCTTGCCAGGG-1,Tumor
CCAACTTGATAGATCC-1,Tumor
CCAAGAAAGTGGGCGA-1,Normal
CCAAGACTTCTGCGAA-1,Tumor
CCAAGCGTAACTCGTA-1,Tumor
CCAAGGAACAGAGAGG-1,Tumor
CCAAGGTTGCCCTTTC-1,Normal
CCAATAGTGCCGTCGA-1,Normal
CCAATCGGTAGATCGA-1,Normal
CCAATGTCACAGCAAG-1,Normal
CCAATTACGGGTCGAG-1,Tumor
CCACAATGTACGTCTT-1,Normal
CCACACTGAGATATTA-1,Normal
CCACAGCTGAAATCAT-1,Normal
CCACAGTACCCATCCT-1,Normal
CCACATACTGCACCCA-1,Normal
CCACCAACTTTACTGT-1,Normal
CCACCCAAGGAAAGTG-1,Tumor
CCACGAATTTAACCTC-1,Tumor
CCACGAGAAGAGAATC-1,Normal
CCACGGCAGGTGTAGG-1,Tumor
CCACGGTGCCCGGTAG-1,Tumor
CCACGTAAATTAGACT-1,Normal
CCACTATCCGGGTCAC-1,Normal
CCACTCAGATCCGCAA-1,Normal
CCACTGTTTGGATTAA-1,Normal
CCAGAAACTGATGCGA-1,Normal
CCAGAAAGCAACTCAT-1,Normal
CCAGAGACAAAGCCGG-1,Tumor
CCAGATAGTTGAGTGA-1,Normal
CCAGATGTAAATGGGT-1,Normal
CCAGCCTGGACCAATA-1,Tumor
CCAGCGGGATCACCAG-1,Normal
CCAGCTACGCCTCATA-1,Tumor
CCAGCTCGAACGCATT-1,Tumor
CCAGGGACGTGGCCTC-1,Normal
CCAGTAGTCTGATCCA-1,Tumor
CCAGTCCATTATTCGA-1,Normal
CCAGTCTAGACGGCGC-1,Tumor
CCAGTCTTGTCATAGA-1,Tumor
CCATAAACAACCCGAC-1,Normal
CCATACCTTTACTTGT-1,Normal
CCATAGGTTGGCGTGG-1,Tumor
CCATAGTCAGTAACCC-1,Normal
CCATATGGAAACTATA-1,Tumor
CCATATTGGATCATGA-1,Normal
CCATCCATACCAAGTC-1,Tumor
CCATCGCAGTTAAACT-1,Normal
CCATCTCACCAGTGAA-1,Tumor
CCATCTTGTTCACAAT-1,Normal
CCATGCCCTAGATTTC-1,Tumor
CCATGCCTGTTTAGTA-1,Tumor
CCATGGCAAACGCTCA-1,Normal
CCATGTTCATCTATAT-1,Normal
CCATTAGCGATAATCC-1,Normal
CCATTCCCTGCCCACA-1,Normal
CCATTGTTTCCTCCAT-1,Normal
CCATTTCTACCTATTA-1,Normal
CCCAAACATGCTGCTC-1,Normal
CCCAACCACACTAACA-1,Normal
CCCAAGAATGCACGGT-1,Normal
CCCAAGACAGAGTATG-1,Normal
CCCAAGTCATTACACT-1,Normal
CCCAATGAGATTTGCA-1,Normal
CCCAGAGGAGGGCGTA-1,Normal
CCCAGATTCCCGTGAC-1,Tumor
CCCAGGAAGAATTCGA-1,Normal
CCCAGGTCTGAAGGCT-1,Tumor
CCCAGTTAAGGCGCCG-1,Normal
CCCGACCATAGTCCGC-1,Tumor
CCCGAGTTTCTCCGTA-1,Tumor
CCCGATAGCCTCGCCT-1,Tumor
CCCGCAAATAATCATC-1,Normal
CCCGCAGCGCGAACTA-1,Normal
CCCGCAGGGCCCAAAG-1,Normal
CCCGCCATGCTCCCGT-1,Tumor
CCCGCGCAATGCACCC-1,Tumor
CCCGCTTGCCCTCGTC-1,Tumor
CCCGGGTCGTTCAGGG-1,Tumor
CCCGGTGGAAGAACCT-1,Tumor
CCCGTAGCTGGGAAGA-1,Normal
CCCGTCAGCGTCTGAC-1,Normal
CCCGTTTCGCAGATGT-1,Tumor
CCCTACCCACACCCAG-1,Normal
CCCTACTTGAACAATG-1,Normal
CCCTAGCTCTAAGGTC-1,Normal
CCCTCAGATCGAGAAC-1,Tumor
CCCTCATCACAGAGTA-1,Normal
CCCTCATTCTGGAATT-1,Tumor
CCCTCCTCGCTCGTAT-1,Tumor
CCCTCGATAATACACA-1,Tumor
CCCTCGGGAGCCTTGT-1,Normal
CCCTGAAATGAGTTGA-1,Tumor
CCCTGATGTAACTCGT-1,Normal
CCCTGGGAGGGATCCT-1,Tumor
CCCTGGTATGGGCGGC-1,Normal
CCCTTCTCGTACGCGA-1,Normal
CCCTTTGACAGGTCTT-1,Normal
CCGAAAGTGGTGAGCA-1,Tumor
CCGAACCTTCCCGGCC-1,Normal
CCGAAGGGCGTACCGC-1,Normal
CCGAAGTATATTGTTC-1,Tumor
CCGACAAACACATGAG-1,Normal
CCGACAATAGGCCGCC-1,Normal
CCGACGGGCATGAGGT-1,Normal
CCGACGTAAACACAAC-1,Normal
CCGACTCGCATAGTCT-1,Normal
CCGAGAAGTCGCATAA-1,Normal
CCGAGCTGTGCTTGTC-1,Tumor
CCGAGGGATGTTAGGC-1,Normal
CCGATCTCAACCTTAT-1,Normal
CCGATCTTAAGAGGCT-1,Normal
CCGCACAAAGACCAAC-1,Tumor
CCGCACACGAACGTGT-1,Tumor
CCGCACGTGACCTCGG-1,Tumor
CCGCACTTGCAATGAC-1,Normal
CCGCATGTGGTACGAT-1,Tumor
CCGCCACCACAATCCA-1,Normal
CCGCCGGTCAACACAC-1,Normal
CCGCCGTTGAGGATAA-1,Tumor
CCGCCTGCGAATTGGT-1,Normal
CCGCGGAATGCGTCAC-1,Normal
CCGCTATCAGCACCAG-1,Normal
CCGCTCCAGGGCGATC-1,Normal
CCGCTCTTCCGAACTA-1,Normal
CCGCTGGTGCCATTCA-1,Normal
CCGCTTACCTCACTCT-1,Normal
CCGCTTCGCGGTTAAC-1,Normal
CCGCTTGCTGACATGG-1,Normal
CCGGAAGTTATCAGTC-1,Tumor
CCGGAATGGTTTCAGT-1,Normal
CCGGAGCGTACTTTCT-1,Tumor
CCGGAGGTCTTATGGT-1,Normal
CCGGCACGACCGTTTC-1,Tumor
CCGGCGCATATTGGAT-1,Normal
CCGGGACCCGCAGAGA-1,Normal
CCGGGCGGTCTCGTCA-1,Tumor
CCGGGCTAAGAATTTC-1,Normal
CCGGGCTGCTCCATAC-1,Normal
CCGGTAATGGCTAGTC-1,Tumor
CCGGTTTGTAATTGTG-1,Normal
CCGTAAGTTGGTCCCA-1,Tumor
CCGTACCCAAGCGCCA-1,Tumor
CCGTAGGAAATCCCTG-1,Tumor
CCGTAGGGTTGTTTAC-1,Normal
CCGTATCTCGTCGTAG-1,Normal
CCGTATTAGCGCAGTT-1,Tumor
CCGTGAGGCATTCATG-1,Normal
CCGTGCCCATGACGGC-1,Normal
CCGTGGAACGATCCAA-1,Normal
CCGTGTTAAATTCCAT-1,Normal
CCGTTACGTTAGAACA-1,Normal
CCGTTTCCTTTCCGTG-1,Normal
CCTAAACAGGGTCCGT-1,Normal
CCTAAAGGCTGACGCT-1,Normal
CCTAAATTAACGGTTC-1,Normal
CCTAAATTGTATCCTA-1,Normal
CCTAACCCAAACAAGT-1,Normal
CCTAACTAAGGCTCTA-1,Normal
CCTACAAGTCCGGAAT-1,Normal
CCTACATTCACAGACG-1,Tumor
CCTACGCGACCTTACA-1,Normal
CCTACGGCTCAGTCGA-1,Tumor
CCTACTGCGGCGGCCA-1,Tumor
CCTACTGCTTACACTT-1,Normal
CCTAGGCGTAGCGATC-1,Normal
CCTAGTTAGTCGCATG-1,Normal
CCTATAATGAGTGCCC-1,Tumor
CCTATACCGTCCTGTC-1,Tumor
CCTATATTTGTCCTGG-1,Tumor
CCTATCTATATCGGAA-1,Tumor
CCTATGAAGTGGTGCC-1,Tumor
CCTATGGGTTACCGTC-1,Normal
CCTATGGTCAAAGCTG-1,Normal
CCTATGTCCACTCCAC-1,Normal
CCTCACCAATCTTGAC-1,Tumor
CCTCACCTGAGGGAGC-1,Normal
CCTCACCTTAGCATCG-1,Normal
CCTCATGCAGCTACGA-1,Tumor
CCTCCCGACAATCCCT-1,Normal
CCTCCGACAATTCAAG-1,Normal
CCTCCTGTTGTGTCGT-1,Normal
CCTCGAAGTGGACGGG-1,Tumor
CCTCGACCCACTGCCT-1,Normal
CCTCGCCAGCAAATTA-1,Tumor
CCTCGCGCGATATAGG-1,Normal
CCTCGCGCTGTGCGAT-1,Normal
CCTCGGACCGGGATAG-1,Normal
CCTCGGTTTCCTTGCC-1,Tumor
CCTCGTTACGCCTGTT-1,Normal
CCTCTAATCTGCCAAG-1,Tumor
CCTCTACAAGGATTGG-1,Normal
CCTCTCTCCCATCTAG-1,Normal
CCTCTGGCCTAGACGG-1,Normal
CCTCTGTACTATTCTA-1,Tumor
CCTGAACGATATATTC-1,Normal
CCTGAATATTTACATA-1,Tumor
CCTGACCACCGATGGT-1,Normal
CCTGACGCAACCTTTA-1,Tumor
CCTGAGAATAAATGCA-1,Tumor
CCTGCTATTTGAGAAG-1,Normal
CCTGGAAACGTTCTGC-1,Tumor
CCTGGCTAGACCCGCC-1,Normal
CCTGGTCGAATGTGGG-1,Tumor
CCTGTAAGACATGATA-1,Normal
CCTGTCACCCGGGCTC-1,Normal
CCTGTCCCTCACGTTA-1,Tumor
CCTGTCGCCCGTAAAT-1,Tumor
CCTGTGCATAGGAGAC-1,Normal
CCTGTTCAACCTCGGG-1,Normal
CCTGTTTGAAGACACG-1,Tumor
CCTTCAGTTAAAGTGA-1,Normal
CCTTCGTATAGAATCC-1,Normal
CCTTCTTGATCCAGTG-1,Tumor
CCTTGACCACTTTATT-1,Tumor
CCTTGTGAACGTGGTT-1,Normal
CCTTTAAGGGAGCACT-1,Tumor
CCTTTCAATGAAGAAA-1,Tumor
CGAAACATAGATGGCA-1,Normal
CGAACAGTATGGGCGT-1,Tumor
CGAACATAGTCAGAAA-1,Normal
CGAACCCGCATGCGTC-1,Tumor
CGAACCTCTTTCCTAG-1,Tumor
CGAACGCCCAGTGCCG-1,Normal
CGAAGACTGCCCGGGA-1,Normal
CGAAGATCAGTTTCAT-1,Tumor
CGAAGCTATAAATTCA-1,Tumor
CGAAGTTGCTCTGTGT-1,Normal
CGAATGACGCATAATG-1,Tumor
CGAATGGTAGGTCGTC-1,Tumor
CGACAATTTGATCTAA-1,Tumor
CGACACCGCTTAAGGA-1,Normal
CGACACGCTCCGACAG-1,Normal
CGACACGGATGCCCAC-1,Normal
CGACAGTTCGCGTTAT-1,Normal
CGACATGCGATCTTCT-1,Normal
CGACCGTTGGTATTCG-1,Tumor
CGACTCAGGATGTTAT-1,Tumor
CGACTCGGTACACGGT-1,Normal
CGACTTGCCGGGAAAT-1,Normal
CGACTTTGTATAGCCT-1,Tumor
CGAGACCCTAGAGTGT-1,Tumor
CGAGAGATGTGAACCT-1,Normal
CGAGAGCTTTCACTAC-1,Normal
CGAGAGGGTAGCCGCG-1,Tumor
CGAGATGTTGCCTATA-1,Normal
CGAGATTTCGCTCGGG-1,Tumor
CGAGCACTTCAAGTTT-1,Tumor
CGAGCGTTGATCAGCC-1,Normal
CGAGCTGGGCTTTAGG-1,Tumor
CGAGGAGCTTCCATAT-1,Normal
CGAGGATCGGGAACGA-1,Normal
CGAGGCCAGGCATTGG-1,Tumor
CGAGGCTAAATATGGC-1,Normal
CGAGGGACTGCGGTCG-1,Tumor
CGAGGGTATCCAGGTG-1,Tumor
CGAGTACTAAAGAGGA-1,Normal
CGAGTGAAGGTACCAG-1,Tumor
CGAGTGCTATAGTTCG-1,Tumor
CGAGTTCTGTCCCACC-1,Normal
CGAGTTTATCGGACTG-1,Tumor
CGATAACCAATTTGAG-1,Normal
CGATAATACTCAGGTT-1,Tumor
CGATACCTCGCGGACA-1,Normal
CGATAGTCGTACTGCA-1,Normal
CGATATTAGCCGCAGG-1,Normal
CGATCATTAGAGGCAC-1,Normal
CGATCCACCATTGTTG-1,Normal
CGATCCGACCCAGTGC-1,Normal
CGATCCTCGCAACATA-1,Tumor
CGATCGAGAAGCACCA-1,Normal
CGATGGACCCTACGCC-1,Normal
CGATTAAATATCTCCT-1,Tumor
CGATTCGCCTGGCTGC-1,Normal
CGATTTGTCATTAATG-1,Tumor
CGCAAACACGAGTTAC-1,Normal
CGCAATTACTTTCGGT-1,Normal
CGCAATTAGGGTAATA-1,Normal
CGCAATTCTACAATAA-1,Tumor
CGCACATGTCCACTAC-1,Normal
CGCACGTCTGTTTATG-1,Tumor
CGCACGTGCGCTATCA-1,Tumor
CGCAGAAACATTTGCG-1,Normal
CGCAGATCTTCACCCG-1,Normal
CGCAGGCGATCCAAAC-1,Tumor
CGCATCATGGCTTCAG-1,Tumor
CGCATCCATCAGCCAG-1,Normal
CGCATGCCGAATGCGT-1,Normal
CGCATGGTGCGATGCT-1,Tumor
CGCATTAGCTAATAGG-1,Normal
CGCCACCCGCATTAAC-1,Normal
CGCCATCCGATTATGA-1,Tumor
CGCCCAGCACGCCTAG-1,Tumor
CGCCCAGCGTTTCACG-1,Normal
CGCCCGCTTCCGTACA-1,Normal
CGCCCTTGAAGGCTGA-1,Tumor
CGCCGCCCATGCCTGT-1,Normal
CGCCGCGTTCTGAACG-1,Normal
CGCCGGTGTCGCAGTA-1,Normal
CGCCGTCTACCCATCG-1,Normal
CGCCGTTCAGCATAGT-1,Normal
CGCCTCCCTCCTCTAT-1,Normal
CGCCTTTAGCATGCTC-1,Tumor
CGCGAAGTGGCATACT-1,Normal
CGCGACCGCGACAGAT-1,Tumor
CGCGAGAGGGACTTGT-1,Normal
CGCGCATGTTTGATTG-1,Normal
CGCGCCCGACTTAATA-1,Tumor
CGCGGCAGTATTACGG-1,Normal
CGCGGCTCAACTTGAA-1,Tumor
CGCGGGAATTAGGCAG-1,Normal
CGCGGTAAGTCTAGCT-1,Normal
CGCGGTCACAAACCAA-1,Tumor
CGCGTACATTCTGGAA-1,Normal
CGCGTCATATTAAACC-1,Normal
CGCGTTCATGAAATAC-1,Normal
CGCTACCGCCCTATGA-1,Tumor
CGCTACGGGACATTTA-1,Normal
CGCTAGAGACCGCTGC-1,Normal
CGCTATACCGCCCACT-1,Tumor
CGCTATTCAATGTATG-1,Tumor
CGCTATTCTTAGGCTC-1,Tumor
CGCTCTCCGTAGATTA-1,Normal
CGCTGAGGACGTCCAA-1,Tumor
CGCTGGTGACTACCCT-1,Tumor
CGCTGTGTGGATGTTG-1,Normal
CGCTTAGTATTGATAC-1,Normal
CGCTTCCACTGAAATC-1,Tumor
CGCTTCGGTCTAAGAC-1,Normal
CGCTTTCATACCGGTG-1,Normal
CGCTTTCCGCCAAGGT-1,Normal
CGCTTTCTTGCATTCG-1,Normal
CGGAAAGAATCAAACG-1,Tumor
CGGAAATTTCACATCC-1,Tumor
CGGAACGTAAACATAG-1,Normal
CGGACCTCTGTAGTTA-1,Normal
CGGACCTTTACGTCCC-1,Normal
CGGAGCAATTTAATCG-1,Tumor
CGGAGCATGGCGATCC-1,Tumor
CGGAGCTTATAACACC-1,Tumor
CGGAGTTTGAGAGACA-1,Tumor
CGGATAAGCGGACATG-1,Tumor
CGGATCCTCAAGGACT-1,Tumor
CGGATGAATGCTGTGA-1,Tumor
CGGATTCTGCCTTATG-1,Tumor
CGGCAAACATCGTGCG-1,Normal
CGGCAATAAGATCGCC-1,Tumor
CGGCACCGTTAGCGCC-1,Tumor
CGGCACTCAAGAAAGT-1,Tumor
CGGCAGGGTCGGGTTG-1,Normal
CGGCCACGCACAAAGT-1,Tumor
CGGCCAGAGCGACCAT-1,Normal
CGGCCCAACCTGTAGT-1,Normal
CGGCCCAGGTATATCC-1,Tumor
CGGCGCCATCAATCCC-1,Tumor
CGGCTCTAAAGCTGCA-1,Tumor
CGGCTCTTCGTCGAAC-1,Normal
CGGCTGCAAGATTAAG-1,Normal
CGGCTTTGTATGATAA-1,Normal
CGGGAATATAGTATAC-1,Tumor
CGGGAATTTATGTAAA-1,Normal
CGGGAGCTTCAGTGTA-1,Normal
CGGGAGTATACCGCCG-1,Normal
CGGGATCAATGTAAGA-1,Normal
CGGGCAGCTAAACCGC-1,Tumor
CGGGCCATAGCCGCAC-1,Normal
CGGGCCTTCTTTGTAA-1,Tumor
CGGGCGATGGATCACG-1,Normal
CGGGCTACTTAAATTG-1,Normal
CGGGTGTACCCATTTA-1,Normal
CGGGTTCGGCACGTAT-1,Tumor
CGGGTTTGTTAGGGCT-1,Normal
CGGTACTAGAATCAAA-1,Normal
CGGTAGAGGTGCAGGT-1,Normal
CGGTATAGGTATTAGC-1,Normal
CGGTATGGGCACTCTG-1,Normal
CGGTCAAGTGGGAACC-1,Normal
CGGTCCATGAGACTCC-1,Normal
CGGTCCGTCGCAAGCC-1,Tumor
CGGTCTATCAACCCGT-1,Normal
CGGTGCGCGTTGGTCC-1,Normal
CGGTGGGCTCCAGCCT-1,Normal
CGGTGTACTTGATCCC-1,Tumor
CGGTTATCCAACAGTG-1,Tumor
CGGTTCAAGTAGGTGT-1,Normal
CGGTTCCGGCTTCTTG-1,Tumor
CGGTTGAGTATCCTTC-1,Normal
CGGTTGGGCAGGGTCC-1,Normal
CGGTTGGGTTCAAGTT-1,Tumor
CGGTTTATGAAGGAAC-1,Normal
CGTAAACGCTTGAGTG-1,Normal
CGTAAAGCAAGAAATC-1,Tumor
CGTAAATAACAAAGGG-1,Normal
CGTAACTTCGACACTT-1,Normal
CGTACCGAAAGTCTAG-1,Normal
CGTACCTGATAGGCCT-1,Tumor
CGTAGAGAGTAATTAT-1,Normal
CGTAGCGAATTGTCAG-1,Normal
CGTAGCGCCGACGTTG-1,Tumor
CGTATTAAGAGATCTA-1,Normal
CGTATTGTTTCCTAAT-1,Normal
CGTCAAATGGTCGCAG-1,Tumor
CGTCACGTCCATTGGT-1,Normal
CGTCAGTGCGCACAAG-1,Normal
CGTCAGTTTATCGTCT-1,Normal
CGTCATACCATATCCA-1,Tumor
CGTCCTCATCGCGTGC-1,Normal
CGTCGCATGTGAGCCA-1,Tumor
CGTCGCGGCGGGATTT-1,Normal
CGTCGGATAGTGTTGA-1,Normal
CGTCGTCCTTCGCGAA-1,Normal
CGTCTCTCGCCGAGGC-1,Normal
CGTCTGGAAGGGCCCG-1,Normal
CGTCTTGAGTGTGACG-1,Tumor
CGTGAAGTTAATTCAC-1,Tumor
CGTGACATTGGGTCGT-1,Normal
CGTGACCAGTCCTCTG-1,Tumor
CGTGCAGACTGGGACA-1,Tumor
CGTGCCCGACATTTGT-1,Normal
CGTGCCCTCCCGAAGA-1,Normal
CGTGCTGGCCTAGTCG-1,Normal
CGTGGAAGCCTCGTAC-1,Tumor
CGTGGCCGAATATCTA-1,Tumor
CGTGGTACCCAAAGGC-1,Tumor
CGTGTATGGGAGCTGA-1,Normal
CGTGTCCCATTCGCGA-1,Normal
CGTGTCTCGTTACGAC-1,Tumor
CGTGTGTTAAACCCTG-1,Normal
CGTTAAACTAGTTAGG-1,Tumor
CGTTAATGTCCCGACG-1,Tumor
CGTTAGCTCACAACTG-1,Normal
CGTTCAAGGAAACGGA-1,Tumor
CGTTCAGACCCGCGAA-1,Tumor
CGTTCTTCGCACACCT-1,Tumor
CGTTGAATACCGCGCT-1,Normal
CGTTGAGCGACCGTCG-1,Normal
CGTTGAGTAATTGCGT-1,Normal
CGTTGCCCGCGTGGGA-1,Tumor
CGTTGTAAACGTCAGG-1,Normal
CGTTGTAAGATTGATT-1,Normal
CGTTGTCGGCAATTGA-1,Tumor
CGTTGTTTCAATTCCC-1,Normal
CGTTTAAGCGGAGCAC-1,Normal
CGTTTACAAGGCAGCT-1,Normal
CGTTTCACTTCGGGCG-1,Normal
CGTTTCGCTCATTACA-1,Tumor
CGTTTGTGTAGAGGGT-1,Normal
CTAAACGGGTGTAATC-1,Tumor
CTAAAGAATGCCTACT-1,Normal
CTAAAGGATGAGATAC-1,Normal
CTAAAGGGAAATAGGA-1,Tumor
CTAAATCCGGTGTACA-1,Tumor
CTAAATCCTATTCCGG-1,Tumor
CTAACCGCGCGCCCGT-1,Normal
CTAACGAAACTTGCTG-1,Normal
CTAACTGATAATCGCC-1,Normal
CTAACTGGTCCGGTTC-1,Normal
CTAAGGGAATGATTGG-1,Normal
CTAAGTACAGGGCTAC-1,Tumor
CTAATTATGAAGCGTA-1,Normal
CTAATTCGCACGCGCT-1,Tumor
CTAATTCTCAGATATT-1,Normal
CTAATTTCAACAACAC-1,Tumor
CTACAAGAAATAACCC-1,Normal
CTACACTAGCTTGTTC-1,Normal
CTACACTCGCAGATGG-1,Tumor
CTACCCTAAGGTCATA-1,Normal
CTACGAACTAGGTCGA-1,Normal
CTACGATCCTATCCTA-1,Normal
CTACGCACGGAGTACC-1,Tumor
CTACGCCATTTCCGAT-1,Normal
CTACGTGTTGCCACCA-1,Normal
CTACTATCTTTCAGAG-1,Tumor
CTACTCAAGGTATAGT-1,Normal
CTACTGCCACCTGACC-1,Normal
CTAGACATATATGTAG-1,Normal
CTAGACTGCATTTCGT-1,Tumor
CTAGATAAACTCCTCG-1,Normal
CTAGATGTGAGTGTAA-1,Normal
CTAGATTTACGACGGC-1,Tumor
CTAGCATAGTATAATG-1,Tumor
CTAGCCCGGGAGACGA-1,Tumor
CTAGCCGATGTTATGA-1,Normal
CTAGCTTAATGGTCCC-1,Tumor
CTAGGCGCCCTATCAG-1,Normal
CTAGGGATAGGGACAA-1,Tumor
CTAGGTCTGAAGGAAT-1,Normal
CTAGGTTCGGACGTGA-1,Normal
CTAGTAGAAAGGGATT-1,Tumor
CTAGTATTCGGAATTA-1,Normal
CTAGTCACGTCTTAAG-1,Tumor
CTAGTGAAGGACAGGA-1,Normal
CTAGTTACAACCCGGT-1,Tumor
CTAGTTGGGCCCGGTA-1,Normal
CTATAAGAGCCAATCG-1,Normal
CTATAGGCGTTGATGT-1,Normal
CTATATCCAGCCTGGC-1,Tumor
CTATCACAACGCTGGA-1,Normal
CTATCGACGAAATACA-1,Normal
CTATCGGGTCTCAACA-1,Tumor
CTATGAACACCTTGCC-1,Tumor
CTATGCCCGAATGCAA-1,Tumor
CTATGGGAAGCGGAAT-1,Tumor
CTATGTCACTAGCCCA-1,Normal
CTATGTCTATTGAAAC-1,Normal
CTATTCATGTGTCCCA-1,Normal
CTATTGTGTTTGGTCA-1,Tumor
CTATTTGCTTGGAGGA-1,Normal
CTATTTGGTTACGGAT-1,Tumor
CTCAAACCACTGCCCG-1,Tumor
CTCAACTAACCCGGAT-1,Tumor
CTCAAGACATTAGCGC-1,Tumor
CTCACACGCAAGCCTA-1,Normal
CTCACATTTACTAAAT-1,Tumor
CTCACCGATCCAAACT-1,Normal
CTCACTGTGATACTTA-1,Tumor
CTCAGAGCTAATGTCG-1,Normal
CTCAGGACTCACCTGT-1,Tumor
CTCAGTCACGACAAAT-1,Normal
CTCATCACTTAGTGAT-1,Normal
CTCATGGCTCACAATC-1,Normal
CTCATTAACGTTGCCC-1,Normal
CTCATTGCTCTAACAA-1,Tumor
CTCATTTGATGGGCGG-1,Tumor
CTCCCAATGAGTCGCG-1,Normal
CTCCGCCCACATGAGG-1,Normal
CTCCGGCCTAATATGC-1,Tumor
CTCCGGCTTGTAGACA-1,Normal
CTCCTAAGTTATGTCT-1,Tumor
CTCCTAGTAATCGTGA-1,Normal
CTCCTCCAGCTCACAC-1,Tumor
CTCCTGTTCAAGGCAG-1,Normal
CTCCTTTACGCAAGTC-1,Normal
CTCGAATGGAACGTAT-1,Tumor
CTCGAGATCCAAAGCA-1,Normal
CTCGAGGCAAGTTTCA-1,Tumor
CTCGAGGTCGAACAGT-1,Normal
CTCGATATTTGCGAGC-1,Normal
CTCGCACCTATATAGT-1,Normal
CTCGCCGAATGTAGGG-1,Tumor
CTCGGGATAACACCTA-1,Normal
CTCGGGCATCGTCGGG-1,Normal
CTCGGTACCACTGCTC-1,Normal
CTCGGTCCGTAGCCTG-1,Normal
CTCGGTTGTCGGCCCT-1,Normal
CTCGTCTGTGCCTTCG-1,Normal
CTCGTGGCACTGAAAG-1,Normal
CTCGTTACGGCTACCA-1,Tumor
CTCGTTTCTAATGTTT-1,Normal
CTCTAATGCATTGATC-1,Normal
CTCTACATCCTGCGTG-1,Normal
CTCTAGCCCTCGGAAA-1,Normal
CTCTATTTGGCTGCAG-1,Normal
CTCTCACAATCGATGA-1,Normal
CTCTCGATGTGCGCCT-1,Normal
CTCTGCAGGCATTCTT-1,Tumor
CTCTGCGAAGCAAGCA-1,Normal
CTCTGGACGCCTGGTG-1,Tumor
CTCTGTGCCTGCTATG-1,Tumor
CTCTGTTTGAGGATTC-1,Tumor
CTCTTCTATTGACTGG-1,Tumor
CTCTTCTGGAAGTTAG-1,Normal
CTCTTGTCCCGCTTGG-1,Tumor
CTGAAACGGCCCTCAG-1,Normal
CTGAAAGAGATCCGAC-1,Tumor
CTGAATCCGAGACCTC-1,Normal
CTGAATTTATTGCCAG-1,Normal
CTGACATAGAAATAGA-1,Normal
CTGACTGCGCAGCTCG-1,Tumor
CTGAGAAAGTTCGGCG-1,Normal
CTGAGCAAGTAACAAG-1,Tumor
CTGAGCGAGACTTATT-1,Normal
CTGATCCCTTTATGCA-1,Tumor
CTGCAAATGGGCTCCA-1,Normal
CTGCACAACTACATAT-1,Normal
CTGCACCTAGTCCACA-1,Normal
CTGCACCTGGAACCGC-1,Tumor
CTGCACTCCAGTACAG-1,Normal
CTGCAGAGAATCAGAG-1,Normal
CTGCCAAGGTTGGAAG-1,Tumor
CTGCCATGCATCACAT-1,Tumor
CTGCCTAGCCACCAAG-1,Normal
CTGCCTCATATGCAAC-1,Normal
CTGCCTTTAATACCTT-1,Normal
CTGCCTTTCTAGTAAA-1,Normal
CTGCGACCTCGCCGAA-1,Normal
CTGCGATTTCGAGATT-1,Normal
CTGCGGTAGTCACGTG-1,Tumor
CTGCGTTACGATATAA-1,Normal
CTGCTCTGACGGCAAA-1,Normal
CTGCTGAGGCCACGAA-1,Tumor
CTGCTGTCTAACGAGC-1,Tumor
CTGCTTGGCGATAGCT-1,Normal
CTGCTTTATGTCCGCG-1,Tumor
CTGGAAATGGATGCTT-1,Normal
CTGGAAGACACGGTGG-1,Normal
CTGGATTTACACTTGA-1,Normal
CTGGCGACATAAGTCC-1,Normal
CTGGCGCACAGGTCTG-1,Normal
CTGGCGGGAATAAGTA-1,Tumor
CTGGCTCCTGCGGGAT-1,Normal
CTGGCTGATTCATCCT-1,Tumor
CTGGCTGCTAACGTAA-1,Normal
CTGGCTGGTTGTCAGT-1,Tumor
CTGGGATAAATAATGG-1,Normal
CTGGGATACGCTACCC-1,Normal
CTGGGATCGCCCAGAT-1,Normal
CTGGGCGGCCAAATGT-1,Normal
CTGGGCTATCCTTTGG-1,Normal
CTGGGTAGGCAGTTAA-1,Normal
CTGGTAAAGACTTACA-1,Normal
CTGGTAACACATAGAA-1,Normal
CTGGTAACGAGCTCTT-1,Normal
CTGGTCATTCCAATCC-1,Tumor
CTGGTCCTAACTTGGC-1,Normal
CTGGTTCAACGCATCA-1,Normal
CTGGTTCGCGAGCTAC-1,Tumor
CTGGTTTCGAGCAAGA-1,Tumor
CTGTACTTCTTAGCAT-1,Normal
CTGTAGCCATCTCACT-1,Tumor
CTGTAGTGAGGATCGA-1,Tumor
CTGTATGGTGTAGAAA-1,Normal
CTGTCAAATGGCTCGG-1,Tumor
CTGTCACGCCAGGCGC-1,Tumor
CTGTGCAGGGTAGGTC-1,Normal
CTGTGGTCGGGAGATA-1,Normal
CTGTTACCCAATCTAG-1,Normal
CTGTTCACTGCCTGTG-1,Normal
CTGTTCATCTCACGGG-1,Normal
CTGTTGTTCAGTCGTA-1,Normal
CTTAACTTACAGTATA-1,Normal
CTTAACTTCGAAGTAC-1,Normal
CTTAATCGACTTAGTA-1,Normal
CTTACACGGTATTCCA-1,Normal
CTTACACTGGGAAATA-1,Tumor
CTTACATAGATTTCTT-1,Normal
CTTAGATGTTTCATCC-1,Tumor
CTTAGCCTTCCACATG-1,Tumor
CTTAGGTCCCAATCGT-1,Tumor
CTTAGTAGGCCTACAG-1,Tumor
CTTAGTGTAGTAGCAT-1,Tumor
CTTAGTTGAGGAATCG-1,Tumor
CTTATGTTGACTACCA-1,Normal
CTTCAACTCCACTTGG-1,Normal
CTTCACGCCCTGGTAC-1,Tumor
CTTCATAGCTCAAGAA-1,Tumor
CTTCATTGTCAGTGGA-1,Tumor
CTTCCGCTCCGTGAAG-1,Tumor
CTTCCTGCATATTTAC-1,Normal
CTTCGATTGCGCAAGC-1,Normal
CTTCGGCCAATTGTTT-1,Tumor
CTTCGTAGATAGGTGA-1,Normal
CTTCTATTAATGCTAG-1,Tumor
CTTCTGGGCGTACCTA-1,Tumor
CTTCTTACGTCGTATA-1,Normal
CTTGACCCGAAAGATA-1,Normal
CTTGAGGTTATCCCGA-1,Normal
CTTGAGTTAGGGTAAT-1,Tumor
CTTGATGACCATCCAG-1,Normal
CTTGCCCACCCACGCA-1,Normal
CTTGCCCAGGCTCTAC-1,Normal
CTTGGCCAAGCTGGGA-1,Tumor
CTTGTACTTGTTGACT-1,Normal
CTTGTCAACATTCGAG-1,Normal
CTTGTCGTACGTGTCA-1,Normal
CTTGTGAGTCTTTGAC-1,Tumor
CTTGTGCTCACCGATT-1,Normal
CTTGTTGCTGAGTCAA-1,Normal
CTTGTTTATGTAGCCA-1,Tumor
CTTTAACTTTCAAAGG-1,Normal
CTTTAATATTGGTCGA-1,Normal
CTTTACCGAATAGTAG-1,Tumor
CTTTAGGAACACTGTT-1,Normal
CTTTAGTGCTATTATT-1,Tumor
CTTTATCCGACGCATG-1,Normal
CTTTCTGTGCGGGCTT-1,Tumor
CTTTGCATCGCTCTTG-1,Tumor
CTTTGCTGTCATGGAT-1,Tumor
CTTTGGCAGACAGAGT-1,Normal
CTTTGGCTTTAGTAAA-1,Normal
CTTTGGGATTGTTGCA-1,Normal
GAAACAGATGACCACC-1,Tumor
GAAACAGCCATGCAGT-1,Normal
GAAACCATGGTGCGCT-1,Normal
GAAACCGAATTACCTT-1,Normal
GAAACCTATACAAATG-1,Tumor
GAAACTCGTGCGATGC-1,Tumor
GAAACTCTAATGAAGG-1,Normal
GAAAGAACAGCGTTAT-1,Tumor
GAAAGCAGTGCACTTT-1,Tumor
GAAAGTGACTAACTGC-1,Normal
GAAATACCTGCTGGCT-1,Normal
GAAATACTAAACGTTT-1,Tumor
GAAATATGCTTGAATG-1,Tumor
GAAATCGCGCGCAACT-1,Tumor
GAAATGGCGGTGTTAG-1,Normal
GAAATGGGATGTAAAC-1,Normal
GAAATTAGCACGGATA-1,Normal
GAAATTCACATCGCTG-1,Normal
GAAATTGTCTCTATAA-1,Normal
GAACAACTGGGATGAA-1,Normal
GAACACACATCAACCA-1,Normal
GAACAGATTACTAAAT-1,Normal
GAACATTAGTATGTTA-1,Normal
GAACCATCTGGGAGAC-1,Tumor
GAACCCTCTGTGTTCT-1,Tumor
GAACCTTTAACGATCC-1,Tumor
GAACGACCGAATGATA-1,Tumor
GAACGATAAGTTAAAG-1,Normal
GAACGCGGGTCACACG-1,Tumor
GAACGTCTCATGGTCG-1,Normal
GAACTGTGGAGAGACA-1,Normal
GAACTTAGCGCCCGGT-1,Normal
GAACTTGTGCACGGGA-1,Normal
GAAGAAACGATATTGT-1,Tumor
GAAGAACGGTGCAGGT-1,Tumor
GAAGACTTCAATGCCG-1,Normal
GAAGCAAGGCAATGTT-1,Tumor
GAAGCCACTGATTATG-1,Tumor
GAAGCCTGCACATTCC-1,Tumor
GAAGCGTGAGGAATTT-1,Tumor
GAAGCTTGCTGACCGC-1,Tumor
GAAGGACTAAATTGAA-1,Normal
GAAGGAGTCGAGTGCG-1,Tumor
GAAGGCTACCATTGTT-1,Normal
GAAGGGTCATTAAGAC-1,Normal
GAAGTCAGTTGCACTA-1,Tumor
GAAGTCTCCCTAGCGA-1,Normal
GAAGTGATTTATCGTG-1,Normal
GAAGTGCTGGATAGCT-1,Normal
GAAGTTTCCACTCAAT-1,Normal
GAATAGACGCGACCCA-1,Tumor
GAATAGCATTTAGGGT-1,Tumor
GAATAGCCCTGCGGTC-1,Tumor
GAATAGTGCTCGATTA-1,Tumor
GAATATTCGGAGTCCC-1,Normal
GAATCGCCGGACACGG-1,Tumor
GAATCTATACTCGGAC-1,Normal
GAATCTGAACATTCTC-1,Tumor
GAATGAAGGTCTTCAG-1,Normal
GAATGCCGAAATGACC-1,Tumor
GAATGCGAATCGGTTC-1,Tumor
GAATGTATGGCAGGTC-1,Normal
GAATGTGGTCCGGATT-1,Normal
GAATGTTGGGTAATCT-1,Normal
GAATTATAGTGAAAGG-1,Tumor
GAATTCACCCGGGTGT-1,Normal
GAATTTCTCGCTGCAG-1,Normal
GACAAACATATGCAGG-1,Tumor
GACAACGACCATTGAA-1,Normal
GACAACGCAGCTTACG-1,Normal
GACAAGAGATGAGATT-1,Normal
GACACAAGGGAAGAAA-1,Normal
GACACCCAAAGACGCG-1,Tumor
GACACGAGTTAGAGGA-1,Tumor
GACACTGAGTTCAGTG-1,Normal
GACACTGGAACCCGAT-1,Tumor
GACACTTCCAATTACC-1,Normal
GACAGAGGTCTTCAGT-1,Normal
GACAGCCAGACCTGAC-1,Normal
GACATCCGTCGAACTG-1,Tumor
GACATCGATTTATAAC-1,Tumor
GACCAAACGTTGACTG-1,Normal
GACCACACTTCCCTTT-1,Normal
GACCAGAGCCCTGTAG-1,Normal
GACCAGGTCATTCATA-1,Normal
GACCCGTCGCCGGCTA-1,Normal
GACCGACGTGAAAGCA-1,Tumor
GACCGCGTCTGACGTG-1,Tumor
GACCGTCAGGTCGTGA-1,Normal
GACCGTGCTGACGGTG-1,Normal
GACCTTCCACGTCTAC-1,Tumor
GACGACGATCCGCGTT-1,Normal
GACGAGGCTAATAAAC-1,Tumor
GACGATATCACTGGGT-1,Tumor
GACGCCGTAAAGGCTA-1,Tumor
GACGCCTGTTGCAGGG-1,Tumor
GACGCTTGCTTCTAAA-1,Normal
GACGGACCGCGTTCCT-1,Normal
GACGGGATGTCTTATG-1,Normal
GACGGGTTGGCCCGTA-1,Tumor
GACGGTCAATAGAAGC-1,Normal
GACGGTCCTAGGGTGT-1,Tumor
GACGTGAGACTCCATG-1,Normal
GACGTGTAGGGATTAT-1,Tumor
GACGTTCGTAAATACA-1,Normal
GACGTTGCTCGGCGGC-1,Tumor
GACTAACACAGCACCT-1,Tumor
GACTAAGATCATGCAC-1,Normal
GACTAAGTAGGCTCAC-1,Normal
GACTACAATTGCTCGT-1,Tumor
GACTAGGCCGTTAGGT-1,Normal
GACTCACCCACGTGAG-1,Tumor
GACTCCCAGAATAAGG-1,Normal
GACTCGCGGGAATGAC-1,Normal
GACTCGGTCGGCGGAT-1,Normal
GACTCTAGAGTTCCAA-1,Normal
GACTGATTGGTCACAA-1,Tumor
GACTGCAAATCGAGCT-1,Normal
GACTGCACCAGCCCAG-1,Normal
GACTGCGGCACGTGTA-1,Tumor
GACTGCTGGTGAGAAA-1,Tumor
GACTGGGCGCCGCAAC-1,Tumor
GACTTTCGAGCGGTTC-1,Tumor
GAGAACGGTTCTGACT-1,Normal
GAGACCCTGCAACGCC-1,Normal
GAGACTGATGGGTAGA-1,Normal
GAGACTTCGCGACCGA-1,Tumor
GAGAGGGCGCGAGGTT-1,Normal
GAGAGTCTCGGGAGAG-1,Normal
GAGATCTGCTTGGCAT-1,Normal
GAGATCTGTCACTCCG-1,Tumor
GAGATCTTCCATGACA-1,Normal
GAGATGACAATCCTTA-1,Normal
GAGATGGCTTTAATCA-1,Normal
GAGATGGGAGTCGACA-1,Normal
GAGCACCTGTGTCCAG-1,Tumor
GAGCACGGCGCCTCTT-1,Tumor
GAGCATCAACAACTTG-1,Normal
GAGCATCATCCCTGGG-1,Tumor
GAGCCACGGTAGTAGG-1,Tumor
GAGCCAGCTACCTGTG-1,Normal
GAGCCGAGCGTTTATT-1,Normal
GAGCGAGGGAGTACCG-1,Normal
GAGCGCAAATACTCCG-1,Tumor
GAGCGCGCACGAGTAG-1,Normal
GAGCGGAATGCGGTGT-1,Normal
GAGCTAAGGGCATATC-1,Normal
GAGCTCAACATGAGCG-1,Normal
GAGCTCTCGGACCTAA-1,Tumor
GAGCTGTCGTCTCGGA-1,Tumor
GAGGAATATCTCTTTG-1,Tumor
GAGGAATGGAGAGGTT-1,Tumor
GAGGAGTAATTCCTAC-1,Tumor
GAGGATAAACAGTGCT-1,Tumor
GAGGCATTTGCAGCAG-1,Normal
GAGGGAGTCAGATCGC-1,Tumor
GAGGGCATCGCGTATC-1,Tumor
GAGGGCCATAATATTA-1,Normal
GAGGGCCGGCAGAGTC-1,Normal
GAGGGCGCAGCTCTGC-1,Tumor
GAGGGTAGTAACAAAG-1,Normal
GAGGTACATCCATCTT-1,Normal
GAGGTACGCGTGTCCC-1,Normal
GAGGTCCCAAAGATCT-1,Tumor
GAGGTCCGTTCGCTGT-1,Tumor
GAGTAAACCGGAAAGT-1,Normal
GAGTAGATACTAGTTG-1,Tumor
GAGTATACCCTAATCA-1,Tumor
GAGTATGCCCGCCTTG-1,Normal
GAGTATGCGCGTGCAT-1,Tumor
GAGTCAGACCAGAATC-1,Tumor
GAGTCCGCTTACCGGA-1,Normal
GAGTGCACGGACAACA-1,Normal
GAGTGTCAACCAGAAA-1,Tumor
GAGTGTGCGGTACCCA-1,Normal
GATAAATCGGTGGATG-1,Tumor
GATAACTCGCACTGTG-1,Normal
GATAAGGCAGATGCAA-1,Tumor
GATACCGTGTCGGAGT-1,Tumor
GATACGATGGGAGTCA-1,Normal
GATAGAACCCGCTAGG-1,Normal
GATAGGATTAATTACA-1,Tumor
GATAGGTAACGTTGAC-1,Normal
GATAGGTGTCCCGGGC-1,Tumor
GATAGTGCGAGTAAGT-1,Tumor
GATATCTCATGCAATA-1,Normal
GATATGAGACACTAAC-1,Normal
GATATGCGGTAGCCAA-1,Tumor
GATATGGATTACGCGG-1,Normal
GATATTGAGATTGGCG-1,Normal
GATATTTCCTACATGG-1,Normal
GATCAACATAAAGGGA-1,Tumor
GATCATTCCAAACATT-1,Normal
GATCCCTTTATACTGC-1,Normal
GATCCGAATATAAGTG-1,Tumor
GATCCGGGAATTAACA-1,Tumor
GATCCTAAATCGGGAC-1,Tumor
GATCCTCGACACTGGC-1,Normal
GATCCTCTTGCGCTTA-1,Tumor
GATCGCGGGCTCTCCA-1,Normal
GATCGCTACCCGATTT-1,Tumor
GATCGCTGTGGTGCGT-1,Normal
GATCGGCGATAAGTCG-1,Tumor
GATCGGTGGCCATAAC-1,Normal
GATCGTGACTGATATC-1,Tumor
GATCTCGACGCTGTGG-1,Normal
GATCTGCTATCTAAGG-1,Tumor
GATCTTGGAGGGCATA-1,Normal
GATCTTTGCAGGGTAT-1,Normal
GATCTTTGCTCAAAGA-1,Normal
GATGACAAGTAGGGCA-1,Tumor
GATGACGATGATCGCG-1,Tumor
GATGAGGAACCTTCGG-1,Normal
GATGATTTGAAACTGG-1,Normal
GATGCCACACTACAGC-1,Tumor
GATGCCAGCAGAAGGC-1,Tumor
GATGCGTCCTGCATTC-1,Tumor
GATGCTACAAGCGCCT-1,Normal
GATGCTACCTTCGATG-1,Normal
GATGCTGTATTTCATC-1,Normal
GATGGCGCACACATTA-1,Tumor
GATGGTGAAATAACCC-1,Normal
GATGGTGCCCTAGGCA-1,Normal
GATGTCCGGATCACAT-1,Normal
GATGTCGGTCAACTGC-1,Normal
GATGTGTTGTCACAAG-1,Normal
GATGTTCAATCCACGA-1,Normal
GATGTTTGTGCGAGAT-1,Normal
GATTAACCGAAAGCCC-1,Normal
GATTACTGAATTTGGG-1,Normal
GATTAGAAACAAGCGT-1,Normal
GATTCCCTTGTCGCAG-1,Normal
GATTCCGCGTTTCCGT-1,Normal
GATTCCTATACGGCGC-1,Tumor
GATTCGACGGTTCACG-1,Normal
GATTCTGTTAATGAGT-1,Normal
GATTGACACTCTGCTC-1,Normal
GATTGCTCCAGTTGCA-1,Normal
GATTGGGAAAGGTTGT-1,Normal
GATTTAGTGCGTACTG-1,Normal
GATTTGCGCTAACACC-1,Normal
GCAAACCCTACATTAT-1,Normal
GCAAACCTTGGCCATA-1,Tumor
GCAAACGTCGCCAGGT-1,Tumor
GCAAAGGGCGTTAGCC-1,Normal
GCAAATATTACGCTTT-1,Normal
GCAACAGCAGTATGCG-1,Tumor
GCAACCACCAGACCGG-1,Normal
GCAACGGCTAGTTATG-1,Tumor
GCAAGAATTCCTTGGC-1,Normal
GCAAGATGTGTTCGCG-1,Normal
GCAAGTGTAAAGCATG-1,Tumor
GCAATTAGTCGCACCG-1,Normal
GCACAAACCCTAGATG-1,Normal
GCACAAACGAGGCGTG-1,Tumor
GCACAAGTGTCGGAAG-1,Normal
GCACACACTGGTAGCC-1,Normal
GCACACAGCTATTACC-1,Normal
GCACAGCACGGGCCGA-1,Normal
GCACGCCGATTCCCGC-1,Normal
GCACGCCTACTTAGAT-1,Normal
GCACGTGGTTTACTTA-1,Normal
GCACTAGTCGCGCTAT-1,Tumor
GCACTCCCACAGTCCC-1,Normal
GCACTGCCTACCTTTA-1,Tumor
GCACTGTGCAAATGTA-1,Tumor
GCAGAAACGTAATCCA-1,Normal
GCAGAAGGTAATCTCC-1,Tumor
GCAGACCCAGCACGTA-1,Normal
GCAGATCCATAAGACT-1,Tumor
GCAGATCCTCGCAAAT-1,Normal
GCAGATTAGGGATATC-1,Tumor
GCAGCACACAGCCCAG-1,Normal
GCAGCCTATATCACAT-1,Tumor
GCAGCGGTGGGCATTA-1,Normal
GCAGCTATGGACAGGT-1,Normal
GCAGGACTATAGAATA-1,Tumor
GCAGGTAGAGTATGGT-1,Normal
GCAGTGTGGCTATAGG-1,Tumor
GCATAAATTGAACGCC-1,Normal
GCATAGAGCACTCAGG-1,Tumor
GCATCGGCCGTGTAGG-1,Tumor
GCATGAGGGACGCGGC-1,Normal
GCATGCTAATAACGAT-1,Normal
GCATTCAAGGCAACGC-1,Normal
GCATTCGAAATGAACA-1,Normal
GCATTTCCAAGGCTCC-1,Tumor
GCCAACCATTTCCGGA-1,Normal
GCCAATAGGGCATCTC-1,Normal
GCCACAATTTAAGGAC-1,Normal
GCCACTCAGAGCGCGA-1,Tumor
GCCACTCCTTACGGTA-1,Normal
GCCAGGAAAGAACACT-1,Tumor
GCCAGGAGTAACCGAT-1,Normal
GCCAGGCGTTCGCATG-1,Tumor
GCCATATTGCACACAG-1,Tumor
GCCATCGAGCTGCGTG-1,Tumor
GCCATCGATGCTGCAT-1,Tumor
GCCCACCAAGGCTGTC-1,Tumor
GCCCACTGGTCCACAA-1,Normal
GCCCAGATGCTGGAGA-1,Tumor
GCCCAGTTGGTATGCC-1,Normal
GCCCGATCTGTGGTCG-1,Tumor
GCCCGATGCCCAGTTC-1,Normal
GCCCGCGCGTAAACGG-1,Normal
GCCCGCGCGTTTGACA-1,Normal
GCCCGTAATACCTTCT-1,Normal
GCCCGTTCACACAATT-1,Tumor
GCCCTAAGTGCAGGAT-1,Tumor
GCCCTGAGGATGGGCT-1,Tumor
GCCGAAATTCCTACGT-1,Normal
GCCGACCCACGACTGC-1,Normal
GCCGATTGGCCAAGCT-1,Tumor
GCCGCACTCCGTTTCA-1,Tumor
GCCGCTTGTGAGAAAC-1,Normal
GCCGGAAACACATCTT-1,Tumor
GCCGGGTTAGGGTCGC-1,Tumor
GCCGGTCGTATCTCTC-1,Normal
GCCGTCGGTTTCGGGC-1,Tumor
GCCGTGGAAGAAATGT-1,Tumor
GCCTACGTTCTGTGCA-1,Normal
GCCTATAGTGTCAGGG-1,Normal
GCCTATGCTGGGCCTT-1,Normal
GCCTATTCCGATATAG-1,Normal
GCCTATTTGCTACACA-1,Tumor
GCCTCAGGTACCGGTC-1,Normal
GCCTCATCTGGAAATA-1,Tumor
GCCTCCGACAATTCAC-1,Normal
GCCTCTATACATAGCA-1,Normal
GCCTGCTACACTGAGA-1,Tumor
GCCTGTCCCGGTGCAT-1,Normal
GCCTTCAGCCCTACCG-1,Normal
GCCTTGTATATGCAGT-1,Normal
GCGAAACGATCGGGAG-1,Tumor
GCGAAACTTAACTGGA-1,Tumor
GCGAAGAATCTGACGG-1,Normal
GCGAAGCCATACCCGT-1,Normal
GCGAATGGACTAGCGA-1,Tumor
GCGACATGTAAACATC-1,Tumor
GCGACCCAACCATCTG-1,Tumor
GCGACGATAGTTGTAC-1,Normal
GCGACGGTAGTCTCCT-1,Normal
GCGAGAGGCCATGTAA-1,Tumor
GCGAGAGTTGCGTCCA-1,Normal
GCGAGCGCATGCTCCC-1,Tumor
GCGAGGCCCGAGCAGA-1,Normal
GCGAGTTCTGCAAAGA-1,Tumor
GCGATTCTGGAAGCAG-1,Tumor
GCGATTGTTAACGTTA-1,Tumor
GCGCAAATATATTCAA-1,Tumor
GCGCAAGAGCGCGCTG-1,Tumor
GCGCATCCAGTCAGCA-1,Normal
GCGCCGTTCCACGATA-1,Tumor
GCGCCTCCCACTCCGA-1,Tumor
GCGCGATGGGTCAAGT-1,Tumor
GCGCGGTCTAGTAACT-1,Normal
GCGCGTCATTGGTACA-1,Tumor
GCGCTAAGTATGCATG-1,Normal
GCGCTAATTGAATAGA-1,Tumor
GCGCTATGCCGAGGCA-1,Normal
GCGCTCGATCACCTGT-1,Tumor
GCGCTGATCCAGACTC-1,Normal
GCGCTGCTTTGCATTT-1,Tumor
GCGCTTAAATAATTGG-1,Normal
GCGGACCGCGTTGTGG-1,Normal
GCGGAGAAACTTCGCA-1,Tumor
GCGGAGAGGGAGAACG-1,Normal
GCGGCAAAGTATTGCC-1,Normal
GCGGCTCTGACGTACC-1,Normal
GCGGCTTTAGCAAGTT-1,Normal
GCGGGAACCAGGCCCT-1,Tumor
GCGGGCAGACGGGTGA-1,Tumor
GCGGGCATTACGATGC-1,Normal
GCGGGCGAGCCTTACC-1,Tumor
GCGGTAACCCAAATGA-1,Normal
GCGGTCCCGGTGAAGG-1,Normal
GCGGTCCCTAGACGCA-1,Normal
GCGGTGAACTGCGCTC-1,Tumor
GCGGTTCCCTATCATG-1,Normal
GCGTAAATGGCCATAA-1,Normal
GCGTCCAGCTCGTGGC-1,Normal
GCGTCCCTAAGACATA-1,Tumor
GCGTCGAAATGTCGGT-1,Tumor
GCGTCGCCAGGGTGAT-1,Tumor
GCGTCGTAACATGGTC-1,Normal
GCGTCTAACCTCCTAA-1,Normal
GCGTCTCTGCATTGGG-1,Normal
GCGTGGTACTGGGTTA-1,Normal
GCGTGTATGTCGTATT-1,Normal
GCGTTCGGAGACCGGG-1,Normal
GCTAAACCTGAGGTGA-1,Tumor
GCTAACTGAAGTCTGA-1,Tumor
GCTAAGTAAAGGCGAT-1,Normal
GCTAAGTAGTTTCTCT-1,Tumor
GCTAATACCGAATGCC-1,Normal
GCTACAATCGAGGATA-1,Normal
GCTACGACTTATTGGG-1,Normal
GCTACTATAGTAGAGT-1,Tumor
GCTAGACCGTCTACTG-1,Tumor
GCTAGAGTAGAGATGT-1,Normal
GCTAGCACCTGGGCCA-1,Normal
GCTAGCAGGGAGTGGG-1,Normal
GCTAGCGATAGGTCTT-1,Normal
GCTAGCTTGAATAGCT-1,Normal
GCTAGGCACCACGGAG-1,Normal
GCTAGTAGAGCTTGTA-1,Normal
GCTAGTTTCATTGAGG-1,Tumor
GCTATACGTCTCGGAC-1,Normal
GCTATCATACTCATGG-1,Normal
GCTATCGCGGCGCAAC-1,Tumor
GCTCAATCCGTTTATT-1,Normal
GCTCAATGTAATACCG-1,Tumor
GCTCATTACTGCATGT-1,Normal
GCTCATTGATCATATC-1,Normal
GCTCCATGCAAAGCAA-1,Normal
GCTCCCAGTCGGTCCA-1,Tumor
GCTCCGCTCGCTTCAG-1,Normal
GCTCCTGACATACTGG-1,Tumor
GCTCGCGGTTCCGCTC-1,Normal
GCTCGCTCATGTCCAA-1,Tumor
GCTCGGAATTTAAAGC-1,Normal
GCTCTAAACCCTGACG-1,Normal
GCTCTCGGGTACCGAA-1,Normal
GCTCTTTCCGCTAGTG-1,Tumor
GCTGAACTCTCCAGGG-1,Tumor
GCTGAGGCGTGAGTAT-1,Tumor
GCTGCACGGTTTCTTA-1,Tumor
GCTGCGAAGAATTATT-1,Normal
GCTGCTAAGTAGTCGA-1,Tumor
GCTGCTACTGCGTAGC-1,Normal
GCTGCTCTCCGGACAC-1,Normal
GCTGGACCCAAAGTGG-1,Normal
GCTGGCATATTCACCT-1,Normal
GCTGGCGGCGCATGCT-1,Tumor
GCTGGGAGCGCGTCAA-1,Tumor
GCTGGGTCCGCTGTTA-1,Normal
GCTGGTGACTCGTAGT-1,Normal
GCTGTATTACTGGCCC-1,Tumor
GCTGTTGCTACCGAAC-1,Tumor
GCTTAATGTAACTAAC-1,Normal
GCTTACGTAGTTAGTA-1,Tumor
GCTTAGGGAAGCGGTA-1,Normal
GCTTATGAAGCAGGAA-1,Normal
GCTTCAGTGGGATTAC-1,Normal
GCTTCCAGCTTAGATT-1,Normal
GCTTCCGTCCCTAGAC-1,Tumor
GCTTGATGATAATCAG-1,Normal
GCTTGCAGCACAATTG-1,Normal
GCTTGGATCGATTAGG-1,Normal
GCTTTACACAACTGGG-1,Normal
GCTTTATTAAGTTACC-1,Normal
GCTTTCAGAGGAGGTG-1,Normal
GCTTTCTATCTCAACT-1,Normal
GGAAACAGAGCTTGGG-1,Tumor
GGAAACCTTGTTGAAT-1,Tumor
GGAAACTAAATGGGCC-1,Normal
GGAAAGGGAATTGAGC-1,Tumor
GGAAAGTCTTGATTGT-1,Normal
GGAAAGTGCCCATGCC-1,Tumor
GGAACCGTGTAAATTG-1,Tumor
GGAACGGCCTGCAGCC-1,Tumor
GGAACTCGTGAATACG-1,Normal
GGAAGATAAGACTGTA-1,Normal
GGAAGCTCGCTTACAG-1,Normal
GGAATAACCTCAAGAA-1,Normal
GGAATGCGCTAGCGTG-1,Tumor
GGACAACCATGAAGCC-1,Normal
GGACACAAGTTTACAC-1,Tumor
GGACACCTCGGTGTTG-1,Normal
GGACCAACAGGATAAC-1,Normal
GGACCTACGGTAACGT-1,Tumor
GGACCTCTAGGCCGCC-1,Tumor
GGACGGCTTGCGCAAC-1,Tumor
GGACGTCCATAGTTGG-1,Normal
GGACTCACAAATTAGG-1,Tumor
GGACTCGACAGCGCAT-1,Normal
GGACTCGTGAGTGGTC-1,Tumor
GGACTCTTTGACTAAG-1,Normal
GGAGACCAATGTGCTT-1,Normal
GGAGACGACACCTTTG-1,Normal
GGAGCAACATTTCAAG-1,Tumor
GGAGCACCAAGAACTA-1,Normal
GGAGCGAGGCCTACTT-1,Normal
GGAGGATTGAAAGGAG-1,Normal
GGAGGCCGAAGTCGTC-1,Tumor
GGAGGGCTTGGTTGGC-1,Tumor
GGAGTGCCGCCCTGGA-1,Normal
GGAGTTGATTCTGTGT-1,Normal
GGATACTCATGAATTG-1,Tumor
GGATCAAAGGACGAGG-1,Tumor
GGATCATCCCGTACGC-1,Normal
GGATCCGGAATATACT-1,Tumor
GGATCTACCGTTCGTC-1,Tumor
GGATCTTACTGCCCTT-1,Tumor
GGATGAAGATCGCTGA-1,Tumor
GGATGACGCGAGTTTA-1,Normal
GGATGGCTTGAAGTAT-1,Normal
GGATGTCCTTACCGCA-1,Tumor
GGATTAAGCTAAGGTC-1,Normal
GGATTAATCATGGACC-1,Normal
GGATTCAGTACGGTGG-1,Normal
GGATTCCGCTATACCC-1,Normal
GGATTGCTGTGACTCC-1,Tumor
GGATTTCACTTCTATA-1,Tumor
GGCAAAGGCGCCAATA-1,Tumor
GGCAAATTACTTTACT-1,Normal
GGCAAGCCAGGGATAG-1,Normal
GGCAAGCCCATAGTGG-1,Tumor
GGCAAGGCGAAATAGC-1,Normal
GGCAATAGTCAATGAG-1,Normal
GGCACGCTGCTACAGT-1,Normal
GGCACTCCACTGGGCA-1,Normal
GGCACTGCGGTGGTTT-1,Normal
GGCAGCAAACCTATGC-1,Tumor
GGCAGCGGTAATCCTA-1,Normal
GGCATACAGGTAGCGG-1,Normal
GGCATATCGGTTCTGC-1,Normal
GGCATCAACGAGCACG-1,Normal
GGCATTGAACATCTCA-1,Normal
GGCCACAAGCGATGGC-1,Tumor
GGCCCAATCTAGAGGG-1,Normal
GGCCCAGCTGGTTTGC-1,Normal
GGCCCAGTTATCAGCA-1,Normal
GGCCCGGAGCATGTCT-1,Normal
GGCCCGTATACCATGC-1,Normal
GGCCGAGACTCTGGTG-1,Tumor
GGCCGCAGGAACCGCA-1,Normal
GGCCGGCGTCTGCTAT-1,Tumor
GGCCGTTTGGGTTTCA-1,Normal
GGCCTGCTCTGATGTT-1,Normal
GGCCTGCTTCTCCCGA-1,Normal
GGCGAAATCTAACTTG-1,Normal
GGCGAACCGTTCTGAT-1,Normal
GGCGCATGAATTGATG-1,Tumor
GGCGCGGAGATCTTTC-1,Tumor
GGCGCGTTCGAGTTTA-1,Normal
GGCGCTCCTCATCAAT-1,Normal
GGCGCTTCATTCCCTG-1,Normal
GGCGGAGTAATATTAG-1,Normal
GGCGGTAGGATCATTG-1,Normal
GGCGTACCCTATATAA-1,Tumor
GGCGTAGGGAAAGCTG-1,Tumor
GGCGTCCTATCCGCTG-1,Normal
GGCTAAAGGGCGGGTC-1,Normal
GGCTAATGATTGAAAT-1,Normal
GGCTACTATACACTCC-1,Tumor
GGCTATTAAGTTGTAT-1,Normal
GGCTCCTCCACCTGTT-1,Tumor
GGCTCGCGTTGAGGTA-1,Normal
GGCTCGTGCCACCAGC-1,Normal
GGCTCTGCTCCAACGC-1,Normal
GGCTGAAATAGCAAAG-1,Normal
GGCTGAGCATCGTAAG-1,Tumor
GGCTGGCTAGCTTAAA-1,Tumor
GGCTGTCCTACTGCGG-1,Normal
GGCTTTCAATAAGGGT-1,Tumor
GGGAAAGAATGCCAAC-1,Normal
GGGAACCACCTGTTTC-1,Normal
GGGAACGGGAGGTTAG-1,Normal
GGGAACGGTTTCAGAT-1,Normal
GGGAAGACGGTCTGTC-1,Tumor
GGGAAGGGCTTTCTCA-1,Normal
GGGAATGAGCCCTCAC-1,Tumor
GGGACCCGTATATCTT-1,Tumor
GGGACTGCATAGATAG-1,Tumor
GGGAGAACTCACAGTA-1,Normal
GGGAGCGACCGTAGTG-1,Normal
GGGAGGATGCCCGAAA-1,Normal
GGGAGTAATGGCTGGC-1,Tumor
GGGAGTTAATGAGGCG-1,Tumor
GGGATATTGATCGCCA-1,Normal
GGGATCCCAATACAAA-1,Normal
GGGATGGTCGTAACCG-1,Normal
GGGATTTACCGCACCT-1,Normal
GGGCACGTAGTACTGT-1,Normal
GGGCAGAGCAATCGTT-1,Tumor
GGGCAGTCAACGCCAA-1,Normal
GGGCATGCATGTCGAG-1,Normal
GGGCCCGTCTTAAACA-1,Normal
GGGCCGGCCGAAGTAC-1,Tumor
GGGCCTATTTAAGTAT-1,Normal
GGGCGATATGTGTGAA-1,Normal
GGGCGCAGCGTTACTC-1,Normal
GGGCGGCAAATGAATT-1,Normal
GGGCGGGTTCCCTACG-1,Normal
GGGCGGTCCTATTGTC-1,Tumor
GGGCGTACATTTATAT-1,Normal
GGGCGTCACCACGTAA-1,Normal
GGGCGTCCACTGGCTC-1,Normal
GGGCGTGGTTTCCCAG-1,Tumor
GGGCGTTTACATTCAT-1,Normal
GGGCTATGATCGATGG-1,Tumor
GGGCTCATCGAACCCA-1,Tumor
GGGCTGCCTAGGGCGA-1,Tumor
GGGCTGGTTAGTCGCG-1,Normal
GGGTACCCACGGTCCT-1,Tumor
GGGTACTTCATGAACT-1,Normal
GGGTATGTATGCACTT-1,Tumor
GGGTCACCGTGACGGT-1,Normal
GGGTCAGGAGCTAGAT-1,Normal
GGGTCATGCGTACCAT-1,Normal
GGGTCGTGGCAAGTGT-1,Normal
GGGTGACACCTTAACT-1,Normal
GGGTGCATATGAAAGC-1,Normal
GGGTGGTCCAGCCTGT-1,Normal
GGGTGTTTCAGCTATG-1,Tumor
GGGTTAACATTTGAGT-1,Tumor
GGGTTCAGACGAACAA-1,Normal
GGGTTTAGGATAGGAT-1,Tumor
GGTAAATGTGCGTTAC-1,Normal
GGTAACCGGGAGGATA-1,Tumor
GGTAACTATGTATCTG-1,Normal
GGTACAAACATGCTAT-1,Normal
GGTACACCAGATTTAT-1,Normal
GGTACCATTAAGACGG-1,Normal
GGTACTAAGTGCTTTG-1,Tumor
GGTAGAAGACCGCCTG-1,Normal
GGTAGACCGTTGGGCG-1,Tumor
GGTAGGCCAATATCAC-1,Normal
GGTAGTGCTCGCACCA-1,Tumor
GGTATAGTGACACATA-1,Tumor
GGTATTGCCGAGTTTA-1,Tumor
GGTCAAGACTACTTCG-1,Tumor
GGTCAGTGGGTCCCAC-1,Tumor
GGTCATTGTAGTCATA-1,Normal
GGTCCACGTCTATTTG-1,Tumor
GGTCGGATAAACGGCG-1,Normal
GGTCGGCCAGGAGCTT-1,Tumor
GGTCGGTAATTAGACA-1,Tumor
GGTCGGTCGTCCACAG-1,Tumor
GGTCTCCAAGTAGTGC-1,Tumor
GGTCTCCGTCCAGGTT-1,Normal
GGTCTCTGAATGGACT-1,Normal
GGTCTGAGAATCTGGA-1,Tumor
GGTCTTGAGCGCTCTT-1,Tumor
GGTGAAACCGGGAATG-1,Normal
GGTGAACGGGCTAGCC-1,Normal
GGTGAAGTACAGGGAT-1,Normal
GGTGAGATGCAGATAA-1,Tumor
GGTGATAAGGAGCAGT-1,Tumor
GGTGATTTCATCTTGT-1,Tumor
GGTGCAGAGCCTATCG-1,Normal
GGTGCATAAATGATTA-1,Normal
GGTGCGGATAAGTGGC-1,Tumor
GGTGCTGATCACAAAG-1,Tumor
GGTGCTGGTACACATT-1,Normal
GGTGGACCACGTGTTA-1,Tumor
GGTGGACTGCTCTGGC-1,Normal
GGTGGAGGTTGATACG-1,Tumor
GGTGGGATTAGGTCCC-1,Tumor
GGTGTAAATCGATTGT-1,Normal
GGTGTAGGTAAGTAAA-1,Normal
GGTGTTCTGTTTCTAC-1,Tumor
GGTGTTGGGCGTCTTA-1,Tumor
GGTTACCCGACACTTT-1,Normal
GGTTACCGCTCCCTAC-1,Normal
GGTTAGCTATATGTCT-1,Tumor
GGTTAGGCTTGGAGAA-1,Tumor
GGTTAGTTACGGCGCC-1,Tumor
GGTTCCCTAGTGTCTC-1,Normal
GGTTCCGTACGACTAA-1,Normal
GGTTCGATGCTGAGTT-1,Normal
GGTTCTACTCGTCTGA-1,Tumor
GGTTGTATCGTGAAAT-1,Tumor
GGTTTAATTACCATCG-1,Normal
GGTTTAATTGAGCAGG-1,Normal
GGTTTACAATCTCAAT-1,Normal
GGTTTAGCCTTTCTTG-1,Tumor
GGTTTCAATCGGTCAG-1,Normal
GGTTTGACAAGAAGCT-1,Normal
GGTTTGAGTGCTGGAA-1,Tumor
GGTTTGCGAACACGTA-1,Normal
GGTTTGTGACCTGAGG-1,Normal
GTAACAACTGACCTTG-1,Normal
GTAACAGGTTAACGGC-1,Normal
GTAACATCTAAGATAA-1,Normal
GTAACTACGTAGACCT-1,Normal
GTAACTGCCCAAGGAG-1,Tumor
GTAACTTGCGGCAGTC-1,Tumor
GTAAGCGGGCAGTCAG-1,Normal
GTAAGGATTTGTCGGA-1,Normal
GTAAGTAACAGTCTGG-1,Normal
GTAAGTAGGGTATACC-1,Normal
GTAAGTCCACACTCTA-1,Tumor
GTAATAAAGGGCTCCC-1,Normal
GTAATCTGATTCTTCG-1,Normal
GTACACTTACCTGAAG-1,Tumor
GTACAGAGGCAAGGGT-1,Normal
GTACGACGGCGCTGCG-1,Normal
GTACGAGATTGCGACA-1,Normal
GTACGCTTCATTGCAC-1,Normal
GTACGTCACGTATTAA-1,Normal
GTACGTTTGCCCGTCA-1,Normal
GTACTAAGATTTGGAG-1,Normal
GTACTCCTGGGTATGC-1,Normal
GTACTGAGGTCGTAAC-1,Normal
GTACTGCATGAAGCGT-1,Tumor
GTACTGGAGTTAGACC-1,Normal
GTACTTGGGCACTTCT-1,Tumor
GTAGAAACGGGTGGAG-1,Tumor
GTAGACAACCGATGAA-1,Tumor
GTAGACACGCCTGACT-1,Tumor
GTAGACGTCGTTACAT-1,Tumor
GTAGAGGGAGACAAGT-1,Normal
GTAGCCAAACATGGGA-1,Tumor
GTAGCGCTGTTGTAGT-1,Normal
GTAGCGGCTATACACT-1,Tumor
GTAGCTAGTAAGCGCG-1,Normal
GTAGCTCCGGGAGGCT-1,Tumor
GTAGCTTCCTCTTGTT-1,Normal
GTAGGTGATCCGTGTA-1,Normal
GTAGTCGCGGGAATCA-1,Normal
GTAGTCTACGATATTG-1,Tumor
GTAGTGAGCAACCTCA-1,Normal
GTAGTTCGAAGGCGAA-1,Tumor
GTAGTTTAAGCACACG-1,Tumor
GTATAATCTCCCGGAT-1,Normal
GTATAGGACTCAGTAG-1,Tumor
GTATAGTGGCCCATGT-1,Normal
GTATCAAACGTTAGCT-1,Tumor
GTATCAAGGTACTTCC-1,Normal
GTATCAGCTTGGGTTC-1,Normal
GTATCCTTTGGTAACC-1,Normal
GTATCGGGACGAGCTG-1,Normal
GTATCTCCCTAACTGT-1,Normal
GTATCTTGTTGCTCAC-1,Tumor
GTATCTTTCATAACCA-1,Normal
GTATGACGTGGGAAAC-1,Normal
GTATGTGGGTCTAGTT-1,Tumor
GTATTAAGGCGTCTAA-1,Tumor
GTATTAGGGTTCGCGT-1,Normal
GTATTCTGAGAAACGA-1,Normal
GTATTTAATGGCATAA-1,Normal
GTCAAAGTTTACATAG-1,Tumor
GTCAACCAGGCCTATA-1,Normal
GTCAAGCGGACTCGGG-1,Tumor
GTCAATGCTATAATTT-1,Normal
GTCAATTGTACTGAAG-1,Tumor
GTCACAAAGTTTCCAA-1,Normal
GTCACTCTCCAAATCT-1,Normal
GTCAGAATAGTCTATG-1,Normal
GTCAGTTGTGCTCGTT-1,Tumor
GTCATCCCAAACTCAC-1,Normal
GTCATGCACCTCCGTT-1,Normal
GTCATGCGCGAGGGCT-1,Normal
GTCATGGACATGACTA-1,Normal
GTCATTAGAGCGAACG-1,Tumor
GTCCAATATTTAGCCT-1,Normal
GTCCAGGCACGTGTGC-1,Tumor
GTCCATTACTGCTACG-1,Tumor
GTCCCAACGTAAAGTA-1,Tumor
GTCCCGCGACGTTATG-1,Tumor
GTCCGGACCTGAAATT-1,Normal
GTCCGGCTGAATTGCG-1,Normal
GTCCGGGTTCACATTA-1,Normal
GTCCGTTAGAGGGCCT-1,Normal
GTCCTACAGGCGGCTC-1,Normal
GTCCTACGAATAGTCT-1,Normal
GTCCTTCTAGTGGGTT-1,Tumor
GTCCTTTAATGACTTC-1,Tumor
GTCGATAGGTGACTTT-1,Normal
GTCGCCGTTGTGTGTT-1,Normal
GTCGCGTAACCCGTTG-1,Tumor
GTCGGAAGGATACCAG-1,Normal
GTCGGATATCTCAGAC-1,Normal
GTCGGATGTAGCGCGC-1,Normal
GTCGGGAAGCAGAAAC-1,Tumor
GTCGTACCATCTCGGG-1,Normal
GTCGTATTGGCGTACA-1,Normal
GTCGTCAATTATAAGG-1,Normal
GTCGTCTGGTTGGCTA-1,Normal
GTCGTGTCTGGTCATC-1,Normal
GTCGTTATTCGCTTAT-1,Normal
GTCTAGTGAGCCGCTT-1,Normal
GTCTATACACGCATGG-1,Normal
GTCTATCTGAGTTTCT-1,Normal
GTCTATTGCATGCTCG-1,Normal
GTCTATTGGTTCCGGT-1,Normal
GTCTCAAGGCCCGGCT-1,Tumor
GTCTCCCGAGTCCCGT-1,Normal
GTCTCGACTAAGTTTG-1,Normal
GTCTCGATCTGCTTTC-1,Normal
GTCTCGCCAACACGCC-1,Normal
GTCTGGGCGGTCGAGA-1,Tumor
GTCTGTAGGTTGAACA-1,Normal
GTCTTAGTACAGCCGG-1,Normal
GTCTTGAGGAGCAGTG-1,Tumor
GTCTTGTAGCTATTCA-1,Normal
GTGAAACGGCGCCACC-1,Tumor
GTGAAACGTGCTCCAC-1,Tumor
GTGAACTCCCATTCGA-1,Normal
GTGAAGATTTCAAGTG-1,Normal
GTGAAGCCGTATAGTC-1,Normal
GTGACAGCTTCCCACT-1,Tumor
GTGACCGCACACTACG-1,Normal
GTGACCTAAAGAATAA-1,Normal
GTGACGAGGGTGACCC-1,Normal
GTGACGCAGGTTTCAT-1,Tumor
GTGACTTCAGTAGTGC-1,Normal
GTGAGATAACCTTATA-1,Tumor
GTGAGGACACTTAAGG-1,Tumor
GTGAGGAGCGGTTGAG-1,Tumor
GTGAGTCGACTAATAG-1,Normal
GTGAGTGGTACAACGC-1,Normal
GTGATCAAGCGTGCAC-1,Normal
GTGATCACTAACGCCT-1,Tumor
GTGATCATAGATCTGC-1,Normal
GTGATCCTTGTCATGA-1,Tumor
GTGATGCACAACATCT-1,Normal
GTGATTCGCCGCTCAA-1,Normal
GTGCAACAAATGTGGC-1,Normal
GTGCACCAGCTTCAAC-1,Normal
GTGCACGAAAGTGACT-1,Tumor
GTGCAGCGTAGAGTAG-1,Normal
GTGCCAAACGTTTCGA-1,Normal
GTGCCCGTTCGGATTC-1,Normal
GTGCCGCTTCAAAGGT-1,Normal
GTGCCTCAGTGTACGG-1,Tumor
GTGCCTGAGACCAAAC-1,Normal
GTGCGAAATCGAACAC-1,Normal
GTGCGACAGGGAGTGT-1,Normal
GTGCGCTTACAAATGA-1,Normal
GTGCGGGTCTCCAAAT-1,Normal
GTGCGTGTATATGAGC-1,Normal
GTGCTATCCAGCTGGA-1,Normal
GTGCTCAAGTACTGTC-1,Tumor
GTGCTTACATCAGCGC-1,Tumor
GTGGAACCTACATGCG-1,Normal
GTGGACGCATTTGTCC-1,Tumor
GTGGACGTGCTGAGAC-1,Tumor
GTGGAGCATGTCGGCC-1,Tumor
GTGGAGTCGGCGGTTG-1,Normal
GTGGCGGGCCGTAGCT-1,Normal
GTGGCTGTTTCTGTTC-1,Normal
GTGGGAACAAACCGGG-1,Tumor
GTGGGCTTAGACACAC-1,Normal
GTGGGTCTTCTTTGCG-1,Normal
GTGGTATAGTCTGCCG-1,Normal
GTGGTCAGCGAAGTAT-1,Tumor
GTGGTGGCCAAGTGAA-1,Normal
GTGGTTACTTCTTTCG-1,Normal
GTGTACCTTGGCTACG-1,Normal
GTGTACGAACCGTTCC-1,Tumor
GTGTATATCAGCGGGC-1,Normal
GTGTATGACTTTAAAG-1,Tumor
GTGTCAGTGTACGTGG-1,Tumor
GTGTCGTATAGCGTTC-1,Normal
GTGTCGTATTCACCTT-1,Normal
GTGTGAATAACTTAGG-1,Tumor
GTGTGAGCCGAGGTGC-1,Normal
GTGTTACTATGCGTCC-1,Tumor
GTTAAAGTAGGACTGG-1,Normal
GTTAACATCACTTAAA-1,Normal
GTTAACTATGTTGTCA-1,Normal
GTTAAGGGTGCGATGT-1,Tumor
GTTAAGTTAGAGTGGG-1,Tumor
GTTACCTACAACTTGC-1,Normal
GTTACGAAATCCACGC-1,Normal
GTTACGGCCCGACTGC-1,Tumor
GTTACTTTGGGCCTAG-1,Normal
GTTAGAGTGTGCCGCT-1,Normal
GTTAGCCCATGACATC-1,Tumor
GTTAGCCGTAAATCAA-1,Normal
GTTATAATACGGTGAA-1,Tumor
GTTATATCAGGAGCCA-1,Normal
GTTATATTATCTCCCT-1,Normal
GTTATCAAGCTATCGA-1,Normal
GTTATCACCTTCTGAA-1,Normal
GTTATTAAATACGACC-1,Normal
GTTATTAACGTGGGAG-1,Tumor
GTTCAATCTATGTCAA-1,Tumor
GTTCACAGGAGTCTAG-1,Normal
GTTCAGTCGCCAAATG-1,Normal
GTTCATCGTTTGGCTG-1,Normal
GTTCCAAGACAGCGAC-1,Normal
GTTCCAGTCTGACCAT-1,Normal
GTTCCGTCCGCCTGCA-1,Tumor
GTTCGACAATTGTATA-1,Tumor
GTTCGCCATAAGTGCC-1,Normal
GTTCGCTGAGACGTCT-1,Tumor
GTTCGGATCGGGAACA-1,Normal
GTTCGGGCGTACCATT-1,Normal
GTTCGTCTAAAGAACT-1,Normal
GTTCGTCTGGGTCCCT-1,Normal
GTTCGTTGCGGACCAG-1,Normal
GTTCTTCCCTCGATGT-1,Normal
GTTCTTGTAACTCAAT-1,Normal
GTTGAACCGGTTCCAT-1,Normal
GTTGAGTCCCGCCGGT-1,Normal
GTTGCACGGAGTTTCG-1,Normal
GTTGCGCTAACATTAC-1,Tumor
GTTGCGGACGGTCAGG-1,Normal
GTTGGACCGCATCAGG-1,Normal
GTTGGATTCAGTGGCT-1,Normal
GTTGGATTGAGAACAC-1,Normal
GTTGGATTTGCGTTGG-1,Tumor
GTTGGTCATGCTATCC-1,Tumor
GTTGTAGATTTATGAG-1,Normal
GTTGTCGTGTTAGTTG-1,Tumor
GTTGTTACATTGCGCT-1,Normal
GTTTACGTTCCATCTG-1,Tumor
GTTTCCTGGAGGGTGA-1,Normal
GTTTCTAGAGGCGCGG-1,Normal
GTTTCTGCAGTCTCCC-1,Tumor
GTTTGACCAAATCCTA-1,Normal
GTTTGAGCGGTTATGT-1,Tumor
GTTTGGCCCAAGTTAT-1,Normal
GTTTGGCCGCTCAGCG-1,Tumor
GTTTGGCGTCAGGCAC-1,Normal
GTTTGGGCTTGTGAGC-1,Normal
GTTTGGGTTTCGCCCG-1,Normal
GTTTGGTAGGGTCAAC-1,Tumor
GTTTGGTGATCGGTGC-1,Tumor
TAAACCCAGGAGGGCA-1,Normal
TAAAGACAACCCTTTA-1,Tumor
TAAAGAGCCCGAAACC-1,Tumor
TAAAGCGGTATTTCCA-1,Tumor
TAAAGCGTTAGGAGAA-1,Normal
TAAAGCTGCAATAGGG-1,Normal
TAAAGTGCACGTCTCG-1,Normal
TAAATCTTTACACCTC-1,Normal
TAAATGAATCCGTTTC-1,Tumor
TAAATGCCGTCTCATG-1,Normal
TAAATTGTGGGTAAAG-1,Tumor
TAAATTTAGTAACACC-1,Normal
TAACAAAGGGAGAAGC-1,Normal
TAACAATATTTGTTGC-1,Normal
TAACAGCGTTTGTGCT-1,Tumor
TAACAGGTTCCCTTAG-1,Normal
TAACATACAATGTGGG-1,Tumor
TAACATACACGCGATC-1,Normal
TAACCGCCCGCAGTGC-1,Tumor
TAACCTACCGTCCGAG-1,Normal
TAACCTAGGGAGTCCA-1,Normal
TAACGCTTTGAGAGCG-1,Tumor
TAACTATCGAAGGTCC-1,Normal
TAACTATTACGCCAAA-1,Normal
TAACTCATCCGCGCGG-1,Normal
TAACTCCATGGAGGCT-1,Tumor
TAAGATTTAGCGGGAG-1,Normal
TAAGCCCTTACGACCA-1,Normal
TAAGCGCGAATCAAAT-1,Normal
TAAGGAACTTGTGGGA-1,Tumor
TAAGGCAACATAAGAT-1,Normal
TAAGGCATAACATCAA-1,Tumor
TAAGGCCCGTCACCCT-1,Tumor
TAAGGCTGAATCCCTC-1,Tumor
TAAGGGCCTGTCCGAT-1,Normal
TAAGTAAATGTGCCGC-1,Normal
TAAGTAACATCTTGAC-1,Normal
TAAGTCGCCGAGTATC-1,Tumor
TAAGTGAATAGTCTAC-1,Tumor
TAAGTTGCGACGTAGG-1,Tumor
TAATAAACAAGGAGAT-1,Normal
TAATACACAGTAGTAT-1,Tumor
TAATACTAGAACAGAC-1,Normal
TAATAGAACAGAGTTA-1,Normal
TAATAGCTAAATGATG-1,Normal
TAATAGTGACGACCAG-1,Normal
TAATATTGAAATTCGC-1,Tumor
TAATCAACCAAATGGG-1,Tumor
TAATCGATCCGTACGT-1,Tumor
TAATGAAAGACCCTTG-1,Tumor
TAATGTCGGTTCATGG-1,Tumor
TAATTACGTCAGTAGA-1,Normal
TAATTAGATGGATATG-1,Tumor
TAATTAGGACATCCGT-1,Tumor
TAATTGGAATCGGGAA-1,Tumor
TACAACGCACAACTCA-1,Normal
TACAAGCTGTTCACTG-1,Tumor
TACAAGGGCTTCTTTA-1,Normal
TACAATGAAACCAGCA-1,Tumor
TACACAGCCGTGGTGC-1,Normal
TACACCGTCGTTAGTC-1,Normal
TACACCTCTTCGAATC-1,Normal
TACAGAAACGGTGGGC-1,Tumor
TACATAGGCATACACC-1,Tumor
TACATTTCTAACGTGC-1,Normal
TACCAAATAGCCCAGA-1,Tumor
TACCAATAAAGTACCA-1,Normal
TACCAGAAGTAGGTTC-1,Normal
TACCAGCTAGGTTTAA-1,Normal
TACCAGGAATCCCGTC-1,Tumor
TACCATGTATTGATTT-1,Tumor
TACCGAATAATTGTAA-1,Normal
TACCGCGGACTTGCAG-1,Normal
TACCGGCTCACTGCCC-1,Normal
TACCGTAGGTTAACTA-1,Tumor
TACCGTGCCTCGGACC-1,Tumor
TACCTACTCCCAGTAT-1,Tumor
TACCTCACGCTTGTAC-1,Normal
TACCTCAGTTGTCTGT-1,Tumor
TACCTCCACACCAATG-1,Normal
TACCTGCTGCACTGTG-1,Tumor
TACGAACACGACTTCA-1,Normal
TACGACGCTTGCTGCG-1,Normal
TACGACTGCCTCTTAG-1,Tumor
TACGAGAACTTCACGT-1,Normal
TACGATGTTGATCATC-1,Normal
TACGCAGTTCTTTCCT-1,Normal
TACGCCATATTCTAAT-1,Tumor
TACGCCGAGGGTACCC-1,Tumor
TACGCCGCCTCAGAAG-1,Tumor
TACGCCTCCATTCCGA-1,Tumor
TACGCTATAGAAACCT-1,Normal
TACGCTCCTAGAACTG-1,Normal
TACGCTGCTGTGTTAA-1,Normal
TACGGAAGCCAAACCA-1,Normal
TACGGGATGCTAGCAG-1,Normal
TACGTAAAGCGGAGTG-1,Normal
TACGTACTAGTGCTGA-1,Normal
TACGTGCAAGGTTCCT-1,Tumor
TACGTGCACTATGCTG-1,Normal
TACGTGGGCCCAGGGC-1,Normal
TACTACGTGCAATGCG-1,Normal
TACTATGGTTCCTCAG-1,Tumor
TACTCCTCTAGTTGAC-1,Tumor
TACTCTCCGAACAAAT-1,Normal
TACTCTTACTTTACTG-1,Normal
TACTCTTTCGTCTTCA-1,Normal
TACTGAACAGATTTAG-1,Normal
TACTGCAATCAATTAC-1,Normal
TACTGCATGATTAAAT-1,Normal
TACTGTTTCTCTGGTA-1,Tumor
TACTTAAACATGTACA-1,Normal
TACTTGTTAGTAGTCC-1,Normal
TACTTTACTGAGCCGG-1,Normal
TAGAAACCACTAAGTA-1,Normal
TAGAAAGGTGGCGCTA-1,Tumor
TAGAATAGCCGATGAA-1,Normal
TAGAATTAAGGGCAAC-1,Tumor
TAGACGAAACGCCAAT-1,Tumor
TAGACGCCCGTACCGG-1,Normal
TAGACTACCTAGCGTT-1,Tumor
TAGAGCTACGAAGAAC-1,Normal
TAGAGGGAGTTTATCT-1,Normal
TAGAGGTTCTACTTGT-1,Normal
TAGAGTCTAAGCGAAC-1,Normal
TAGATATGGACTGGAA-1,Normal
TAGATCCGAAGTCGCA-1,Tumor
TAGATGGTTCCTTACT-1,Tumor
TAGATTCAAAGTGCGG-1,Tumor
TAGCAACCTGTCACAA-1,Tumor
TAGCAGTAAATACGCG-1,Normal
TAGCAGTATGACTAAA-1,Normal
TAGCCATTTCAAAGTC-1,Normal
TAGCCGGCGGTCAGCG-1,Tumor
TAGCGTCCCTCGATTG-1,Normal
TAGCGTCCGGTGTGGT-1,Normal
TAGCGTTGGGTCTTAC-1,Tumor
TAGCTAAGTCCGGGAG-1,Normal
TAGCTAGAAGGCATGA-1,Normal
TAGCTAGTGATGATGG-1,Normal
TAGCTCAGATCCTAGT-1,Normal
TAGCTCGCCTGATAAC-1,Normal
TAGGAACAGCCTCCAG-1,Tumor
TAGGATCTTAACCGCA-1,Tumor
TAGGCATGTTACGCCA-1,Tumor
TAGGCTAAAGTGGCAC-1,Normal
TAGGGAGCTTGGGATG-1,Normal
TAGGGTGTTTCAAGAG-1,Normal
TAGGTCGCCGGAACTG-1,Tumor
TAGGTGACGATAACCT-1,Tumor
TAGGTGAGCCCTACTC-1,Tumor
TAGGTGCTCGCCTAGC-1,Normal
TAGGTGTTCCACAGAT-1,Tumor
TAGGTTCGAGTTCGTC-1,Tumor
TAGGTTCTGCTGAGAA-1,Normal
TAGTACCTTAGTGGTC-1,Tumor
TAGTAGCTTATACCAG-1,Normal
TAGTAGTTGCCGGACA-1,Tumor
TAGTCCCGGAGACCAC-1,Normal
TAGTCCGCAGAGAATG-1,Normal
TAGTCCGTATGCATAA-1,Normal
TAGTCCTGCACTAAGC-1,Tumor
TAGTCGATCACGGGTT-1,Tumor
TAGTCTAACAACGAGA-1,Normal
TAGTCTGCGGCACATT-1,Normal
TAGTCTGTGACGTTGC-1,Normal
TAGTCTTTCCGAATTG-1,Normal
TAGTGAGAAGTGGTTG-1,Tumor
TAGTGCCCTCCAGAGT-1,Normal
TAGTGGAACTCATACA-1,Normal
TAGTGTCAGAAACGGC-1,Tumor
TAGTTAAGATAGGATA-1,Normal
TAGTTTATTCTTGCTT-1,Normal
TATAAGTGAGGATAGC-1,Normal
TATACACAGACGCCTT-1,Normal
TATACACGCAAAGTAT-1,Tumor
TATACCGAGTGCCACA-1,Normal
TATACGCGTCATCACT-1,Tumor
TATACTCATGCGGCAA-1,Tumor
TATAGAGTCGCTTGAA-1,Tumor
TATAGATGGTCGCAGT-1,Normal
TATATAGGGCTTTACG-1,Normal
TATATATCGAGAAATG-1,Normal
TATATCAAAGTGATCT-1,Normal
TATATCCCTGGGAGGA-1,Normal
TATATTACAAATGTCG-1,Tumor
TATATTCGCGTCGATA-1,Normal
TATCACAGCACGGGCA-1,Normal
TATCACCATGTAAAGT-1,Tumor
TATCACCCAACCGACC-1,Normal
TATCACTTCGAGTAAC-1,Normal
TATCCAATTGGTTATC-1,Normal
TATCCATATCATGCGA-1,Normal
TATCCGCACCGTCGGG-1,Tumor
TATCCTATCAACTGGT-1,Normal
TATCCTGCATGGGAAT-1,Normal
TATCGATCTATGCATA-1,Tumor
TATCGATGATTAAACG-1,Normal
TATCTACCACAGCGGG-1,Tumor
TATGAAGAATTAAGGT-1,Normal
TATGATAAATCTAACG-1,Tumor
TATGATCCGGCACGCC-1,Normal
TATGATCTTCTCTTTA-1,Normal
TATGCTCCCTACTTAC-1,Normal
TATGGATGTGCTACGC-1,Normal
TATGGCCCGGCCTCGC-1,Normal
TATGGCTAGGCTAATT-1,Normal
TATGGGACCGAGCAGG-1,Tumor
TATGGGTACGTATCGT-1,Tumor
TATGGTCTGAGTAACA-1,Tumor
TATGGTTAGTGGGAGA-1,Tumor
TATGTAAAGTGCTTAA-1,Tumor
TATGTCAAGACCGACT-1,Tumor
TATGTCTCATTGTGCC-1,Tumor
TATTAACCTGACCGCG-1,Normal
TATTACCATCCTGCTT-1,Tumor
TATTCAATTCTAATCC-1,Tumor
TATTCCACTCAGCTCG-1,Normal
TATTCCGAGCTGTTAT-1,Normal
TATTCCGGCAGTCCTA-1,Normal
TATTCCTCCGCCCACT-1,Normal
TATTCGTGCCAGAATA-1,Tumor
TATTGACATTTCTGCC-1,Normal
TATTGCCGGGCTTGTA-1,Normal
TATTTAGTCTAGATCG-1,Tumor
TATTTATACCGAGTAG-1,Normal
TATTTGATTTGCACAG-1,Normal
TCAAACAACCGCGTCG-1,Normal
TCAAACTTAGATTGTT-1,Normal
TCAAAGTCACGGCGTC-1,Tumor
TCAAATTGTTGTGCCG-1,Normal
TCAAATTTGAGACTCA-1,Tumor
TCAACAAAGATAATTC-1,Tumor
TCAACACATTGGGTAA-1,Tumor
TCAACATAGCGCCCTA-1,Normal
TCAACCATGTTCGGGC-1,Normal
TCAACGAGGAGACAAA-1,Tumor
TCAACGCAGGAAATAA-1,Normal
TCAACTGCAGAGTCAG-1,Tumor
TCAAGAAATACTAGCT-1,Tumor
TCAAGCGCGGACGGTA-1,Normal
TCAAGCTGCCTTGAAA-1,Normal
TCAAGGTTACTACACC-1,Tumor
TCAATACGCCGTCATG-1,Tumor
TCACAAACCGAGGTAC-1,Tumor
TCACAGATCCTCAAAC-1,Normal
TCACAGCAAACTCGAA-1,Tumor
TCACAGGAGAATAAGA-1,Tumor
TCACAGGGAATCGCAA-1,Normal
TCACAGGTTATTGGGC-1,Normal
TCACATCTTATCTGAT-1,Normal
TCACCCTCTTAAGATT-1,Normal
TCACCGCTCGGCACTC-1,Normal
TCACGATGTCCGTGGA-1,Normal
TCACGCATTGTAGATC-1,Normal
TCACGGCCCAAGAGAG-1,Normal
TCACGTGCCCGATTCA-1,Tumor
TCACTACGACCAATGC-1,Normal
TCACTCAGCGCATTAG-1,Tumor
TCACTCGTGCAACGGC-1,Normal
TCAGAACCTCCACAGG-1,Normal
TCAGACGCTATAGAAG-1,Normal
TCAGATGGAGACGTAG-1,Normal
TCAGCAAATGCATCTC-1,Tumor
TCAGCAGTAGGCCCTG-1,Normal
TCAGCCAATCCGTAAA-1,Normal
TCAGCGCACGCCGTTT-1,Normal
TCAGGGCGCAAACTCG-1,Tumor
TCAGGGTGCACGAAAC-1,Normal
TCAGGGTGTAACGTAA-1,Normal
TCAGGTTCTTTGAGAA-1,Normal
TCAGTACTGACCCGCG-1,Normal
TCAGTAGGGACTATAA-1,Normal
TCAGTGTATACGTCAT-1,Tumor
TCAGTTACGGAATGAT-1,Normal
TCATACTTACAGATCC-1,Tumor
TCATATGAGCTTTGTT-1,Tumor
TCATCACTCGAGCTCG-1,Tumor
TCATCCCAGAGGGTGG-1,Normal
TCATCCTCAGCTGCTT-1,Normal
TCATCGACGACCGTCG-1,Normal
TCATCGATGGTCCCAA-1,Tumor
TCATGCAGGTTCTCAT-1,Normal
TCATTCGTATAATTTG-1,Normal
TCATTTAAGTCTCCGA-1,Normal
TCATTTAGAAGTGTGA-1,Tumor
TCCAACTCAGCTATCT-1,Normal
TCCAACTTTAAATTCT-1,Normal
TCCAAGCCTAGACACA-1,Normal
TCCAATAAAGGCTACC-1,Tumor
TCCACAATGGTTTACG-1,Tumor
TCCACATCGTATATTG-1,Normal
TCCACCTCTAGCCTTT-1,Tumor
TCCACTTTATCTAGGT-1,Tumor
TCCAGAGCACCGGTTC-1,Tumor
TCCAGATGTACGCCAA-1,Normal
TCCAGCGCTATAAGCG-1,Normal
TCCAGGCAGGACGATC-1,Normal
TCCAGGCGAGTACGGT-1,Tumor
TCCAGGGTATATACGA-1,Tumor
TCCATTAGTTGGATAG-1,Normal
TCCATTCCCACTAGAG-1,Normal
TCCATTGTGACCTCGT-1,Normal
TCCCAAACAGACAACG-1,Tumor
TCCCAAACATCCTCTA-1,Tumor
TCCCAAAGACGAAGGA-1,Normal
TCCCAAAGCCCTAAAT-1,Tumor
TCCCACTCTCTTCCGG-1,Normal
TCCCAGCTTTAGTCTG-1,Tumor
TCCCAGGCTTAGCTAA-1,Normal
TCCCGCCTATGTGCGT-1,Normal
TCCCGCGTACTCCTGG-1,Normal
TCCCGGGTGTGCTGCT-1,Normal
TCCCGGTCAGGAATTT-1,Normal
TCCCGTCAGTCCCGCA-1,Tumor
TCCCGTCGCGTCATAG-1,Normal
TCCCGTGTGCAATTTG-1,Normal
TCCCTAGATCAATAGG-1,Normal
TCCCTTAGATTACTCG-1,Normal
TCCCTTGTCTGAAACT-1,Normal
TCCGAACGTTGCCGCT-1,Tumor
TCCGAAGTAGTCACCA-1,Normal
TCCGAATGGTCCTGAG-1,Normal
TCCGACCGCTAATCAA-1,Tumor
TCCGAGAAGGCTAAGC-1,Tumor
TCCGATAATTGCCATA-1,Tumor
TCCGATGACTGAGCTC-1,Tumor
TCCGATGGTGCGACAT-1,Normal
TCCGATTACATTGCCG-1,Normal
TCCGCCTGTCTACAAG-1,Normal
TCCGCGGCAGCATCTG-1,Tumor
TCCGCGGCCCAATGAA-1,Tumor
TCCGCTGTCATCCCGG-1,Normal
TCCGCTTATCCCATTA-1,Normal
TCCGGAGGAAGGGCTG-1,Normal
TCCGGCCTAGCGTACA-1,Normal
TCCGGGCTTGACGGGA-1,Normal
TCCGGTTCGTCCGGTC-1,Normal
TCCGTAACCACAATCC-1,Tumor
TCCGTTAAGCTAATAT-1,Tumor
TCCGTTTAGCCTTGAA-1,Normal
TCCTAAAGATTCAGAC-1,Normal
TCCTAAATTGGGAAGC-1,Normal
TCCTAACCGTCGGGCA-1,Normal
TCCTACATCCACGGCC-1,Normal
TCCTAGCAAAGAAGCT-1,Normal
TCCTATCATAGGTAAC-1,Tumor
TCCTCGGGCTGGGCTT-1,Tumor
TCCTCTACGAGATGGC-1,Tumor
TCCTCTGGCCCATTAG-1,Tumor
TCCTGCAGCCGCCAAT-1,Normal
TCCTGCCAACTGGAGA-1,Tumor
TCCTGGCGCTGCCTGG-1,Normal
TCCTTACGACGGTCCG-1,Tumor
TCCTTCAGTGGTCGAA-1,Normal
TCCTTGTCCTTTAATT-1,Normal
TCCTTTAAATCCGCTT-1,Normal
TCCTTTCTTACGCTTA-1,Normal
TCGAAATTTAGGACCA-1,Normal
TCGAAGAACCGAGCAC-1,Tumor
TCGAATATCCCGCAGG-1,Tumor
TCGAATCGCAGGGTAG-1,Normal
TCGACATAGCGTAGCG-1,Tumor
TCGAGACCAACACCGT-1,Normal
TCGAGCCAGGCAGGCC-1,Normal
TCGATAGGCTAGTCGC-1,Tumor
TCGATTTACGAAACGA-1,Normal
TCGCAAAGATGCATTT-1,Normal
TCGCACCAGGAGGCAG-1,Normal
TCGCATCCCTAAGTGT-1,Tumor
TCGCATTCAATGACTT-1,Tumor
TCGCCACCCGGATTAC-1,Normal
TCGCCCAACTGACTCC-1,Normal
TCGCCGAAGTTGCGTC-1,Tumor
TCGCCGACATATTCGC-1,Normal
TCGCCGGTCGATCCGT-1,Tumor
TCGCGTAGCAGTGTCC-1,Normal
TCGCGTCCAGAAGGTC-1,Normal
TCGCTAAACCGCTATC-1,Normal
TCGCTACTGGCTTTGA-1,Tumor
TCGCTCGATATATTCC-1,Normal
TCGCTCGGCACCAGCG-1,Normal
TCGCTGCCAATGCTGT-1,Normal
TCGCTGGGCGGATTGT-1,Normal
TCGCTGTGCGTAAATC-1,Tumor
TCGCTTAATTACGAAG-1,Normal
TCGCTTTAAACGTTTG-1,Tumor
TCGGAATGACCATCAA-1,Normal
TCGGAATGCGCTCTGA-1,Normal
TCGGACGCCCAGCCCA-1,Tumor
TCGGAGTACATGAGTA-1,Tumor
TCGGCGAACCCAAACC-1,Tumor
TCGGCTAACTTCCCTT-1,Normal
TCGGCTTGTATCGACG-1,Normal
TCGGGAACGTGCCTAG-1,Normal
TCGGGAGACAGCGTAC-1,Normal
TCGGGCACTTCTGGAT-1,Tumor
TCGGGCCGTCGTGGTA-1,Normal
TCGGGTGAAACTGCTA-1,Normal
TCGGTCCCTGACTCCA-1,Tumor
TCGGTGACCGCTCCGG-1,Normal
TCGGTTAGCCATGTAG-1,Normal
TCGTAAGACGACATTG-1,Normal
TCGTAAGCTCCGAGGA-1,Tumor
TCGTACCGACGTCAAG-1,Normal
TCGTATAGTGCAATTA-1,Normal
TCGTATTTCGTCCGGA-1,Normal
TCGTCAAGTACGCGCA-1,Normal
TCGTCACACTGTTAGC-1,Tumor
TCGTCCGCTGGCGTCT-1,Normal
TCGTCCGGGTACACTC-1,Normal
TCGTCTTAGGCGTTAA-1,Tumor
TCGTGTACTATGGATG-1,Normal
TCGTGTATTGGTCACG-1,Normal
TCGTGTTCGACCACAA-1,Tumor
TCGTTAGGAGTCCCTA-1,Normal
TCGTTCGTTATTATGT-1,Normal
TCGTTGCTATCCGGTC-1,Tumor
TCGTTGGCTCGTCAAT-1,Tumor
TCGTTTACGCGACCCT-1,Normal
TCTACACGTTCATGCA-1,Normal
TCTACCCAATAGAGAG-1,Tumor
TCTACCGTCCACAAGC-1,Normal
TCTACGCACGATCTCC-1,Tumor
TCTACGGGCTCAGTTG-1,Normal
TCTAGCATGCCCAGAA-1,Normal
TCTAGGTGGCGACGCT-1,Normal
TCTAGTGATATCGTGG-1,Tumor
TCTAGTTATCAGAAGA-1,Tumor
TCTATAGGTGGGTAAT-1,Normal
TCTATCATGCAGTTAC-1,Tumor
TCTATCGGTCGCAACA-1,Tumor
TCTATGCTATAACGAC-1,Normal
TCTATTACGCTGGCGA-1,Tumor
TCTCATGAGATAGGGT-1,Normal
TCTCCAACGTAGGTTA-1,Tumor
TCTCCACAAGTTGAAT-1,Tumor
TCTCCCTGGGCAGCGT-1,Normal
TCTCGAACGAGGTCAC-1,Tumor
TCTCGACGTATCGCCG-1,Tumor
TCTCGAGGAGGTTCGC-1,Normal
TCTCGGCTCCAGGACT-1,Normal
TCTCTAATAGCTGGTA-1,Normal
TCTCTCGCCGCACATA-1,Normal
TCTCTTACCGCGAACC-1,Tumor
TCTGAACCGGTCGGCT-1,Normal
TCTGAACTCGTACCCG-1,Normal
TCTGAAGCACGTGGTC-1,Normal
TCTGAATTCCGTACAA-1,Normal
TCTGACGGGCTAACCC-1,Normal
TCTGACTGTAATGGTT-1,Normal
TCTGAGCAATTGACTG-1,Tumor
TCTGATCGGGTGCTAG-1,Normal
TCTGATGTATTCTGTC-1,Normal
TCTGATTGGAAATGGA-1,Tumor
TCTGCACCATTAGTAA-1,Normal
TCTGCATACCTTGCTT-1,Normal
TCTGCCAGAAACTGCA-1,Normal
TCTGCGAATCGTTCGC-1,Normal
TCTGCGTCCGGTTTCT-1,Tumor
TCTGCTTAGAACAAGC-1,Tumor
TCTGGAGCGTAAGAGT-1,Tumor
TCTGGCCGTTCAAGTT-1,Tumor
TCTGGGAACCTTTGAA-1,Tumor
TCTGGGTAGCGCTCAT-1,Normal
TCTGTCATACAAGAGC-1,Tumor
TCTGTGATGGAGGTTG-1,Normal
TCTGTGCCATCATAGT-1,Tumor
TCTGTGGCTACATTTC-1,Tumor
TCTGTTACCCAGCATA-1,Normal
TCTTACAGAGGTACCG-1,Tumor
TCTTACCGGAACTCGT-1,Tumor
TCTTACGGCATCCGAC-1,Tumor
TCTTACTTATGCCTCT-1,Normal
TCTTAGAGCTCCAATT-1,Tumor
TCTTAGAGTGAACTCT-1,Tumor
TCTTATGGGTAGTACC-1,Tumor
TCTTCCCATGGGCACA-1,Normal
TCTTCGAATAGACGTT-1,Tumor
TCTTCGATACCAATAA-1,Normal
TCTTCTATAACCCGCC-1,Tumor
TCTTGATGCGTAGCGA-1,Normal
TCTTGCTCCCGATACT-1,Tumor
TCTTGGTAACACCAAA-1,Tumor
TCTTGGTCAATGATAC-1,Normal
TCTTTAAGACTATGAA-1,Normal
TCTTTAGAGTCTAACA-1,Normal
TCTTTAGCAGGCGAAC-1,Normal
TCTTTCTCTTAAGGAG-1,Normal
TGAAACTTATGCAAGC-1,Tumor
TGAAAGGACCTGACTC-1,Tumor
TGAACAAGCAGGGACT-1,Tumor
TGAATACCGACGCGTA-1,Normal
TGAATATGCTATAAAC-1,Normal
TGAATGAGATACAGCA-1,Normal
TGAATGAGTGTTTCCC-1,Normal
TGAATGTCAGCCGGCC-1,Tumor
TGACAACGCATGTCGC-1,Tumor
TGACAACTTAAAGGTG-1,Tumor
TGACACTTCTCTTTGC-1,Normal
TGACATCGAGCGGACC-1,Normal
TGACATGTAACGTGAC-1,Normal
TGACCAAATCTTAAAC-1,Tumor
TGACCAGCTTCAAAGT-1,Tumor
TGACCCAACTCACATT-1,Normal
TGACCCACGTTAGACA-1,Normal
TGACGATGCACTAGAA-1,Tumor
TGACTATAATCCTTTC-1,Normal
TGAGAATGCTTTACCG-1,Normal
TGAGAGATTTACCACG-1,Normal
TGAGATCAAATACTCA-1,Normal
TGAGATTAGGCCCTAA-1,Normal
TGAGCAGTCGTGAAGT-1,Normal
TGAGCCATACAGTCTC-1,Normal
TGAGCGGAAAGTGTTC-1,Tumor
TGAGCTTTAATGACGC-1,Normal
TGAGGAGTGCCAGCTT-1,Tumor
TGAGGTGTGTGGCGGA-1,Normal
TGAGGTTGATCCCAAG-1,Normal
TGAGTAAATTAGCGTA-1,Normal
TGAGTGCCTCTTAAAT-1,Normal
TGAGTGGTCCGTGACG-1,Normal
TGAGTTAAAGACATTC-1,Tumor
TGATACATTTAGCCGT-1,Normal
TGATCACCACACTGAC-1,Normal
TGATCCCAGCATTAGT-1,Normal
TGATCGGTTTGACCCT-1,Normal
TGATCTACGCTGATCT-1,Normal
TGATCTCCGGCGCCAG-1,Normal
TGATGCTCACGTAGTC-1,Normal
TGATGGCTGTTTCTGA-1,Normal
TGATGTCAATTAAGTG-1,Normal
TGATTATGGCACGCAG-1,Normal
TGATTCCCGGTTACCT-1,Tumor
TGATTCGTCTATCACT-1,Tumor
TGATTCTGTCGCCGGT-1,Normal
TGATTTCCTCCTGACG-1,Tumor
TGCAAACGTACTAGTT-1,Normal
TGCAAAGTTCGTCTGT-1,Normal
TGCAACCCATCTGCGG-1,Tumor
TGCAACTACTGGTTGA-1,Normal
TGCAAGAATGACGTAA-1,Normal
TGCAATCTAACACGGT-1,Normal
TGCAATTTGGGCACGG-1,Tumor
TGCACAGTGAAGTTAT-1,Normal
TGCACGAGTCGGCAGC-1,Normal
TGCACTATGTGAGTGC-1,Normal
TGCAGAGTACCGAGCA-1,Normal
TGCAGGATCGGCAAAG-1,Tumor
TGCAGTGAGGCTCGGG-1,Normal
TGCAGTGGTAGGGAAC-1,Normal
TGCAGTTTCCTCCCAT-1,Normal
TGCATATGTCTGTCAC-1,Tumor
TGCATCTCCGGATCTT-1,Normal
TGCATGGATCGGATCT-1,Tumor
TGCATGTGACCCATAG-1,Tumor
TGCATGTGGTAATCTA-1,Tumor
TGCCAATGGGTACTCT-1,Tumor
TGCCACCTGGCGAAAC-1,Tumor
TGCCAGTACGTGGAGA-1,Normal
TGCCATTACTAAAGAA-1,Normal
TGCCCGATAGTTAGAA-1,Normal
TGCCCGTACCGTTAAA-1,Normal
TGCCGAAAGCGTATTC-1,Normal
TGCCGGATGTACGAGC-1,Tumor
TGCCGTGGATCGTCCT-1,Tumor
TGCCGTGGGACCCAAT-1,Normal
TGCCTAAATTTAATAG-1,Tumor
TGCCTAATTGAAGATT-1,Tumor
TGCCTGACATCGGTCA-1,Tumor
TGCCTGATCAAACGAT-1,Tumor
TGCCTTGGCCAGGCAA-1,Normal
TGCGACACCCTAGTGC-1,Normal
TGCGACGGCCGAACGT-1,Tumor
TGCGAGAATATTACCC-1,Normal
TGCGAGATGGCGGCCA-1,Normal
TGCGAGCCCTTCCGCG-1,Normal
TGCGCAAAGCATTTGG-1,Normal
TGCGCCGTTAATAACG-1,Tumor
TGCGCGATTAACGGAG-1,Normal
TGCGGACTTGACTCCG-1,Normal
TGCGGAGTAAAGGTGC-1,Tumor
TGCGGCATAGTTCAAC-1,Normal
TGCGGGTATTGGGATC-1,Normal
TGCGGTGAAATTTCAT-1,Normal
TGCGTAAGAACCTGAT-1,Normal
TGCGTACGGCTAATTG-1,Normal
TGCGTGATTGGGTGTC-1,Normal
TGCGTTTGTTGACACT-1,Tumor
TGCTAAGTGTCTATTT-1,Normal
TGCTATACAAACGGAC-1,Tumor
TGCTATGGCAAAGGGA-1,Tumor
TGCTCAAAGGATGCAC-1,Normal
TGCTCCACAGTTCTTA-1,Normal
TGCTCGGCGAAACCCA-1,Tumor
TGCTCGGTGGGTCACC-1,Tumor
TGCTCTGCCGGTTCAC-1,Normal
TGCTCTTGAGAGTTTG-1,Tumor
TGCTGCGTCAGAGTTA-1,Normal
TGCTGGTTGGACAATT-1,Normal
TGCTGTTGAAGAACTC-1,Tumor
TGCTTCCCAAGCAGTA-1,Tumor
TGCTTGAAACCATGCA-1,Normal
TGGAAACGGAGTGAAC-1,Normal
TGGAACCACTGACACA-1,Normal
TGGAAGAAGGGAACGT-1,Normal
TGGAAGACGAACACCA-1,Tumor
TGGAAGGATAAAGATG-1,Tumor
TGGAATATCCTTGACC-1,Normal
TGGAATTAGACGCTTT-1,Tumor
TGGACCAATCTAAGAT-1,Tumor
TGGACCACGGCGTTGA-1,Normal
TGGACTGTTCGCTCAA-1,Tumor
TGGAGAATAATCGTCC-1,Normal
TGGAGCTAAAGTTCCC-1,Normal
TGGAGGGAAACACCTC-1,Normal
TGGAGTGATGCGATGA-1,Normal
TGGATGGCATCTTGGA-1,Normal
TGGCAAACTAAATTAC-1,Normal
TGGCAACTCGCGCGCC-1,Normal
TGGCAAGCACAAGTCG-1,Normal
TGGCAATGGGACGGCG-1,Tumor
TGGCACGAGCTCGAGT-1,Normal
TGGCAGATTACGATCA-1,Normal
TGGCAGCAGTAATAGT-1,Tumor
TGGCCAAACTGAAGTA-1,Tumor
TGGCCGTATATTGACC-1,Normal
TGGCGACTGCTCCAAA-1,Tumor
TGGCGATCAAGTTATG-1,Normal
TGGCGGTGTGCGATTG-1,Tumor
TGGCTACACTCTACCT-1,Normal
TGGCTATGTGACATAC-1,Tumor
TGGCTTGTACAAGCTT-1,Normal
TGGCTTTGGGTAGACA-1,Normal
TGGGAAATGCCTTTCC-1,Tumor
TGGGATGCACTCATTC-1,Normal
TGGGCAATAGTTGGGT-1,Tumor
TGGGCACAAACAGAAC-1,Tumor
TGGGCACGTTCTATGG-1,Tumor
TGGGCAGGCCACCGCA-1,Normal
TGGGCCACAAGAGCGC-1,Tumor
TGGGCCCATACTAATT-1,Tumor
TGGGCGATACAATAAG-1,Normal
TGGGTAAGGTTCCCGC-1,Normal
TGGGTGCACAAGCCAT-1,Normal
TGGGTGGGATGTCATT-1,Normal
TGGGTGTAATAGATTT-1,Normal
TGGGTGTTAAGTAGAA-1,Normal
TGGGTTTCGGGCGTAC-1,Tumor
TGGTAGAATATATGGG-1,Normal
TGGTATCGCATCCCAA-1,Normal
TGGTATCGGTCTGTAT-1,Normal
TGGTCCCACGCTACGG-1,Normal
TGGTCGATATACCTCT-1,Normal
TGGTGATCGTATTTGT-1,Tumor
TGGTGCCCTGCCTTAC-1,Normal
TGGTTAAGGGCGCTGG-1,Normal
TGGTTCAACGGGTAAT-1,Normal
TGGTTCGTAGCAAAGG-1,Normal
TGGTTGGAGGATCCTG-1,Tumor
TGGTTTAAACGTGGGT-1,Normal
TGTACCTACACGAGGG-1,Tumor
TGTACGAACAAATCCG-1,Tumor
TGTACTACTCTCACGG-1,Normal
TGTACTGTGCCAAAGT-1,Tumor
TGTACTTCCGGGCATG-1,Normal
TGTAGCCAATTCCGTT-1,Normal
TGTAGGAGAAATTTCC-1,Tumor
TGTAGTGATCTATAAT-1,Normal
TGTATAACAGATCCTG-1,Tumor
TGTATACGGATGATGA-1,Normal
TGTATCAGACTGAAGC-1,Normal
TGTATCCTTATTCCAT-1,Tumor
TGTATGGCGCAGACAG-1,Tumor
TGTATTTACCTAATGC-1,Tumor
TGTCATTTGTTGGGAA-1,Tumor
TGTCCACGGCTCAACT-1,Normal
TGTCCCGACATAGCAC-1,Normal
TGTCCGCAAACAATTC-1,Normal
TGTCCTAAGTCACCGC-1,Normal
TGTCGTGGGTATAGGC-1,Normal
TGTCTACAGTTTCTGT-1,Normal
TGTGACTACGCCAGTC-1,Tumor
TGTGACTAGAGTTTGC-1,Normal
TGTGAGACTAGCCCAA-1,Tumor
TGTGCCGGTGCCGGAA-1,Tumor
TGTGGACTATCTACGT-1,Normal
TGTGGAGGAAGCTTAA-1,Normal
TGTGGCAAAGCGTATG-1,Normal
TGTGGCGGGCTTCTGG-1,Tumor
TGTGGCTCCCACCAAC-1,Tumor
TGTGGTTGCTAAAGCT-1,Tumor
TGTGTCGCGAGTTGCA-1,Normal
TGTTATTGTATGTGGC-1,Normal
TGTTCCGCTTCCATGA-1,Normal
TGTTCCGGCCTGAGCT-1,Normal
TGTTCGTATTGCGGTG-1,Normal
TGTTCTCTACTCCCTA-1,Normal
TGTTCTTCCATTGACT-1,Normal
TGTTGCCGTCGTCCCA-1,Tumor
TGTTGTCAAGAAGTCT-1,Tumor
TGTTTAATACTTCATC-1,Tumor
TGTTTCGGTACTTCTC-1,Normal
TGTTTGAGATCGTCAG-1,Normal
TTAAACAGAGTCCCGC-1,Normal
TTAAACCGGTAGCGAC-1,Tumor
TTAAACTCGAATTCAT-1,Normal
TTAAAGGCGATGCTCG-1,Normal
TTAAAGTAAGTCGCCA-1,Normal
TTAACACCTCGAACAT-1,Tumor
TTAACCAACCCTCCCT-1,Normal
TTAACGAACAAGCAGT-1,Normal
TTAACGTCGCAAGACC-1,Normal
TTAACTCACGCGTGGA-1,Normal
TTAAGACGAACGAACC-1,Tumor
TTAAGATACCCAGAGA-1,Tumor
TTAAGATAGGATTGAC-1,Tumor
TTAAGCCGACAACTTC-1,Normal
TTAAGCGCCTGACCCA-1,Normal
TTAAGGATACGGAGGT-1,Normal
TTAAGTATTGTTATCC-1,Normal
TTAATCAGTACGTCAG-1,Tumor
TTAATGCGAGGTAACT-1,Normal
TTAATGTAGACCAGGT-1,Normal
TTAATTGCTTTGGGTG-1,Tumor
TTAATTTCAGACGCGG-1,Tumor
TTACAACTACGCATCC-1,Normal
TTACAGACCTAAATGA-1,Normal
TTACATCGTGGCCTGG-1,Normal
TTACATGCCACAACTA-1,Tumor
TTACCCATTGCCGGGT-1,Normal
TTACCCTAACAGTCCT-1,Tumor
TTACCCTAGGGATTGG-1,Tumor
TTACCGCCTTAGGGAA-1,Normal
TTACGGATGGTTCGAG-1,Normal
TTACTAAAGGACTTTA-1,Normal
TTACTCCGGCCGGGAA-1,Tumor
TTACTGGGATATTTCA-1,Normal
TTACTGTCTAGAGCTC-1,Tumor
TTACTGTTTCTCTACG-1,Normal
TTAGAAGAACATGACT-1,Normal
TTAGAATAAGGGTCGG-1,Normal
TTAGACACGATCGTTG-1,Normal
TTAGACGAGTCACCTC-1,Normal
TTAGAGTATTGTCGAG-1,Normal
TTAGAGTTTAGAAGGA-1,Tumor
TTAGATAGGTCGATAC-1,Normal
TTAGCAACATGGATGT-1,Tumor
TTAGCCATAGGGCTCG-1,Tumor
TTAGCTAATACGATCT-1,Normal
TTAGCTGATTTGCCGT-1,Tumor
TTAGGATGGGAGGGTA-1,Tumor
TTAGGTCATAACCGAC-1,Normal
TTAGTAAACCTGCTCT-1,Tumor
TTAGTTATTCGTGGCA-1,Tumor
TTAGTTCAAGTGTTCG-1,Normal
TTATAGATGCACATTA-1,Tumor
TTATAGGTAATTGTCT-1,Tumor
TTATAGTCCAAGGTGC-1,Normal
TTATATACGCTGTCAC-1,Tumor
TTATATTTGGCAATCC-1,Normal
TTATCCAATCGAACTC-1,Tumor
TTATCCGGGATCTATA-1,Normal
TTATCGCCTGCGAAGC-1,Tumor
TTATCTGTATCATAAC-1,Tumor
TTATGAATGAAAGGGA-1,Tumor
TTATGACAAACTGGAT-1,Tumor
TTATGATCTTAACGAA-1,Normal
TTATGCGTCCCGGTCC-1,Tumor
TTATGTTTGCGATAGA-1,Tumor
TTATTAGAGCGTGTTC-1,Normal
TTATTAGGGAAGCATC-1,Normal
TTCAAAGTCTCTAGCC-1,Tumor
TTCAACGACCCGACCG-1,Normal
TTCAAGCCGAGCTGAG-1,Normal
TTCAATACTCTGAATC-1,Normal
TTCAATTAGCCATAAT-1,Normal
TTCACGAAAGGATCAC-1,Normal
TTCACGGTCGTCACGT-1,Tumor
TTCACTCGAGCACCTA-1,Normal
TTCACTTCCTAGAACG-1,Normal
TTCAGCCCTGGTCCAC-1,Normal
TTCAGCTGGCGTGCCC-1,Normal
TTCAGTTCAAGAGGAG-1,Normal
TTCATAGCCTTGTAAC-1,Normal
TTCATGGCGCAACAGG-1,Tumor
TTCCAATCAGAGCTAG-1,Normal
TTCCAATCTGGCTATC-1,Normal
TTCCACACAGATTTGA-1,Tumor
TTCCAGACGAGATTTA-1,Tumor
TTCCAGTGGGTTTCGT-1,Normal
TTCCATCATGCGGTGA-1,Normal
TTCCATCGACAGCGTG-1,Normal
TTCCGCAGAGAAATAT-1,Normal
TTCCGCGTGAGGCGAT-1,Normal
TTCCGGCCTTGAGGCT-1,Tumor
TTCCGGCTCGACTTCT-1,Normal
TTCCGGTATCTGTGTC-1,Tumor
TTCCGGTTACCCACTT-1,Tumor
TTCCTCGAGGGTGTCT-1,Normal
TTCCTCGGACTAACCA-1,Normal
TTCCTTTCTGTGTTGC-1,Normal
TTCGAACGAAACATGC-1,Normal
TTCGACAGAGCCCGTG-1,Tumor
TTCGAGCCGGCGCTAC-1,Normal
TTCGCACTGTACGACA-1,Tumor
TTCGCATCCGGAAGCA-1,Normal
TTCGCGCGCCATACGA-1,Normal
TTCGCTAGGAAGTTGT-1,Tumor
TTCGCTATCTGACGTG-1,Normal
TTCGGACTGATGCCTT-1,Tumor
TTCGGCAACCCGCTGA-1,Normal
TTCGGCTAGAGATGGT-1,Tumor
TTCGGGACTAATCGCG-1,Tumor
TTCGGGCGCTAGTCTT-1,Normal
TTCGGTACTGTAGAGG-1,Tumor
TTCGGTGGAGACGCCC-1,Tumor
TTCGTAATCCCAGCGG-1,Tumor
TTCGTACTCCAGAACG-1,Tumor
TTCGTGCATGTTATAG-1,Normal
TTCGTTCAACGAAGTT-1,Normal
TTCTAACCGAAGCTTA-1,Normal
TTCTACCTCAATCGGT-1,Tumor
TTCTACCTTTATGTTG-1,Normal
TTCTACTTGCGAGGGC-1,Normal
TTCTAGAAAGTCTTAT-1,Normal
TTCTAGGCCAATTGTG-1,Normal
TTCTATGCCTTTCGCA-1,Normal
TTCTATTAAACGCAGC-1,Normal
TTCTGACCGGGCTCAA-1,Tumor
TTCTGCCGCGCCTAGA-1,Normal
TTCTGCGGGTTAGCGG-1,Tumor
TTCTGCTAGACTCCAA-1,Normal
TTCTTAGTGAACGGTG-1,Tumor
TTCTTAGTGGCTCAGA-1,Tumor
TTCTTATCCGCTGGGT-1,Tumor
TTCTTCCCTTTGATAT-1,Normal
TTCTTGAGCCGCGCTA-1,Normal
TTCTTGCTAGCATCTC-1,Tumor
TTCTTGGACGATCTGC-1,Tumor
TTCTTGGAGTAATGAG-1,Tumor
TTCTTGTAACCTAATG-1,Normal
TTCTTTGGTCGCGACG-1,Normal
TTGAAAGGTGTAAAGG-1,Tumor
TTGAACGAATCCTTTG-1,Tumor
TTGAACGACGTGCTGA-1,Tumor
TTGAAGAATTCCCAGG-1,Normal
TTGAATATGGACTTTC-1,Tumor
TTGAATTCACGTGAGG-1,Tumor
TTGACAGGAGCTCCCG-1,Tumor
TTGACCAGGAACAACT-1,Tumor
TTGACCATGTTCTCCG-1,Tumor
TTGACCGTGTTAATGA-1,Tumor
TTGACGATTCAGCACG-1,Tumor
TTGACGCTCCATGAGC-1,Tumor
TTGACTACCATATGGT-1,Normal
TTGACTATTGTCCGGC-1,Tumor
TTGAGAAGTTTAGCAT-1,Normal
TTGAGAGTACTGCTAA-1,Normal
TTGAGCAGCCCACGGT-1,Tumor
TTGAGCGCCACGTGAT-1,Normal
TTGAGGCATTTAACTC-1,Normal
TTGAGTCCCGCTGCTG-1,Normal
TTGATAGTCAATACAT-1,Normal
TTGATCTAACTTTGTC-1,Normal
TTGATGCCGCTCGTCG-1,Tumor
TTGATGTGTAGTCCCG-1,Tumor
TTGATTAGCTGTTTCT-1,Normal
TTGATTATGCAGATGA-1,Tumor
TTGCAAGAAGACTCCT-1,Normal
TTGCACAATTCAGAAA-1,Tumor
TTGCACGGAGCAGCAC-1,Tumor
TTGCCAAGCAGAACCC-1,Tumor
TTGCCCTGATCACGGG-1,Normal
TTGCCGCTTTCTAGTA-1,Tumor
TTGCCGGTGATCCCTC-1,Tumor
TTGCCTAATCCAAAGT-1,Normal
TTGCCTTCTCGCCGGG-1,Normal
TTGCGCTTGATCAATA-1,Normal
TTGCGGAAAGCTGCCC-1,Normal
TTGCGGCATCAGAAAG-1,Tumor
TTGCGGCGACTCATGC-1,Normal
TTGCGTAGTTTGAGGA-1,Tumor
TTGCGTCGGCCAACCG-1,Normal
TTGCGTGAACGCTTAG-1,Normal
TTGCGTGTGTAGGCAT-1,Normal
TTGCTCATAGTACGTG-1,Normal
TTGCTCCCATACCGGA-1,Tumor
TTGCTGAAGGAACCAC-1,Tumor
TTGCTGATCATGTTCG-1,Tumor
TTGCTGCACCTATCCA-1,Tumor
TTGCTGGCCGGGCTTC-1,Normal
TTGGACCATCTGGCAA-1,Tumor
TTGGACCTATAACAGT-1,Normal
TTGGAGTCTCCCTTCT-1,Tumor
TTGGATATCGTCTACG-1,Normal
TTGGATCGACTTCTGG-1,Normal
TTGGATTGGGTACCAC-1,Normal
TTGGCCAAATTGTATC-1,Normal
TTGGCCATCTTGCGCT-1,Tumor
TTGGCCTAGAATTTCG-1,Normal
TTGGCGATCCGAATAT-1,Normal
TTGGCTCGCATGAGAC-1,Normal
TTGGGAAGACGAGCCG-1,Normal
TTGGGACACTGCCCGC-1,Normal
TTGGGACGTAAGAGTT-1,Tumor
TTGGGCGGCGGTTGCC-1,Tumor
TTGGGTTTATTCAGCG-1,Normal
TTGGTATGGCTTGTGT-1,Normal
TTGGTCACACTCGTAA-1,Normal
TTGGTGCGGTGTTGAA-1,Normal
TTGGTTCGCTCAAAGG-1,Tumor
TTGTAAGGCCAGTTGG-1,Normal
TTGTAATCCGTACTCG-1,Tumor
TTGTATCACACAGAAT-1,Tumor
TTGTCGTTCAGTTACC-1,Normal
TTGTCTCGGCAAGATG-1,Normal
TTGTGAACCTAATCCG-1,Normal
TTGTGATCTGTTCAGT-1,Normal
TTGTGCAGCCACGTCA-1,Tumor
TTGTGGCCCTGACAGT-1,Tumor
TTGTGGTATAGGTATG-1,Normal
TTGTGGTGGTACTAAG-1,Normal
TTGTGTATGCCACCAA-1,Normal
TTGTGTTTCCCGAAAG-1,Tumor
TTGTTAGCAAATTCGA-1,Normal
TTGTTCAGTGTGCTAC-1,Normal
TTGTTGGCAATGACTG-1,Tumor
TTGTTGTGTGTCAAGA-1,Tumor
TTGTTTCACATCCAGG-1,Normal
TTGTTTCATTAGTCTA-1,Tumor
TTGTTTGTATTACACG-1,Normal
TTGTTTGTGTAAATTC-1,Tumor
