sample,predict
AAACAAGTATCTCCCA-1,1.0
AAACACCAATAACTGC-1,1.0
AAACAGAGCGACTCCT-1,1.0
AAACAGCTTTCAGAAG-1,1.0
AAACAGGGTCTATATT-1,1.0
AAACATGGTGAGAGGA-1,1.0
AAACATTTCCCGGATT-1,1.0
AAACCCGAACGAAATC-1,1.0
AAACCGGAAATGTTAA-1,1.0
AAACCGGGTAGGTACC-1,1.0
AAACCGTTCGTCCAGG-1,1.0
AAACCTCATGAAGTTG-1,1.0
AAACGAAGATGGAGTA-1,1.0
AAACGAGACGGTTGAT-1,1.0
AAACGGTTGCGAACTG-1,1.0
AAACGTGTTCGCCCTA-1,1.0
AAACTAACGTGGCGAC-1,1.0
AAACTCGTGATATAAG-1,1.0
AAACTGCTGGCTCCAA-1,1.0
AAACTTAATTGCACGC-1,1.0
AAACTTGCAAACGTAT-1,1.0
AAAGAATGACCTTAGA-1,1.0
AAAGACCCAAGTCGCG-1,1.0
AAAGACTGGGCGCTTT-1,1.0
AAAGCTTGCCTACATA-1,0.0
AAAGGCCCTATAATAC-1,1.0
AAAGGCTACGGACCAT-1,1.0
AAAGGCTCTCGCGCCG-1,1.0
AAAGGGATGTAGCAAG-1,1.0
AAAGGGCAGCTTGAAT-1,1.0
AAAGGTAAGCTGTACC-1,1.0
AAAGTAGCATTGCTCA-1,1.0
AAAGTCACTGATGTAA-1,1.0
AAAGTCGACCCTCAGT-1,1.0
AAAGTGCCATCAATTA-1,1.0
AAAGTGTGATTTATCT-1,1.0
AAAGTTGACTCCCGTA-1,1.0
AAATAACCATACGGGA-1,1.0
AAATAAGGTAGTGCCC-1,1.0
AAATACCTATAAGCAT-1,1.0
AAATAGCTTAGACTTT-1,1.0
AAATAGGGTGCTATTG-1,1.0
AAATCGCGGAAGGAGT-1,1.0
AAATCGTGTACCACAA-1,1.0
AAATCTAGCCCTGCTA-1,1.0
AAATGATTCGATCAGC-1,1.0
AAATGCTCGTTACGTT-1,1.0
AAATGGCATGTCTTGT-1,1.0
AAATGGCCCGTGCCCT-1,1.0
AAATGGTCAATGTGCC-1,1.0
AAATGTATCTTATCCC-1,1.0
AAATTAACGGGTAGCT-1,1.0
AAATTACACGACTCTG-1,1.0
AAATTACCTATCGATG-1,1.0
AAATTCCAGGTCCAAA-1,1.0
AAATTGATAGTCCTTT-1,1.0
AAATTGCGGCGGTTCT-1,1.0
AAATTGGTGAGAAGCA-1,1.0
AAATTTGCGGGTGTGG-1,1.0
AACAACTGGTAGTTGC-1,1.0
AACAATACATTGTCGA-1,1.0
AACAATTACTCTACGC-1,1.0
AACACACGCTCGCCGC-1,1.0
AACACGACTGTACTGA-1,1.0
AACACGAGACGCGGCC-1,1.0
AACAGCTGTGTGGCAA-1,1.0
AACAGGAAATCGAATA-1,1.0
AACAGGATGGGCCGCG-1,1.0
AACAGGTAGTATGGAT-1,1.0
AACATATCAACTGGTG-1,1.0
AACATCGATACGTCTA-1,1.0
AACATTGAAGTTGATC-1,1.0
AACATTGTGACTCGAG-1,1.0
AACCAAGACTTCTCTG-1,1.0
AACCATAGGGTTGAAC-1,1.0
AACCATGGGATCGCTA-1,1.0
AACCCAGAGACGGAGA-1,1.0
AACCCATCCCATGATC-1,1.0
AACCCGACAACCCGTG-1,1.0
AACCCGAGCAGAATCG-1,1.0
AACCCTACTGTCAATA-1,1.0
AACCCTGGTGGAACCA-1,1.0
AACCGAGCTTGGTCAT-1,1.0
AACCGCTAAGGGATGC-1,1.0
AACCGTTGTGTTTGCT-1,1.0
AACCTCGCTTTAGCCC-1,1.0
AACCTGTCACGGAATT-1,1.0
AACCTTTAAATACGGT-1,1.0
AACCTTTACGACGTCT-1,1.0
AACGAAAGTCGTCCCA-1,1.0
AACGATAATGCCGTAG-1,1.0
AACGATAGAAGGGCCG-1,1.0
AACGATATGTCAACTG-1,1.0
AACGCATGATCTGGGT-1,1.0
AACGCGACCTTGGGCG-1,1.0
AACGCGGTCTCCAGCC-1,1.0
AACGCTGTTGCTGAAA-1,1.0
AACGGACGTACGTATA-1,1.0
AACGGCCATCTCCGGT-1,1.0
AACGTACTGTGGGTAC-1,1.0
AACGTCAGACTAGTGG-1,1.0
AACGTGATGAAGGACA-1,1.0
AACGTGCGAAAGTCTC-1,1.0
AACGTTATCAGCACCT-1,1.0
AACTACCCGTTTGTCA-1,1.0
AACTAGGCTTGGGTGT-1,1.0
AACTCAAGTTAATTGC-1,1.0
AACTCCAGAGCGTGTT-1,1.0
AACTCCTAATCCCATG-1,1.0
AACTCGATGGCGCAGT-1,1.0
AACTCTCAATAGAGCG-1,1.0
AACTCTCAGTGTGCTC-1,1.0
AACTGAGGTCAGCGTC-1,1.0
AACTGAGTTATACTGA-1,1.0
AACTGATATTAGGCCT-1,1.0
AACTGGGTCCCGACGT-1,1.0
AACTTCTGCGTCTATC-1,1.0
AACTTGCCCGTATGCA-1,1.0
AACTTGCGTTCTCGCG-1,1.0
AACTTTACGGGAGCTT-1,1.0
AACTTTCTCGATCATG-1,1.0
AAGAAATCACCAGATT-1,1.0
AAGAAGGATCAGTTAG-1,1.0
AAGACCAAATAACTCA-1,1.0
AAGACCCAACTGAACA-1,1.0
AAGACTGCAAGCTACT-1,1.0
AAGAGATGAATCGGTA-1,1.0
AAGAGCTCTTTATCGG-1,1.0
AAGAGGATGTACGCGA-1,1.0
AAGAGGCATGGATCGC-1,1.0
AAGAGGCCCTTTGGAA-1,1.0
AAGATGGCACCGGACC-1,1.0
AAGATTGGCGGAACGT-1,1.0
AAGCACCCTGCGTATC-1,1.0
AAGCATACTCTCCTGA-1,1.0
AAGCCGAAGCGGTTTA-1,1.0
AAGCCGCCGTGAAATC-1,1.0
AAGCCGCTTTACCTTG-1,1.0
AAGCCGGAGAGCAGGA-1,1.0
AAGCGGAGTGCGCGCA-1,1.0
AAGCGTCCCTCATCGA-1,1.0
AAGCTAGATCGAGTAA-1,1.0
AAGCTCGTGCCAAGTC-1,1.0
AAGCTCTTTCATGGTG-1,1.0
AAGGAGCGGTTGGTGC-1,1.0
AAGGATCGATCGCTTG-1,1.0
AAGGATGAGGGACCTC-1,1.0
AAGGCAGGCTGTCTCC-1,1.0
AAGGCGCGTAAAGCTT-1,1.0
AAGGCTGTGCTCATCG-1,1.0
AAGGGAACGACTGGCT-1,1.0
AAGGGACAGATTCTGT-1,1.0
AAGGGACTATGCATTC-1,1.0
AAGGGTTTGATTTCAG-1,1.0
AAGGTATCCTAATATA-1,1.0
AAGGTGATAAACCAGC-1,1.0
AAGTAGAAGACCGGGT-1,1.0
AAGTAGTGACGCGAGG-1,1.0
AAGTCAATTGTCGTCA-1,1.0
AAGTCTAGTAGCTGCC-1,1.0
AAGTCTTCTGTGGCCT-1,1.0
AAGTGACGACCGAATT-1,1.0
AAGTGAGTCGGGTTTA-1,1.0
AAGTGCAAAGGTAGAC-1,1.0
AAGTGCCTTGACTGTA-1,1.0
AAGTGCGTTAGAATCT-1,1.0
AAGTGCTTCTCTATTG-1,1.0
AAGTGTTTGGAGACGG-1,1.0
AAGTTCACTCCAAGCT-1,1.0
AAGTTCAGTCTGCGTA-1,1.0
AAGTTCGGCCAACAGG-1,1.0
AATAACAACGCTCGGC-1,1.0
AATAACACTAGAACAA-1,1.0
AATAATCTTCGTATCG-1,1.0
AATACAATGTTTCAGG-1,1.0
AATACCGGAGGGCTGT-1,1.0
AATAGAACAGAGTGGC-1,1.0
AATAGAATCTGTTTCA-1,1.0
AATAGCAAGCCTCCTG-1,1.0
AATAGCTACCGCGTGC-1,1.0
AATAGTCCGTCCCGAC-1,1.0
AATAGTCGCGAGTCGG-1,1.0
AATATCAAGGTCGGAT-1,1.0
AATATCCTAGCAAACT-1,1.0
AATATCGAATCAATGC-1,1.0
AATATCGAGGGTTCTC-1,1.0
AATATTGGAGTATTGA-1,1.0
AATCAGACTGCAGGAC-1,1.0
AATCAGGTTTCATTTA-1,1.0
AATCATGTAAAGACTC-1,1.0
AATCCAAGGGCCTGAG-1,1.0
AATCGCCTCAGCGCCA-1,1.0
AATCGCGCAGAGGACT-1,1.0
AATCGGGACACTACGA-1,1.0
AATCTAGGTTTACTTG-1,1.0
AATCTATGCCGGAGCC-1,1.0
AATCTCTACTGTGGTT-1,1.0
AATCTGCGTTGGGACG-1,1.0
AATCTGGCTTTCTAGT-1,1.0
AATGACAGCAATGTCT-1,1.0
AATGACGTAGGATGTC-1,1.0
AATGACTGTCAGCCGG-1,1.0
AATGAGTTCGCATATG-1,1.0
AATGATGATACGCTAT-1,1.0
AATGATGCGACTCCTG-1,1.0
AATGCAACCGGGTACC-1,1.0
AATGCACCAAGCAATG-1,1.0
AATGGTCCACCGTTCA-1,1.0
AATGGTTCTCACAAGC-1,1.0
AATGTATGGCACTGTA-1,1.0
AATGTGCCCGAGGTGT-1,1.0
AATTAAAGGTCGGCGT-1,1.0
AATTAACGGATTTCCA-1,1.0
AATTACGAGACCCATC-1,1.0
AATTACTCGTACGCTC-1,1.0
AATTAGCGCTGCAGCG-1,1.0
AATTCATAAGGGATCT-1,1.0
AATTCATTGTCATGCA-1,1.0
AATTCCAACTTGGTGA-1,1.0
AATTCCAAGCATGTAC-1,1.0
AATTCTAGAGTTAGGC-1,1.0
AATTGAACGCTCTGGT-1,1.0
AATTGCGTGGATTACA-1,1.0
AATTGTGGTTGCCAAA-1,1.0
AATTTGGGACATAGTA-1,1.0
AATTTGGTTCCAAAGA-1,1.0
ACAAACCATGCGTCCT-1,1.0
ACAAAGAAGGTAGGCC-1,1.0
ACAAATCGCACCGAAT-1,1.0
ACAAATGGTAGTGTTT-1,1.0
ACAACAGCATGAGCTA-1,1.0
ACAACGGTCCCTGCGA-1,1.0
ACAAGCAGTGCCTAGC-1,1.0
ACAAGCTATATGGAAG-1,1.0
ACAAGGAAATCCGCCC-1,1.0
ACAAGGACAAGAGGTT-1,1.0
ACAAGGGCAGGCTCTG-1,1.0
ACAATAGTCGTACGTT-1,1.0
ACAATCCATTTAAACC-1,1.0
ACAATGAATACGGAGA-1,1.0
ACAATGATTCTTCTAC-1,1.0
ACAATTGTGTCTCTTT-1,1.0
ACAATTTAGGAGGCTC-1,1.0
ACAATTTGAGCAGTGG-1,1.0
ACAATTTGGCCATATT-1,1.0
ACACAAAGACGGGTGG-1,1.0
ACACAAATATTCCTAG-1,1.0
ACACACCAGGACCAGT-1,1.0
ACACACTTTCTACACG-1,1.0
ACACATGATCAAATCT-1,1.0
ACACATTGACGCAACA-1,1.0
ACACCACATAATTAGC-1,1.0
ACACCCAGCATGCAGC-1,1.0
ACACCCGAGAAATCCG-1,1.0
ACACCGAGCGCTCTTT-1,1.0
ACACCGGTCTGACCGC-1,1.0
ACACCTTAAGTAGGGC-1,1.0
ACACCTTACTACTTGC-1,1.0
ACACGAGACTCCTTCT-1,1.0
ACACGGCACTATGCAT-1,1.0
ACACGGGAACTTAGGG-1,1.0
ACACGTAGGCCACAAG-1,1.0
ACACTCCAATGTCACT-1,1.0
ACACTGATCAAGGTGT-1,1.0
ACACTGGGACAGTCGT-1,1.0
ACAGAACTGAGAACAA-1,1.0
ACAGATTAGGTTAGTG-1,1.0
ACAGCATAGAGCCAGT-1,1.0
ACAGCGACATTCTCAT-1,1.0
ACAGCGCACCCGCAGC-1,1.0
ACAGGCTTGCCCGACT-1,1.0
ACAGGTGGAGGTGAGG-1,1.0
ACAGGTGTGTTGTTGC-1,1.0
ACAGTAATACAACTTG-1,1.0
ACAGTATACCGTGGGA-1,1.0
ACATAAGTCGTGGTGA-1,1.0
ACATAATAAGGCGGTG-1,1.0
ACATCAGCTGGGACGC-1,1.0
ACATCCCGGCCATACG-1,1.0
ACATCCTGGTAACTGT-1,1.0
ACATCGATCGTTTACC-1,1.0
ACATCGGTCAGCCGCG-1,1.0
ACATCGTATGCAATGG-1,1.0
ACATCGTTAACCTAGT-1,1.0
ACATGGCGCCAAAGTA-1,1.0
ACATGGCTCAATTTAG-1,1.0
ACATTAGTTTATATCC-1,1.0
ACCAAACACCCAGCGA-1,1.0
ACCAACACCACACACT-1,1.0
ACCAACGCTTATTTAT-1,1.0
ACCAAGAACGCGTGTC-1,1.0
ACCAATATGCAAGTTA-1,1.0
ACCACAACTCAGAACA-1,1.0
ACCACAAGTTTCTATC-1,1.0
ACCACCAATGTAACAA-1,1.0
ACCACCCTCTCTTCTA-1,1.0
ACCACGTGCAGCTATA-1,0.0
ACCACTGTTCAAGAAG-1,1.0
ACCAGACCATAACAAC-1,1.0
ACCAGTGCCCGGTCAA-1,1.0
ACCAGTGCGGGAGACG-1,1.0
ACCATATCCGCAATAA-1,1.0
ACCATCCGCCAACTAG-1,1.0
ACCATCGTATATGGTA-1,1.0
ACCATTAAGGGTGTCA-1,1.0
ACCCAACGCCCGTGGC-1,1.0
ACCCACCTACATGCTC-1,1.0
ACCCATCTTGAGGGTA-1,1.0
ACCCATTTGTCCCTCT-1,1.0
ACCCGAGCGAAATTAC-1,1.0
ACCCGATTGGTTCCGA-1,1.0
ACCCGGAAACTCCCAG-1,1.0
ACCCGGAGCACCACAA-1,1.0
ACCCGGATGACGCATC-1,1.0
ACCCGGTTACACTTCC-1,1.0
ACCCGTGTCATCAGTA-1,1.0
ACCCTATAGGACTGAG-1,1.0
ACCCTATGCCATATCG-1,1.0
ACCCTCCCTTGCTATT-1,1.0
ACCCTGGTAACGCCCT-1,1.0
ACCCTTCATCTGCGAA-1,1.0
ACCCTTGCCTGGGTCG-1,1.0
ACCCTTTAGTTCTCCA-1,1.0
ACCGAAAGGGCCCTGC-1,1.0
ACCGAAGAGTCTGGTT-1,1.0
ACCGACACATCTCCCA-1,1.0
ACCGACTGAGTCCCAC-1,1.0
ACCGATAGGCATAACC-1,1.0
ACCGATATTTAATCAT-1,1.0
ACCGATGGTAGCATCG-1,1.0
ACCGCAATAACTGCCT-1,1.0
ACCGCGGTGGAAGTCG-1,1.0
ACCGGGCCTTTGTTGA-1,1.0
ACCGGTCAGGTACACC-1,1.0
ACCGTCCACTGGGCCC-1,1.0
ACCGTGACCACGTGGG-1,1.0
ACCTAAGTACCTTTCA-1,1.0
ACCTAATCGACTTCCT-1,1.0
ACCTACAGTATGTGGT-1,1.0
ACCTACTATAAATCTA-1,1.0
ACCTCCGCCCTCGCTG-1,1.0
ACCTCCGTTATTCACC-1,1.0
ACCTCGAACTTATGCT-1,1.0
ACCTGCGTGTCATGTT-1,1.0
ACGAAATGGGCGGCAC-1,1.0
ACGACCCATGAGTTGC-1,1.0
ACGACTGGTCATACTC-1,1.0
ACGAGAACCCATCACG-1,1.0
ACGAGATATTTGCTTA-1,1.0
ACGAGGATACCACTCT-1,1.0
ACGAGGTTTACAACGT-1,1.0
ACGAGTACGGATGCCC-1,1.0
ACGATACATAGAACTA-1,1.0
ACGATCATACATAGAG-1,1.0
ACGATCATCTTGTAAA-1,1.0
ACGATGCATATGTTAT-1,1.0
ACGATGGATCCGATGC-1,1.0
ACGCAAACTAATAGAT-1,1.0
ACGCAATCACTACAGC-1,1.0
ACGCATACGTTTACTA-1,1.0
ACGCATTCGTGAGTAC-1,1.0
ACGCCAGATGATTTCT-1,1.0
ACGCCGCTAGACGACC-1,1.0
ACGCGAAGTCAGACGA-1,1.0
ACGCGCTACACAGGGT-1,1.0
ACGCGGGCCAAGGACA-1,1.0
ACGCGTTTCTTAAGAG-1,1.0
ACGCTAGTGATACACT-1,1.0
ACGCTGTGAGGCGTAG-1,1.0
ACGGAATTTAGCAAAT-1,1.0
ACGGACTCTCAAAGCG-1,1.0
ACGGAGCGCAAATTAC-1,1.0
ACGGATGGTGCGGATA-1,1.0
ACGGCACTTGCTTGGG-1,1.0
ACGGCCAACATGGACT-1,1.0
ACGGCGACGATGGGAA-1,1.0
ACGGCTGGATGTAGAA-1,1.0
ACGGGAGTGTCGGCCC-1,1.0
ACGGGCGTATGCGACA-1,1.0
ACGGGTCATGTGACTT-1,1.0
ACGTACAGATTTCTCT-1,1.0
ACGTAGATTGCTGATG-1,1.0
ACGTATTACTCCGATC-1,1.0
ACGTCTCGTTCCGGGA-1,1.0
ACGTGACAAAGTAAGT-1,1.0
ACGTGCGCCTCGTGCA-1,1.0
ACGTTAATGTCGAAGA-1,1.0
ACGTTAGATTTGCCCG-1,1.0
ACGTTATTGGTCACTC-1,1.0
ACGTTCCGCGCTCCGT-1,1.0
ACGTTCGCAATCAATT-1,1.0
ACGTTCGTTCAGGAAA-1,1.0
ACGTTTAGTTGTGATC-1,1.0
ACTAAGGACGCACACC-1,1.0
ACTACATCCCGACAAG-1,1.0
ACTACCAGCTCTCTGG-1,1.0
ACTACGCGTTAGAATT-1,1.0
ACTAGTTGCGATCGTC-1,1.0
ACTATATGCTGTGTTC-1,1.0
ACTATCCAGGGCATGG-1,1.0
ACTATCGCCGGCTAAA-1,1.0
ACTATCTGCCCGCGTA-1,1.0
ACTATGTCCAGCTGCC-1,1.0
ACTATTCGTCCGTGGT-1,1.0
ACTATTTCCGGGCCCA-1,1.0
ACTCAACGAATGTATT-1,1.0
ACTCAAGTGCAAGGCT-1,1.0
ACTCAATAAAGGCACG-1,1.0
ACTCAGACCTGCTTCT-1,1.0
ACTCATGGCAGCCTTC-1,1.0
ACTCCAATATCATCAT-1,1.0
ACTCCCATTCCTAAAG-1,1.0
ACTCCCGAATTCGTTT-1,1.0
ACTCCCGTAGACTAGG-1,1.0
ACTCCCTAATGCTAAA-1,1.0
ACTCCCTAGAATAGTA-1,1.0
ACTCGATGTATTTCAT-1,1.0
ACTCGCGATCTGACGC-1,1.0
ACTCGTAACCCGTCCT-1,1.0
ACTCGTCAGTAATCCC-1,1.0
ACTCTAAACCTGGGAT-1,1.0
ACTCTCTGACTTAGGT-1,1.0
ACTCTCTTATACACGA-1,1.0
ACTCTTCAGCTCCCGC-1,1.0
ACTCTTGTATAGTAAC-1,1.0
ACTGAAACGCCGTTAG-1,1.0
ACTGAATGGCGAAAGT-1,1.0
ACTGCCCGCCATTCTC-1,1.0
ACTGCCGTCGTAACTC-1,1.0
ACTGCGGACACACCGT-1,1.0
ACTGCTCGGAAGGATG-1,1.0
ACTGGCGAACCTGCGT-1,0.0
ACTGTACGATACACAT-1,1.0
ACTGTAGCACTTTGGA-1,1.0
ACTGTATACGCGAGCA-1,1.0
ACTGTCCAGGATTATA-1,1.0
ACTGTCTTCTTTAGAA-1,1.0
ACTGTGCTAGTAGATC-1,1.0
ACTTACCGGGCGCGCA-1,1.0
ACTTACGCATCCACGC-1,1.0
ACTTAGTACGACAAGA-1,1.0
ACTTATACTTACCCGG-1,1.0
ACTTATTAGGATCGGT-1,1.0
ACTTATTTATGTGCCA-1,1.0
ACTTCAGGCTGATCCC-1,1.0
ACTTCCAGTGGAAGCT-1,1.0
ACTTCCATGCGGGACA-1,1.0
ACTTCGCCATACGCAC-1,1.0
ACTTCGCTAGCGAGTG-1,1.0
ACTTGACTCCCTCTTT-1,1.0
ACTTGGGACCCGGTGG-1,1.0
ACTTGTAGTCCCTTCA-1,1.0
ACTTGTGGATGGAACG-1,1.0
ACTTTACCCTCATGAA-1,1.0
ACTTTCCTATAGCTTC-1,1.0
ACTTTGACTGCATCCT-1,1.0
ACTTTGGTCGTGCTCC-1,1.0
ACTTTGTCGACGCACT-1,1.0
AGAAATTATGACTCGC-1,1.0
AGAACCCAGCGTGACA-1,1.0
AGAACCCTCAATTGGG-1,1.0
AGAACGTGGTACATTC-1,1.0
AGAAGAGCGCCGTTCC-1,0.0
AGAAGGTACACTTCAC-1,1.0
AGAAGGTTGCCGAATT-1,1.0
AGAAGGTTGTAGGTCG-1,1.0
AGAAGTGATTCGTGAT-1,1.0
AGAATAAATCTTCAGG-1,1.0
AGAATGCGGGTTCGGA-1,1.0
AGAATTATGGATTCGA-1,1.0
AGAATTGTTTGACATA-1,1.0
AGACAGCTCAGAATCC-1,1.0
AGACAGGCATCTCAGC-1,1.0
AGACCAAACCACACCT-1,1.0
AGACCATGGGATACAA-1,1.0
AGACCCACCGCTGATC-1,1.0
AGACCCGCCCTCCTCG-1,1.0
AGACCGCTCCGCGGTT-1,1.0
AGACCGGGAAACCCTG-1,1.0
AGACGAAGTGCCGGTC-1,1.0
AGACGACGATGCCGCT-1,1.0
AGACGCCCACTTCGCC-1,1.0
AGACTAGCCTTCCAGA-1,1.0
AGACTGTTACCGGGTC-1,1.0
AGAGAAACACCAGAAA-1,1.0
AGAGAACCGTCTAGGA-1,1.0
AGAGAAGGAGTACAAT-1,1.0
AGAGATCTCTAAAGCG-1,1.0
AGAGCAGTTATGAGAC-1,1.0
AGAGCCGCCGAGATTT-1,1.0
AGAGCGCTTGTAACGG-1,1.0
AGAGCGGGCTAATCAT-1,1.0
AGAGCGTACAAGCTCG-1,1.0
AGAGCTACGAAAGCAT-1,1.0
AGAGGCTTCGGAAACC-1,1.0
AGAGGGACAATTGTCC-1,1.0
AGAGTAAACTTCACTA-1,1.0
AGAGTATAGTGTTACG-1,0.0
AGAGTTGCAGGCCTCC-1,1.0
AGATAACTTCAGGGCC-1,1.0
AGATACCAATAGAACC-1,1.0
AGATACCAGCACTTCA-1,1.0
AGATACCGGTGTTCAC-1,1.0
AGATACGACTTCATAT-1,1.0
AGATACTCAAGATCGA-1,1.0
AGATATAATACGACTA-1,1.0
AGATCGTGCATAAGAT-1,1.0
AGATCTCAGGTGTGAT-1,1.0
AGATGACTCGCCCACG-1,1.0
AGATGAGGGTTGCGAT-1,1.0
AGATGATGGAGTCTGG-1,1.0
AGATGCAAGACGTGCA-1,1.0
AGATGCATCCTGTGTC-1,1.0
AGATGCTATAACGAGC-1,1.0
AGATTATAGGACGTTT-1,1.0
AGATTCACAACCGATA-1,1.0
AGCAAAGGCCGCTAGT-1,1.0
AGCAACATATCTTATT-1,1.0
AGCAACCGAAAGTAAT-1,1.0
AGCACACGTTTAGACT-1,1.0
AGCACCAGTACTCACG-1,1.0
AGCACTACCGGCCTGT-1,1.0
AGCACTACCTCACCAG-1,1.0
AGCACTTAAGGACGCC-1,1.0
AGCAGAAGGAGAAAGA-1,1.0
AGCAGCCAGATGAATA-1,1.0
AGCATATCAATATGCT-1,1.0
AGCATCATTTCGAAAG-1,1.0
AGCATCGTCGATAATT-1,1.0
AGCCAAGCTTTGTGTC-1,1.0
AGCCACTCCCGTGCTT-1,1.0
AGCCCATACATGTAAG-1,1.0
AGCCCGCAACAAGCAG-1,1.0
AGCCCGGCATTAGAGG-1,1.0
AGCCCGGTAGCCTGTA-1,1.0
AGCCCTAAGCGAAGTT-1,1.0
AGCCCTGTCGCACCGT-1,1.0
AGCCCTTCTAATCCGA-1,1.0
AGCCCTTGGACATCCC-1,1.0
AGCCGCAAATTCAAAT-1,1.0
AGCCGCTTGATTAGCG-1,1.0
AGCCGTGGCTAAATGT-1,1.0
AGCCTAATACCCACGT-1,1.0
AGCCTTAAAGCGGAAG-1,1.0
AGCGACAGGAACGGTC-1,1.0
AGCGACATCCCATTCA-1,1.0
AGCGACCAACGATATT-1,1.0
AGCGAGACGTGAAGGC-1,1.0
AGCGATGCGCCTAATA-1,1.0
AGCGCATAATGAATCG-1,1.0
AGCGCGGGTGCCAATG-1,1.0
AGCGCTAGAGCGATGT-1,1.0
AGCGGACACTTCGTAG-1,1.0
AGCGGCGGTTAGCGGT-1,1.0
AGCGGGAAGGGTCCAT-1,1.0
AGCGGGTCTGACACTC-1,1.0
AGCGGTTGCCGCTCTG-1,1.0
AGCGTGGTATTCTACT-1,1.0
AGCTAACAAGCAATGT-1,1.0
AGCTAGAAGCAGAAGT-1,1.0
AGCTATTTAATCCAAC-1,1.0
AGCTCCATATATGTTC-1,1.0
AGCTCCTTCGCACATC-1,1.0
AGCTCGTTGATGGAAA-1,1.0
AGCTCTAGACGTTCCA-1,1.0
AGCTCTTCCCAGTGCA-1,1.0
AGCTCTTCGTAACCTT-1,1.0
AGCTCTTTACTCAGTT-1,1.0
AGCTGAAGTAAACCAA-1,1.0
AGCTGTAACCTCAATC-1,1.0
AGCTTGATCTTAACTT-1,1.0
AGGAAAGCCTCTGATG-1,1.0
AGGAACGAACGACTTC-1,1.0
AGGAAGCTGTCCGCCG-1,1.0
AGGACAGTCGAATCCC-1,1.0
AGGACATCGCACGTCG-1,1.0
AGGACGACCCATTAGA-1,1.0
AGGACGCTCGATGTTG-1,1.0
AGGACTTATAGGAGAA-1,1.0
AGGAGACATCCACAGT-1,1.0
AGGAGAGTCTGGCTAC-1,1.0
AGGAGGCCTTCGCGCG-1,1.0
AGGATAAAGTCGGGAT-1,1.0
AGGATATAGGGATTTA-1,0.0
AGGATCACGCGATCTG-1,1.0
AGGATTGCTTACGACA-1,0.0
AGGCACGTGACTGTCC-1,1.0
AGGCAGATGCGTAAAC-1,1.0
AGGCAGGGAGCGTACT-1,1.0
AGGCATTGTCGTAGGG-1,1.0
AGGCCACATTGGTTAC-1,1.0
AGGCCACCCGTTATGA-1,1.0
AGGCCCAGTGACTGGT-1,1.0
AGGCCCATTGTACAGG-1,1.0
AGGCCCTAGAACGCCA-1,1.0
AGGCGATAACTGGCGT-1,1.0
AGGCGGTTTGTCCCGC-1,1.0
AGGCGTCTATGGACGG-1,1.0
AGGCTATGGTTAGCTT-1,1.0
AGGCTTCCCGAAGAAG-1,1.0
AGGCTTGCTAGACACC-1,1.0
AGGGAAACGAGGTACT-1,1.0
AGGGACCGGCTGCGTT-1,1.0
AGGGACTCTACGCGAC-1,1.0
AGGGAGACATACTTCG-1,1.0
AGGGCAGCGGCGTGGT-1,1.0
AGGGCCCTAATGTTCT-1,1.0
AGGGCGAGCAGCTGAT-1,1.0
AGGGCGTGATCGGCTA-1,1.0
AGGGCTGCAGTTACAG-1,1.0
AGGGTCAGAGCACTCG-1,1.0
AGGGTCAGTAACCCTA-1,1.0
AGGGTCGATGCGAACT-1,1.0
AGGGTGCCGTTCTTTA-1,1.0
AGGGTGCTCTCGAGGG-1,1.0
AGGGTGGATAGTGCAT-1,1.0
AGGGTTCAGACGGTCC-1,1.0
AGGGTTCCCTTTGGTT-1,1.0
AGGGTTTAGTTCGGGA-1,1.0
AGGTAACCTCCTATTC-1,1.0
AGGTACGATATTGCCA-1,1.0
AGGTAGATCGAGATAT-1,1.0
AGGTAGGTACAAAGCT-1,1.0
AGGTATAATTGATAGT-1,1.0
AGGTATGCGGACATTA-1,1.0
AGGTCAGGTGAGAGTG-1,1.0
AGGTCGCCTCCCAACA-1,1.0
AGGTCGCGGAGTTACT-1,1.0
AGGTGGTGACCTTCGC-1,1.0
AGGTGTATCGCCATGA-1,1.0
AGGTGTTGCCGACCAC-1,1.0
AGGTTACACCATGCCG-1,1.0
AGGTTCTCCTTTCCGG-1,1.0
AGGTTGAGGCACGCTT-1,1.0
AGGTTTCACACACCTT-1,1.0
AGTAATGTCTTGCCGC-1,1.0
AGTACATCATTTATCA-1,1.0
AGTACCTTCGAGTGCT-1,1.0
AGTACGGCCCGTATCG-1,1.0
AGTACGGGCACCTGGC-1,1.0
AGTACTCTTATGCCCA-1,1.0
AGTAGGAAGGAAGTTG-1,1.0
AGTAGGTAACATACAT-1,1.0
AGTATAATACTAGGCA-1,1.0
AGTATACACAGCGACA-1,1.0
AGTATGCTGGAGACCA-1,1.0
AGTATTTGGCACGACC-1,1.0
AGTCAAATGATGTGAT-1,1.0
AGTCAACACCACCATC-1,1.0
AGTCAAGATGACACTT-1,1.0
AGTCACTAGCTCTCGA-1,1.0
AGTCACTCCGCCTCAT-1,1.0
AGTCAGCCACCGCCTG-1,1.0
AGTCCATTGGCTGATG-1,1.0
AGTCCCGCCTTTAATT-1,1.0
AGTCCCTCGCAGAAAG-1,1.0
AGTCGAAACGATTCAG-1,1.0
AGTCGACGGTCTCAAG-1,1.0
AGTCGGCCCAAACGAC-1,1.0
AGTCGGCTCAACTTTA-1,1.0
AGTCGGTTGCGTGAGA-1,1.0
AGTCGTCGACCACCAA-1,1.0
AGTCGTGGGCATTACG-1,1.0
AGTCTAAAGTATACTC-1,1.0
AGTCTCACAAGACTAC-1,1.0
AGTCTGGACATCCTTG-1,1.0
AGTCTTCTCCTCAAAT-1,1.0
AGTGAACAAACTTCTC-1,1.0
AGTGAAGATGGTGTCC-1,1.0
AGTGACCTACTTTACG-1,1.0
AGTGACTGTGACACAA-1,1.0
AGTGAGACTTCCAGTA-1,1.0
AGTGAGCCTCGCCGCC-1,1.0
AGTGAGGGTTTCTGAC-1,1.0
AGTGATAACCTGCGCG-1,1.0
AGTGATATGAGTAGTT-1,1.0
AGTGATTCAAGCAGGA-1,1.0
AGTGCACGCTTAAGAA-1,1.0
AGTGCGTAGCTCGTAA-1,1.0
AGTGCTAAACACAGCA-1,1.0
AGTGCTTGCACGAATA-1,1.0
AGTGGCGGCAATTTGA-1,1.0
AGTGGCTCCGTCGGCC-1,1.0
AGTGGTGTTACCCGTG-1,1.0
AGTGGTTGCGTATAGG-1,1.0
AGTGTATTGCGCATTG-1,1.0
AGTGTGCTAAGATCGC-1,1.0
AGTGTGGTCTATTGTG-1,1.0
AGTTAAACACTTGCGA-1,1.0
AGTTAAGCGGTCCCGG-1,1.0
AGTTAAGTCAACCGCT-1,1.0
AGTTACCCTTAAGACT-1,1.0
AGTTACCGCACATGGT-1,1.0
AGTTACTCTATCGTGG-1,1.0
AGTTCACCGGTTGGAC-1,1.0
AGTTCCTACAGAATTA-1,1.0
AGTTCCTATTTATGTT-1,1.0
AGTTCTGCGTTGTATC-1,1.0
AGTTGACATCGGCTGG-1,1.0
AGTTGACGGTCCTTGC-1,1.0
AGTTGCTGACTGATAT-1,1.0
AGTTTATGTAAAGACA-1,1.0
AGTTTCGCAGGTCGGA-1,1.0
AGTTTGCACCTGCCTC-1,1.0
AGTTTGGCACGGGTTG-1,1.0
AGTTTGGCCAGACCTA-1,1.0
ATAAACGGACCCGTAA-1,1.0
ATAAACGTTGCACCAC-1,1.0
ATAAAGGCTCGGTCGT-1,1.0
ATAAATATTAGCAGCT-1,1.0
ATAACGCCGGAGGGTC-1,1.0
ATAACGGAGTCCAACG-1,1.0
ATAACGTTACCTCCAC-1,1.0
ATAAGCAAACACCGAG-1,1.0
ATAAGGTGGAGAACAT-1,1.0
ATAAGTACCCGATTGT-1,1.0
ATAAGTAGGATTCAGA-1,1.0
ATAAGTAGGGCGACTC-1,1.0
ATAAGTTACCGCGACG-1,1.0
ATAATACCGTTAGCCG-1,1.0
ATAATAGCTGTTGAAT-1,1.0
ATAATAGTGTAGGGAC-1,1.0
ATAATCTTGGAGAACC-1,1.0
ATAATTAGCTAAGTAG-1,1.0
ATACAGGCCCTCCAAT-1,1.0
ATACCACGGGCAACTT-1,1.0
ATACCAGGCTAATAGA-1,1.0
ATACCGTCATCCATAA-1,1.0
ATACCTAACCAAGAAA-1,1.0
ATACGAAGGCTTTCCA-1,1.0
ATACGCCGGCGAAACC-1,1.0
ATACGGAACGTCGTTT-1,1.0
ATACGGGTTTCGATTG-1,1.0
ATACGGTGAAGATGCA-1,1.0
ATACGTACTTAGCCAC-1,1.0
ATACGTCCACTCCTGT-1,1.0
ATACGTTATGCACGGA-1,1.0
ATACTACCCGTACCAC-1,1.0
ATACTAGCATGACCCT-1,1.0
ATACTCTCGCCACTCT-1,1.0
ATACTGCCTTACACCG-1,1.0
ATACTTGTTCTCGAGC-1,1.0
ATAGACAACGGGACCT-1,1.0
ATAGACGAAGAGAAAG-1,1.0
ATAGAGTACTGGGACA-1,1.0
ATAGAGTTATCAACTT-1,1.0
ATAGCAACTAGGGAAG-1,1.0
ATAGCCTCAGTACCCA-1,1.0
ATAGCTGCTCTTGTTA-1,1.0
ATAGGCGGCTATAGAA-1,1.0
ATAGGCTAGCTTCGCA-1,1.0
ATAGGGATATCCTTGA-1,1.0
ATAGGTTGGGCAGATG-1,1.0
ATAGTCTTTGACGTGC-1,1.0
ATAGTGAAGCGTTCTC-1,1.0
ATAGTTCCACCCACTC-1,1.0
ATATAAAGCGCTCGTG-1,1.0
ATATAAATGTAGCTGC-1,1.0
ATATACATGTATGGTA-1,1.0
ATATACGCTCGTGACG-1,1.0
ATATAGAGTATTGGTC-1,1.0
ATATCAACCTACAGAG-1,1.0
ATATCAATTCCAGCCT-1,1.0
ATATCGGTAGGGAGAT-1,1.0
ATATCGTTCCTCGAAC-1,1.0
ATATCTCCCTCGTTAA-1,1.0
ATATCTTAGGGCCTTC-1,1.0
ATATGTCTCCCTAGCC-1,1.0
ATATGTGCACAAACCA-1,1.0
ATATTATCCCGTATTT-1,1.0
ATATTCAGTTAAACCT-1,1.0
ATATTCCACATAGTGA-1,1.0
ATATTCCCACAGGTCA-1,1.0
ATATTGCTGTCAAAGT-1,1.0
ATATTGGAGAGGCCTT-1,1.0
ATATTTAACCCTCAAG-1,1.0
ATCAAACACTGTTCCA-1,1.0
ATCAAACGAAGGTTTG-1,1.0
ATCAATCTGGGCTGCA-1,1.0
ATCAATGCCGTGGCTG-1,1.0
ATCACATTAGAATATC-1,1.0
ATCACGTGCTAATTAA-1,1.0
ATCACTTCATCCTCGC-1,1.0
ATCAGACGGCACGCCG-1,1.0
ATCAGCCTCATGCTGC-1,1.0
ATCAGCTCGTCCACTA-1,1.0
ATCAGGTAGCTGACAG-1,1.0
ATCAGTAGGCAGGGAT-1,1.0
ATCATAGCCCTATGTA-1,1.0
ATCATCCAATATTTGT-1,1.0
ATCATGGACTACCGAC-1,1.0
ATCATTGTACCGCATT-1,1.0
ATCCAACGCAGTCATA-1,1.0
ATCCAATGGAGGGTCC-1,1.0
ATCCAATGGTACCGAA-1,1.0
ATCCACATCGACAGAA-1,1.0
ATCCACTTTCAGACTA-1,1.0
ATCCAGAGCAACAACC-1,1.0
ATCCAGGATTCGTGAA-1,1.0
ATCCCATCCACAGCGC-1,1.0
ATCCTACCTAAGCTCT-1,1.0
ATCCTGAATCGCTGCG-1,1.0
ATCCTGCGTGGAATGG-1,1.0
ATCCTTCTGAAAGAAC-1,1.0
ATCGACCCAATACAGA-1,1.0
ATCGACTCTTTCCGTT-1,1.0
ATCGCACGATTGTTCA-1,1.0
ATCGCACGCCGGGAGA-1,1.0
ATCGCCAGTCAACATT-1,1.0
ATCGCTGCGTGCAGCA-1,1.0
ATCGCTTTACGTCTCA-1,1.0
ATCGGAGACAGACGGC-1,1.0
ATCGGCAAGCAGTCCA-1,1.0
ATCGGTTACCTAGTAA-1,1.0
ATCGTATTCCGAGAAC-1,1.0
ATCGTCCAATCGAGTC-1,1.0
ATCGTGGAAAGTCTGG-1,1.0
ATCGTTAGCTAGCGGA-1,1.0
ATCTAACGTCCCTATG-1,1.0
ATCTAATATCCTACGG-1,1.0
ATCTAGCTTGTGAGGG-1,1.0
ATCTCCCACGGAATAT-1,1.0
ATCTCCCTGCAATCTA-1,1.0
ATCTCGTGAGCGAAAC-1,1.0
ATCTGACATGGAAGGA-1,1.0
ATCTGATAGTGTCTTA-1,1.0
ATCTGCACCTCTGCGA-1,1.0
ATCTGCTGTTATCGCC-1,1.0
ATCTGGGCTGTTCTTG-1,1.0
ATCTGGTTAAGACTGT-1,1.0
ATCTGTAATTGTACCC-1,1.0
ATCTTGACCTGCAACG-1,1.0
ATCTTGACTTGTCCAA-1,1.0
ATCTTTCGTATAACCA-1,0.0
ATGAAGCCAAGGAGCC-1,1.0
ATGAAGTGGACCCAGC-1,1.0
ATGACGCCGGCTCTAA-1,1.0
ATGACGCGTTCTATCC-1,1.0
ATGACTATCAGCTGTG-1,1.0
ATGACTATGCGACATT-1,1.0
ATGAGGAGTGTTAATC-1,1.0
ATGAGGGCAGCGGCTA-1,1.0
ATGATCGGGAATAGAC-1,1.0
ATGATGCAATGGTACA-1,1.0
ATGCACCTTCCTTAAT-1,1.0
ATGCACGCGCTGTTCA-1,1.0
ATGCACTACCGCATTG-1,1.0
ATGCATGATCCAGGAT-1,1.0
ATGCCAATCGCTCTGC-1,1.0
ATGCCATTTGCGACCA-1,1.0
ATGCCGGTCTTGCATA-1,1.0
ATGCCGGTTGATGGGA-1,1.0
ATGCGACAATTGGTCC-1,1.0
ATGCGACAGTCCCATT-1,1.0
ATGCGAGTCCCACCAC-1,1.0
ATGCTCAGTGTTGCAT-1,1.0
ATGCTCTGGCGCGGTA-1,1.0
ATGCTTAGGAGTTGAT-1,0.0
ATGGAAATTTAAGGAG-1,1.0
ATGGAACCTTTGCACA-1,1.0
ATGGAGCAGGCCGTGA-1,1.0
ATGGATCCGGCGTCCG-1,1.0
ATGGATTGACCAAACG-1,1.0
ATGGCAGCATTACGAT-1,1.0
ATGGCAGCCGAGAAAC-1,1.0
ATGGCGGAATAGTCGC-1,1.0
ATGGCTGGAAATGGCC-1,1.0
ATGGGACCTGCTGAAC-1,1.0
ATGGGCCTCGGCCTCT-1,1.0
ATGGGTGTATACCTCC-1,1.0
ATGGTATTTACTGATT-1,1.0
ATGGTCGCGTGGTTTC-1,1.0
ATGTAAGGCTGCTCTT-1,1.0
ATGTACATGCGGTGAG-1,1.0
ATGTACGATGACGTCG-1,1.0
ATGTCATTTCCCATTG-1,1.0
ATGTGAAAGCCTAATG-1,1.0
ATGTGCATCCGACGCA-1,1.0
ATGTGGACATCTTGAT-1,1.0
ATGTTACGAGCAATAC-1,1.0
ATGTTCCTGCCCACCT-1,1.0
ATGTTCGTCGACCCAC-1,1.0
ATGTTGTAGTCTGTTT-1,1.0
ATGTTTCGGCCCGGAG-1,1.0
ATTAAACATGCGGACC-1,1.0
ATTAACACCTGAGATA-1,1.0
ATTAATACTACGCGGG-1,1.0
ATTAATGAACCAGTCG-1,1.0
ATTAATTCGGTCACTC-1,1.0
ATTACAACTACCGGCC-1,1.0
ATTACATGTCAGTCTT-1,1.0
ATTACCACACTGCCTG-1,1.0
ATTACGACTCCACAGT-1,1.0
ATTACGCGCTGGCAGG-1,1.0
ATTACTAGCCTCTTGC-1,1.0
ATTACTTACTGGGCAT-1,1.0
ATTAGATTCCTCAGCA-1,1.0
ATTAGATTGATAGCGG-1,1.0
ATTAGGCGATGCTTTC-1,1.0
ATTATACTTTGCTCGT-1,1.0
ATTATAGCTACTTTAC-1,1.0
ATTATCTCGACAGATC-1,1.0
ATTATGAGACCCAATT-1,1.0
ATTATGCCATAGGGAG-1,1.0
ATTATTATGTCCGTCA-1,1.0
ATTCAAAGTACCTGTT-1,1.0
ATTCAACCATTTAAGG-1,1.0
ATTCACTGATGTTGGA-1,1.0
ATTCAGGACCTATTTC-1,1.0
ATTCAGTAGCAGGGTC-1,1.0
ATTCATATACTGTCCA-1,1.0
ATTCATCGTTGAGGCA-1,1.0
ATTCCCACATAAACAA-1,1.0
ATTCCCGAAGGTACAG-1,1.0
ATTCCTAAGACGTGGA-1,1.0
ATTCCTCCGCCAGTGC-1,1.0
ATTCCTTCCAGGCGGT-1,1.0
ATTCGACGCCGGGCCT-1,1.0
ATTCGCAGAGGACACT-1,1.0
ATTCGTGCTATCTCTT-1,1.0
ATTCTCGTCTCTTTAG-1,1.0
ATTCTTCGTACTTATG-1,1.0
ATTGAAGATCTTAGTG-1,1.0
ATTGACCGGCGATGAC-1,1.0
ATTGACGTAACTCGGT-1,1.0
ATTGATAGCAACGAGA-1,1.0
ATTGATCACCACATTT-1,1.0
ATTGATGAGTCCTAAC-1,1.0
ATTGCGATCAGTAACT-1,1.0
ATTGCTGCTCCTCCAT-1,1.0
ATTGGATTACAGCGTA-1,1.0
ATTGGGAATATCTTGG-1,1.0
ATTGGGAGTTCTGTAA-1,1.0
ATTGGTAGGATCCGCT-1,1.0
ATTGTACAACTCGGCT-1,1.0
ATTGTCGCAATACCTT-1,1.0
ATTGTGACTTCGCTGC-1,1.0
ATTGTTCAACGATCCG-1,1.0
ATTTAACTCGTATTAC-1,1.0
ATTTACAGTTTACTGG-1,1.0
ATTTACTAAGTCCATT-1,1.0
ATTTCATTATTTCGCG-1,1.0
ATTTCCGGGTTCTGCG-1,1.0
ATTTGCGCGAGTAGCT-1,1.0
ATTTGGAGATTGCGGT-1,1.0
ATTTGTCTTGGGAGCT-1,1.0
ATTTGTTCCAGGGCTC-1,1.0
CAAACCAGGTCTGCAT-1,1.0
CAAACGAGTATCGCAG-1,1.0
CAAACGGTCGCACTTT-1,1.0
CAAACTACGATAGAGA-1,1.0
CAAACTATTGAGCTTC-1,1.0
CAAACTCGCGACGCCG-1,1.0
CAAAGATTATTGGGCC-1,1.0
CAAAGGTCATCTGAAA-1,1.0
CAAAGTCAGGTTAGCT-1,1.0
CAAATCTCTCACAAGG-1,1.0
CAAATGTCCTTCCGTG-1,1.0
CAAATTGGATTATGCC-1,1.0
CAAATTGTCAGCAAGC-1,1.0
CAACACATCTCCTGCC-1,1.0
CAACCAGTGGCCTACC-1,1.0
CAACCGCACCTAGACA-1,1.0
CAACCTACCGAGCAGT-1,1.0
CAACCTGAACCTGCCA-1,1.0
CAACGACCCGTTTACA-1,1.0
CAACGGTTCTTGATAC-1,1.0
CAACGTGGTGGAGTCT-1,0.0
CAACTATATCGAATGC-1,1.0
CAACTCCGTAACTTGC-1,1.0
CAACTCCTTGATCCCG-1,1.0
CAACTGAGGGTATGAC-1,1.0
CAACTGCTCATCCGAT-1,1.0
CAACTTGTAGTGGGCA-1,1.0
CAAGAAACCCTAAACT-1,1.0
CAAGACTCAGAAGCGC-1,1.0
CAAGAGGGCGGAGTAC-1,1.0
CAAGATATTATAACGT-1,1.0
CAAGCAACGTCGGAGT-1,1.0
CAAGCACCAAATGCCT-1,1.0
CAAGCGGCACATAATT-1,1.0
CAAGGATCGCATGTTC-1,1.0
CAAGGTCCTATAGGCT-1,1.0
CAAGTAAGTGATAGAC-1,1.0
CAAGTGTGGTTGCAAA-1,1.0
CAATAAACCTTGGCCC-1,1.0
CAATACGAGAGTCTGA-1,1.0
CAATACGCTCTGAGGC-1,1.0
CAATATTCTTGACCTA-1,1.0
CAATATTGGACTAGTG-1,1.0
CAATCCCTATACCAGC-1,1.0
CAATCCTGCCGTGGAG-1,1.0
CAATGAGGTTCGACTA-1,1.0
CAATGCGAGAAGTATC-1,1.0
CAATGGAATCTACATA-1,1.0
CAATGGATCTCTACCA-1,1.0
CAATGTGCCAACCCTT-1,1.0
CAATTAAGGGTGATGA-1,1.0
CAATTGGGCCGCACTC-1,1.0
CAATTTCGTATAAGGG-1,1.0
CAATTTGACCGGGAAG-1,1.0
CACAAGAAAGATATTA-1,1.0
CACAAGCTAAGAAAGG-1,1.0
CACAATGAGCTGCTAT-1,1.0
CACACACGCTAACGAG-1,1.0
CACACAGCTTGCGCTC-1,1.0
CACACAGGGATAGATT-1,1.0
CACACGCGCTGTCTTA-1,1.0
CACACTTGTATTGCGA-1,1.0
CACAGAGACGAGGACG-1,1.0
CACAGCACCCACGGCA-1,1.0
CACAGCTAGGGAGTGA-1,1.0
CACAGGGCCATATAGT-1,1.0
CACAGGGCCGTTGTCA-1,1.0
CACAGTCCCGCTTCGC-1,1.0
CACAGTTCGCTTCCCA-1,1.0
CACATATTAGCAGGAT-1,1.0
CACATCGTGCACGCGC-1,1.0
CACATCTCACCGACGA-1,1.0
CACATGATTCAGCAAC-1,1.0
CACATGTTTGGACATG-1,1.0
CACATTCTTTCGATGG-1,1.0
CACATTTCTTGTCAGA-1,1.0
CACCAATCATCCGTCT-1,1.0
CACCACGCCACACAGA-1,1.0
CACCAGTCAGCATGCA-1,1.0
CACCATCGGAGGAGAC-1,1.0
CACCATGATCGCAAAG-1,1.0
CACCCAAATCTTATGT-1,1.0
CACCCACACGTCACCC-1,1.0
CACCCACGAGGCAATT-1,1.0
CACCCGGTTTGTGACT-1,1.0
CACCCTAACAAGATCT-1,1.0
CACCCTTGGTGAGACC-1,1.0
CACCCTTTCCTCGCTC-1,1.0
CACCGATACACCGAGC-1,1.0
CACCGCCAGAAGGTTT-1,1.0
CACCGCCGACCAGCGA-1,1.0
CACCGCGTCCACTCTA-1,1.0
CACCGGTAGAGACATT-1,1.0
CACCGTATCCCATCCG-1,1.0
CACCGTTAGGGATCAC-1,1.0
CACCGTTGCGCGATAT-1,1.0
CACCTAATAGAGTCGT-1,1.0
CACCTAATCAGTTTAC-1,1.0
CACCTCGATGGTGGAC-1,1.0
CACCTTGCGAAACTCG-1,1.0
CACCTTGGCGCCTTTG-1,1.0
CACGAAAGTTAGTCCC-1,1.0
CACGCACAGCGCAGCT-1,1.0
CACGCAGCGAGGCTTT-1,1.0
CACGCGGAACTGTTGC-1,1.0
CACGGACGTGGATGGC-1,1.0
CACGGCGCGCCAAAGG-1,1.0
CACGGGATTGAGGGTT-1,1.0
CACGTCAATCAATGGA-1,1.0
CACGTCGGCAACCTCT-1,1.0
CACGTCGGGTTCTAGA-1,1.0
CACGTTCGTGCTCTAG-1,1.0
CACGTTTCGTACACAC-1,1.0
CACTAAAGTTGCCTAT-1,1.0
CACTACGGGAGCTGCC-1,1.0
CACTCAAGAGCTATGG-1,1.0
CACTCAGCTCTTGAGG-1,1.0
CACTCCTATGTAAGAT-1,1.0
CACTCCTCTCGGTCGG-1,1.0
CACTCGAGCTGAACAA-1,1.0
CACTCGGTTAGGAGGA-1,1.0
CACTCTCAAGCATCGA-1,1.0
CACTCTTCTGCTAGCC-1,1.0
CACTGACGATTGTGGA-1,1.0
CACTGTCCAAGTGAGA-1,1.0
CACTTAATCAGACGGA-1,1.0
CACTTCGCCACAGGCT-1,1.0
CACTTCGTCTTATCTC-1,1.0
CAGAACTTAGCCCTCT-1,1.0
CAGAATAACACACGGA-1,1.0
CAGAATATTCGTTATC-1,1.0
CAGACACCGATCGCTG-1,1.0
CAGACCTGTAAGTGTT-1,1.0
CAGACGAACCTGATAC-1,1.0
CAGAGACGGTCACCCA-1,1.0
CAGAGCATGAGCTTGC-1,1.0
CAGAGGCGATGCATGA-1,1.0
CAGAGTGATTTAACGT-1,1.0
CAGATACTAACATAGT-1,1.0
CAGATATGAAGATGAC-1,1.0
CAGATCATTTAAAGTC-1,1.0
CAGATCCTGGTTTGAA-1,1.0
CAGATGTTTGTCCCAA-1,1.0
CAGCAGCCCGTTCCTT-1,1.0
CAGCAGTCCAGACTAT-1,1.0
CAGCAGTCTGTGCTGC-1,1.0
CAGCCGGGCCCTCTAT-1,1.0
CAGCCTCCTGCAGAGG-1,1.0
CAGCCTCGATAGCGGT-1,1.0
CAGCCTCTCCTCAAGA-1,1.0
CAGCGATTCCCTTCAA-1,1.0
CAGCGCCAACACGATA-1,1.0
CAGCTCACTGAGACAT-1,1.0
CAGCTCGACAAGTTAA-1,1.0
CAGCTCGTGCTTGTGT-1,1.0
CAGCTGGCGTAACCGT-1,1.0
CAGCTTAGTAGGTAGC-1,1.0
CAGGAAGACTTTATAT-1,1.0
CAGGACAGCTGCCCTT-1,1.0
CAGGATATATCGTTGT-1,1.0
CAGGCCGTTTGGGTGT-1,1.0
CAGGCGCACGGTGGTC-1,1.0
CAGGCGCCATGCTAGG-1,1.0
CAGGTTTAGTACTACA-1,1.0
CAGTAACTATTTATTG-1,1.0
CAGTAAGGGACGTCTC-1,1.0
CAGTAATCCCTCCCAG-1,1.0
CAGTACATTCTCTAAA-1,1.0
CAGTACCAGTTTACGT-1,1.0
CAGTAGATGATGTCCG-1,1.0
CAGTAGCCCACGCGGT-1,1.0
CAGTCCAACGCCTTCT-1,1.0
CAGTCGAGGATGCAAT-1,1.0
CAGTCGGCCTAGATAT-1,1.0
CAGTCTGTATACTGGG-1,1.0
CAGTGAATAAATGACT-1,1.0
CAGTGGTTGCACATGA-1,1.0
CAGTGTCCGCAGAATG-1,1.0
CAGTGTCGGCTGGCCC-1,1.0
CAGTTCAAATTGACAC-1,1.0
CAGTTCCGCGGGTCGA-1,1.0
CAGTTCGAGGACCCGA-1,1.0
CATAACGGACAGTCGT-1,1.0
CATAAGAAGCTTGGCT-1,1.0
CATAAGCTCTCCGTCT-1,1.0
CATACAAAGCCGAACC-1,1.0
CATACACAAAGTCAGC-1,1.0
CATACACGGTTCCCAC-1,1.0
CATACCCGTACCCAGT-1,1.0
CATACGAACTAGCTGG-1,1.0
CATACGGCGTCTGGGC-1,1.0
CATACGGGTGCATGAT-1,1.0
CATACTATGTAATTGT-1,1.0
CATACTTAGGCAATAC-1,1.0
CATACTTCTTTCTCCG-1,1.0
CATAGCCGCCCGGGAT-1,1.0
CATAGCGTTGCCCACC-1,1.0
CATAGTACATTGAGAG-1,1.0
CATAGTAGCATAGTAG-1,1.0
CATAGTCCACAAGAAC-1,1.0
CATATACTACTGATAA-1,1.0
CATATAGGTACAGTCA-1,1.0
CATATGTCAGGCTACG-1,1.0
CATATTATTTGCCCTA-1,1.0
CATCAAACTGGCGCCC-1,1.0
CATCAACACCTACTAA-1,1.0
CATCATCTACCCGGAC-1,1.0
CATCATTACCCTGAGG-1,1.0
CATCCAATATAGTTTG-1,1.0
CATCCGCAGGCCCGAA-1,1.0
CATCCTCTCAAAGATC-1,1.0
CATCGCCCGCGGCCAA-1,1.0
CATCGGACGGGTTAAT-1,1.0
CATCGTCCGGTTACTA-1,1.0
CATCTAGTGAAGGGAA-1,1.0
CATCTATCCCGTGTCT-1,1.0
CATCTGCAGGATCATT-1,1.0
CATCTTACACCACCTC-1,1.0
CATGAACCGACATTTG-1,1.0
CATGACTTCGCTGAAT-1,1.0
CATGAGATGCACTCTC-1,1.0
CATGATCGCTTTGAGA-1,1.0
CATGATGCACAATTCT-1,1.0
CATGATGGAAGTTAGC-1,1.0
CATGCATGGAGACCCT-1,1.0
CATGCCAACTCGCAAA-1,1.0
CATGCGACCAGTTTAA-1,1.0
CATGCGTTAGACAGAA-1,1.0
CATGCTGGCTCCAATT-1,1.0
CATGGATTGTCTTCCG-1,1.0
CATGGCAGGAAGATCG-1,1.0
CATGGCTCCCTATGTC-1,1.0
CATGGGTATGCCTTAT-1,1.0
CATGGGTCGGGTGTGG-1,1.0
CATGGTAAGTAGCGTT-1,1.0
CATGGTATTAGTTTGT-1,1.0
CATGGTCTAGATACCG-1,1.0
CATGTAAGAGACATTT-1,1.0
CATGTAGGAGCGCCAA-1,1.0
CATGTCTCATTTATGG-1,1.0
CATTACATAGATTGTG-1,1.0
CATTACGTCGGCCCGT-1,1.0
CATTATCCCATTAACG-1,1.0
CATTATGCTTGTTGTG-1,1.0
CATTCAGGTCAGTGCG-1,1.0
CATTCCCATTCCGTCG-1,1.0
CATTCCCTAAGTACAA-1,1.0
CATTCGTCGTAGCGGT-1,1.0
CATTGATGAACACGCC-1,1.0
CATTGCGAAATGGGCG-1,1.0
CATTGCGGGTCAATTC-1,1.0
CATTGTGTGCTAGATC-1,1.0
CATTTAGCGGACCATG-1,1.0
CATTTCTAGCAGACTA-1,1.0
CATTTGAGTGGTACGT-1,1.0
CCAAACAGAACCCTCG-1,1.0
CCAAAGCAGTTGGTTG-1,1.0
CCAAATAACAAGATTC-1,1.0
CCAACCTTATGTAACT-1,1.0
CCAACGATGCACTGAT-1,1.0
CCAACGCTTGCCAGGG-1,1.0
CCAACTTGATAGATCC-1,1.0
CCAAGAAAGTGGGCGA-1,1.0
CCAAGACTTCTGCGAA-1,1.0
CCAAGCGTAACTCGTA-1,1.0
CCAAGGAACAGAGAGG-1,1.0
CCAAGTTTCTACAGAT-1,1.0
CCAATAGATTTCATCT-1,1.0
CCAATAGTGCCGTCGA-1,1.0
CCAATCGGTAGATCGA-1,1.0
CCAATGTCACAGCAAG-1,1.0
CCAATTACGGGTCGAG-1,1.0
CCAATTGAATGTTAAT-1,1.0
CCACAATGTACGTCTT-1,1.0
CCACACTGAGATATTA-1,1.0
CCACAGTACCCATCCT-1,1.0
CCACATACTGCACCCA-1,1.0
CCACATGGCTCTTTAT-1,1.0
CCACCAACTTTACTGT-1,1.0
CCACCCAAGGAAAGTG-1,1.0
CCACCTGTATGGAATA-1,1.0
CCACGAATTTAACCTC-1,1.0
CCACGAGAAGAGAATC-1,1.0
CCACGGAGCCATAAGA-1,1.0
CCACGGTGCCCGGTAG-1,1.0
CCACGTAAATTAGACT-1,1.0
CCACTATCCGGGTCAC-1,1.0
CCACTGGTGGCTGGTT-1,1.0
CCACTGTTTGGATTAA-1,1.0
CCAGAAAGCAACTCAT-1,1.0
CCAGAGACAAAGCCGG-1,1.0
CCAGATAGTTGAGTGA-1,1.0
CCAGATGTAAATGGGT-1,1.0
CCAGCCTGGACCAATA-1,1.0
CCAGCGGGATCACCAG-1,0.0
CCAGCTACGCCTCATA-1,1.0
CCAGCTCGAACGCATT-1,1.0
CCAGCTGATGGTACTT-1,1.0
CCAGCTTCCGCCCGCA-1,1.0
CCAGGCTGGCGTCTGA-1,1.0
CCAGGGACGTGGCCTC-1,1.0
CCAGTAGTCTGATCCA-1,1.0
CCAGTCAAATCTCTTA-1,1.0
CCAGTCCATTATTCGA-1,1.0
CCAGTCTAGACGGCGC-1,1.0
CCAGTCTTGTCATAGA-1,1.0
CCATAAACAACCCGAC-1,1.0
CCATAACCTGTGCAGT-1,1.0
CCATACCTTTACTTGT-1,1.0
CCATAGAGGCTGCCAG-1,1.0
CCATAGGTTGGCGTGG-1,1.0
CCATAGTCAGTAACCC-1,1.0
CCATATGGAAACTATA-1,1.0
CCATATTGGATCATGA-1,1.0
CCATCCATACCAAGTC-1,1.0
CCATCGCAGTTAAACT-1,1.0
CCATCTCACCAGTGAA-1,1.0
CCATCTTGTTCACAAT-1,1.0
CCATGCCCTAGATTTC-1,1.0
CCATGCCTGTTTAGTA-1,1.0
CCATGCTCTGCAGGAA-1,1.0
CCATGGCCCTTGTACC-1,1.0
CCATGTTCATCTATAT-1,1.0
CCATTAGCGATAATCC-1,1.0
CCATTCCCTGCCCACA-1,1.0
CCATTGTTTCCTCCAT-1,1.0
CCATTTCTACCTATTA-1,1.0
CCCAAACATGCTGCTC-1,1.0
CCCAACATACGTCGCG-1,1.0
CCCAACCACACTAACA-1,1.0
CCCAATGAGATTTGCA-1,1.0
CCCAATTTCACAACTT-1,1.0
CCCACTCCACGGTATC-1,1.0
CCCAGAGGAGGGCGTA-1,1.0
CCCAGGTCTGAAGGCT-1,1.0
CCCAGTAAACTTGGGA-1,1.0
CCCAGTTAAGGCGCCG-1,1.0
CCCATATAGGTCGATT-1,1.0
CCCGAAGTTTCGCGAA-1,1.0
CCCGACCATAGTCCGC-1,1.0
CCCGAGTTTCTCCGTA-1,1.0
CCCGATAGCCTCGCCT-1,1.0
CCCGCAGCGCGAACTA-1,1.0
CCCGCAGGGCCCAAAG-1,1.0
CCCGCCATGCTCCCGT-1,1.0
CCCGCGCAATGCACCC-1,1.0
CCCGGCTAGGTGAGAA-1,1.0
CCCGGGTCGTTCAGGG-1,1.0
CCCGGTGGAAGAACCT-1,1.0
CCCGGTGTATCGGAAT-1,1.0
CCCGTAAGTCTAGGCC-1,1.0
CCCGTAGCTGGGAAGA-1,1.0
CCCGTCAGCGTCTGAC-1,1.0
CCCGTGAGGGCGGTGA-1,1.0
CCCGTTTCGCAGATGT-1,1.0
CCCTAGGCAACAAGAG-1,1.0
CCCTAGTGTCAGGTGT-1,1.0
CCCTATGTAGAGCAGA-1,1.0
CCCTCAAGCTCTTAGT-1,1.0
CCCTCATTCTGGAATT-1,1.0
CCCTCCTCGCTCGTAT-1,1.0
CCCTCGATAATACACA-1,1.0
CCCTGAAATGAGTTGA-1,1.0
CCCTGACTAACAAATT-1,1.0
CCCTGATGTAACTCGT-1,1.0
CCCTGCCCAATCCGCT-1,1.0
CCCTGCGCTACGCATA-1,1.0
CCCTGGCTGTTCCTTC-1,1.0
CCCTGTTGGCAAAGAC-1,1.0
CCCTTTAATGGAGTTC-1,1.0
CCCTTTGACAGGTCTT-1,1.0
CCGAAAGTGGTGAGCA-1,1.0
CCGAACACTGGGCCTC-1,1.0
CCGAACCTTCCCGGCC-1,1.0
CCGAAGCATTGACCAA-1,1.0
CCGAAGGGCGTACCGC-1,1.0
CCGAAGTATATTGTTC-1,1.0
CCGACAAACACATGAG-1,1.0
CCGACAAAGGGAGTGC-1,1.0
CCGACAATAGGCCGCC-1,1.0
CCGACGGGCATGAGGT-1,1.0
CCGACGTAAACACAAC-1,1.0
CCGAGAAGTCGCATAA-1,1.0
CCGAGCTGTGCTTGTC-1,1.0
CCGAGGGATGTTAGGC-1,1.0
CCGATATGACGTAAGG-1,1.0
CCGATCTCAACCTTAT-1,1.0
CCGATCTTAAGAGGCT-1,1.0
CCGATTCGAGGGACCC-1,1.0
CCGCACAAAGACCAAC-1,1.0
CCGCACACGAACGTGT-1,1.0
CCGCACGTGACCTCGG-1,1.0
CCGCATGTGGTACGAT-1,1.0
CCGCCGGAACTTCTCG-1,1.0
CCGCCGGTCAACACAC-1,1.0
CCGCCGTTGAGGATAA-1,1.0
CCGCCTGCGAATTGGT-1,1.0
CCGCCTTGCGATGTCG-1,1.0
CCGCGATTTGGTAGGT-1,1.0
CCGCGCAAGATACCCA-1,1.0
CCGCGGAATGCGTCAC-1,1.0
CCGCGGGTACGAAGAA-1,1.0
CCGCGTAGGTAAGGGC-1,1.0
CCGCTATCAGCACCAG-1,1.0
CCGCTTACCTCACTCT-1,1.0
CCGCTTGCTGACATGG-1,1.0
CCGGAAGTTATCAGTC-1,1.0
CCGGAATGGTTTCAGT-1,1.0
CCGGAGCGTACTTTCT-1,1.0
CCGGAGGTCTTATGGT-1,1.0
CCGGCACGACCGTTTC-1,1.0
CCGGCCGCGAGCATAT-1,1.0
CCGGCGCATATTGGAT-1,1.0
CCGGCGTGAGACTCTG-1,1.0
CCGGGACCCGCAGAGA-1,1.0
CCGGGCGGTCTCGTCA-1,1.0
CCGGGCTGCTCCATAC-1,1.0
CCGGGTTCGAGGTTAC-1,1.0
CCGGTAATGGCTAGTC-1,1.0
CCGGTGCGAGTGATAG-1,1.0
CCGGTTTGTAATTGTG-1,1.0
CCGTAAGTTGGTCCCA-1,1.0
CCGTACCCAAGCGCCA-1,1.0
CCGTAGGAAATCCCTG-1,1.0
CCGTAGGGTTGTTTAC-1,1.0
CCGTATCTCGTCGTAG-1,1.0
CCGTATTAGCGCAGTT-1,1.0
CCGTCAACCTCTGGCG-1,1.0
CCGTGAGGCATTCATG-1,1.0
CCGTGCCCATGACGGC-1,1.0
CCGTGGAACGATCCAA-1,1.0
CCGTGTTAAATTCCAT-1,1.0
CCGTTACGTTAGAACA-1,1.0
CCGTTCCGAATCTCGG-1,1.0
CCTAAAGGCTGACGCT-1,1.0
CCTAAATTAACGGTTC-1,1.0
CCTAAATTGTATCCTA-1,1.0
CCTAACCCAAACAAGT-1,1.0
CCTAACTAAGGCTCTA-1,1.0
CCTACAAGTCCGGAAT-1,1.0
CCTACATTCACAGACG-1,1.0
CCTACGGCTCAGTCGA-1,1.0
CCTACTCAACACGATT-1,1.0
CCTACTGCGGCGGCCA-1,1.0
CCTACTGCTTACACTT-1,1.0
CCTAGGCGTAGCGATC-1,1.0
CCTAGGTAAAGGTAGC-1,1.0
CCTAGTTAGTCGCATG-1,1.0
CCTATAATGAGTGCCC-1,1.0
CCTATACCGTCCTGTC-1,1.0
CCTATATCGTGTCACG-1,1.0
CCTATATTTGTCCTGG-1,1.0
CCTATCTATATCGGAA-1,1.0
CCTATGAAGTGGTGCC-1,1.0
CCTATGGCTCCTAGTG-1,1.0
CCTATGGGTTACCGTC-1,1.0
CCTATTATTCCGGCCG-1,1.0
CCTCAACGATCGCTGT-1,1.0
CCTCACCAATCTTGAC-1,1.0
CCTCACCTGAGGGAGC-1,1.0
CCTCACCTTAGCATCG-1,1.0
CCTCACGTCAGCTAAT-1,1.0
CCTCATGCAGCTACGA-1,1.0
CCTCCCGACAATCCCT-1,1.0
CCTCCGACAATTCAAG-1,1.0
CCTCCTAGCTAGAGTC-1,1.0
CCTCCTGAGCCCACAT-1,1.0
CCTCCTGTTGTGTCGT-1,1.0
CCTCGAAGTGGACGGG-1,1.0
CCTCGCCAGCAAATTA-1,1.0
CCTCGCGCGATATAGG-1,1.0
CCTCGCGCTGTGCGAT-1,1.0
CCTCGGACCGGGATAG-1,1.0
CCTCGGATGCTACCTG-1,1.0
CCTCTAATCTGCCAAG-1,1.0
CCTCTATCGATTAGCA-1,1.0
CCTCTCTCCCATCTAG-1,1.0
CCTCTGGCCTAGACGG-1,1.0
CCTCTGTACTATTCTA-1,1.0
CCTGAACGATATATTC-1,1.0
CCTGAATATTTACATA-1,1.0
CCTGACAAACTCGCGC-1,1.0
CCTGACCACCGATGGT-1,1.0
CCTGCCCGTTGTCTAG-1,1.0
CCTGCGATAGAACTGT-1,1.0
CCTGCGTTCTACGCTT-1,1.0
CCTGCTATTTGAGAAG-1,1.0
CCTGGAAACGTTCTGC-1,1.0
CCTGGCTAGACCCGCC-1,1.0
CCTGGTCGAATGTGGG-1,1.0
CCTGTAAGACATGATA-1,1.0
CCTGTACTCACGCCCA-1,1.0
CCTGTCACCCGGGCTC-1,1.0
CCTGTCCCTCACGTTA-1,1.0
CCTGTCGCCCGTAAAT-1,1.0
CCTGTGAAACCGTAAC-1,1.0
CCTGTTTGAAGACACG-1,1.0
CCTTCAGTTAAAGTGA-1,1.0
CCTTCTCAGCGTTCCT-1,1.0
CCTTCTTGATCCAGTG-1,1.0
CCTTGACCACTTTATT-1,1.0
CCTTTAAGGGAGCACT-1,1.0
CCTTTCAATGAAGAAA-1,1.0
CCTTTGAATTATGGCT-1,1.0
CGAAACATAGATGGCA-1,1.0
CGAAACGCAATTCATG-1,1.0
CGAACAGTATGGGCGT-1,1.0
CGAACATAGTCAGAAA-1,1.0
CGAACCCGCATGCGTC-1,1.0
CGAACGCCCAGTGCCG-1,1.0
CGAACGGCCGGACAAC-1,1.0
CGAAGCTATAAATTCA-1,1.0
CGAAGGGTTTCAGATT-1,1.0
CGAAGTTGCTCTGTGT-1,1.0
CGAATCTGCTCGACGC-1,1.0
CGAATGAAGTCATTGC-1,1.0
CGAATGACGCATAATG-1,1.0
CGACAATTTGATCTAA-1,1.0
CGACACCGCTTAAGGA-1,1.0
CGACACGCTCCGACAG-1,1.0
CGACACGGATGCCCAC-1,1.0
CGACAGTTCGCGTTAT-1,1.0
CGACATGCGATCTTCT-1,1.0
CGACCCTTAACGCCGG-1,1.0
CGACCTACTAGACAAT-1,1.0
CGACGCATCCGTACCT-1,1.0
CGACTCAGGATGTTAT-1,1.0
CGACTCGGTACACGGT-1,1.0
CGACTTTGTATAGCCT-1,1.0
CGAGACCCTAGAGTGT-1,1.0
CGAGAGATGTGAACCT-1,1.0
CGAGAGCGCGTAGATA-1,1.0
CGAGAGGGTAGCCGCG-1,1.0
CGAGATTTCGCTCGGG-1,1.0
CGAGCACTTCAAGTTT-1,1.0
CGAGCCGAGCACTCGA-1,1.0
CGAGCGTTGATCAGCC-1,1.0
CGAGCTGGGCTTTAGG-1,1.0
CGAGGAGCTTCCATAT-1,1.0
CGAGGATCGGGAACGA-1,1.0
CGAGGCCAGGCATTGG-1,1.0
CGAGGCTAAATATGGC-1,1.0
CGAGGGACTGCGGTCG-1,1.0
CGAGGGTATCCAGGTG-1,1.0
CGAGTACTAAAGAGGA-1,1.0
CGAGTGAAGGTACCAG-1,1.0
CGAGTGCTATAGTTCG-1,1.0
CGAGTTCTGTCCCACC-1,1.0
CGAGTTTATCGGACTG-1,1.0
CGATAACCAATTTGAG-1,1.0
CGATAATACTCAGGTT-1,1.0
CGATACCTCGCGGACA-1,1.0
CGATAGCGATACAGTG-1,1.0
CGATATTAGCCGCAGG-1,1.0
CGATCATTAGAGGCAC-1,1.0
CGATCCGACCCAGTGC-1,1.0
CGATCCTCGCAACATA-1,1.0
CGATCTGTTGGAGGAC-1,1.0
CGATGGACCCTACGCC-1,1.0
CGATGTTGTTATCTAC-1,1.0
CGATTAAATATCTCCT-1,1.0
CGATTCGCCTGGCTGC-1,1.0
CGCAAACACGAGTTAC-1,1.0
CGCAATCGATCATTAG-1,1.0
CGCAATTACTTTCGGT-1,1.0
CGCAATTAGGGTAATA-1,1.0
CGCAATTCTACAATAA-1,1.0
CGCACATGTCCACTAC-1,1.0
CGCACGTCTGTTTATG-1,1.0
CGCACGTGCGCTATCA-1,1.0
CGCAGAAACATTTGCG-1,1.0
CGCAGATCTTCACCCG-1,1.0
CGCAGGCGATCCAAAC-1,1.0
CGCATCATGGCTTCAG-1,1.0
CGCATCCATCAGCCAG-1,1.0
CGCATGGTGCGATGCT-1,1.0
CGCATTAGCTAATAGG-1,1.0
CGCCAAGAAGCCGAGT-1,1.0
CGCCAATTATTGCGTT-1,1.0
CGCCACAGGTCGCGAT-1,1.0
CGCCATCCGATTATGA-1,1.0
CGCCCAGCACGCCTAG-1,1.0
CGCCCGCTTCCGTACA-1,1.0
CGCCCTAATTGTTCAA-1,1.0
CGCCCTTGAAGGCTGA-1,1.0
CGCCGACTATTCGCTA-1,1.0
CGCCGCCCATGCCTGT-1,1.0
CGCCGGTGTCGCAGTA-1,0.0
CGCCGTCTACCCATCG-1,1.0
CGCCGTTCAGCATAGT-1,1.0
CGCCTCCCTCCTCTAT-1,1.0
CGCCTGGCCTACGTAA-1,1.0
CGCCTTTAGCATGCTC-1,1.0
CGCGACACTGCGCAGC-1,1.0
CGCGACCGCGACAGAT-1,1.0
CGCGAGAGGGACTTGT-1,1.0
CGCGAGTCTGCCGGGT-1,1.0
CGCGCAAATGTCCAGA-1,1.0
CGCGCATGTTTGATTG-1,1.0
CGCGCCCGACTTAATA-1,1.0
CGCGGCAGTATTACGG-1,1.0
CGCGGCTCAACTTGAA-1,1.0
CGCGGGAATTAGGCAG-1,1.0
CGCGGTAAGTCTAGCT-1,1.0
CGCGGTACGGTATACA-1,1.0
CGCGGTCACAAACCAA-1,1.0
CGCGTACATTCTGGAA-1,1.0
CGCGTTCATGAAATAC-1,1.0
CGCTACGGGACATTTA-1,1.0
CGCTAGAGACCGCTGC-1,1.0
CGCTATACCGCCCACT-1,1.0
CGCTATTCAATGTATG-1,1.0
CGCTATTCTTAGGCTC-1,1.0
CGCTCGACATAATGAT-1,1.0
CGCTCTCCGTAGATTA-1,1.0
CGCTGGTGACTACCCT-1,1.0
CGCTGTGACGCCGCAC-1,1.0
CGCTGTGTGGATGTTG-1,1.0
CGCTTAGTATTGATAC-1,1.0
CGCTTATTCCCGGTCG-1,1.0
CGCTTCCACTGAAATC-1,1.0
CGCTTGGACGGATAGA-1,1.0
CGCTTTCATACCGGTG-1,1.0
CGCTTTCTTGCATTCG-1,1.0
CGGAAAGAATCAAACG-1,1.0
CGGAAAGCAAATGTGC-1,1.0
CGGAACGTAAACATAG-1,1.0
CGGACGTTACTTGAAG-1,1.0
CGGAGCAATTTAATCG-1,1.0
CGGAGCATGGCGATCC-1,1.0
CGGAGCTTATAACACC-1,1.0
CGGAGTTTGAGAGACA-1,1.0
CGGATAAGCGGACATG-1,1.0
CGGATCCTCAAGGACT-1,1.0
CGGCAAACATCGTGCG-1,1.0
CGGCAATAAGATCGCC-1,1.0
CGGCACCGTTAGCGCC-1,1.0
CGGCACTCAAGAAAGT-1,1.0
CGGCAGGGTCGGGTTG-1,1.0
CGGCCACGCACAAAGT-1,1.0
CGGCCAGAGCGACCAT-1,1.0
CGGCCCAACCTGTAGT-1,1.0
CGGCCCAGGTATATCC-1,1.0
CGGCGCCATCAATCCC-1,1.0
CGGCTCTAAAGCTGCA-1,1.0
CGGCTCTTCGTCGAAC-1,1.0
CGGCTTTGTATGATAA-1,1.0
CGGGAATATAGTATAC-1,1.0
CGGGAATTTATGTAAA-1,1.0
CGGGAGCTTCAGTGTA-1,1.0
CGGGAGTATACCGCCG-1,1.0
CGGGATCAATGTAAGA-1,1.0
CGGGCAGCTAAACCGC-1,1.0
CGGGCCATAGCCGCAC-1,1.0
CGGGCCTTCTTTGTAA-1,1.0
CGGGTGTACCCATTTA-1,1.0
CGGGTTTGTTAGGGCT-1,1.0
CGGTACGGCAAACCCA-1,1.0
CGGTACTAGAATCAAA-1,1.0
CGGTAGAGGTGCAGGT-1,1.0
CGGTATAGGTATTAGC-1,1.0
CGGTCAAGTGGGAACC-1,1.0
CGGTCAGTCCATATTT-1,1.0
CGGTCCATGAGACTCC-1,1.0
CGGTCCGTCGCAAGCC-1,1.0
CGGTCTATCAACCCGT-1,1.0
CGGTGAAGACTAAAGT-1,1.0
CGGTGCAGATAGAACG-1,1.0
CGGTGCGCGTTGGTCC-1,1.0
CGGTGGGCTCCAGCCT-1,1.0
CGGTGTACTTGATCCC-1,1.0
CGGTTATCCAACAGTG-1,1.0
CGGTTCAAGTAGGTGT-1,1.0
CGGTTCCGGCTTCTTG-1,1.0
CGGTTGACCTGGCATA-1,1.0
CGGTTTACTGAACATT-1,1.0
CGGTTTATGAAGGAAC-1,1.0
CGTAAACGCTTGAGTG-1,1.0
CGTAAAGCAAGAAATC-1,1.0
CGTAACTTCGACACTT-1,1.0
CGTAATAATTACGAGT-1,1.0
CGTACCGAAAGTCTAG-1,1.0
CGTACCTGATAGGCCT-1,1.0
CGTAGCGAATTGTCAG-1,1.0
CGTATCTAGAACTAAG-1,1.0
CGTATTAAGAGATCTA-1,1.0
CGTATTGTTTCCTAAT-1,1.0
CGTCAAATGGTCGCAG-1,1.0
CGTCAAGGCTATAAAT-1,1.0
CGTCAATCTTTAACAT-1,1.0
CGTCACGTCCATTGGT-1,1.0
CGTCAGCTATTTACTC-1,1.0
CGTCAGTGCGCACAAG-1,1.0
CGTCATACCATATCCA-1,1.0
CGTCCAGATGGCTCCA-1,1.0
CGTCGCGGCGGGATTT-1,1.0
CGTCGCTTGGTTATAC-1,1.0
CGTCGGATAGTGTTGA-1,1.0
CGTCGGGTCTAAGCGC-1,1.0
CGTCGTCCTTCGCGAA-1,1.0
CGTCTGGAAGGGCCCG-1,1.0
CGTCTTGAGTGTGACG-1,1.0
CGTGAAGTTAATTCAC-1,1.0
CGTGACATTGGGTCGT-1,1.0
CGTGACCAGTCCTCTG-1,1.0
CGTGCAGACTGGGACA-1,1.0
CGTGCATTGTCGACGC-1,1.0
CGTGCCCTCCCGAAGA-1,1.0
CGTGCTGGCCTAGTCG-1,1.0
CGTGCTTCTACCTAAA-1,1.0
CGTGGAAGCCTCGTAC-1,1.0
CGTGGCCGAATATCTA-1,1.0
CGTGGTACCCAAAGGC-1,1.0
CGTGTATGGGAGCTGA-1,1.0
CGTGTCCCATTCGCGA-1,1.0
CGTGTCTCGTTACGAC-1,1.0
CGTGTGTTAAACCCTG-1,1.0
CGTTAAACTAGTTAGG-1,1.0
CGTTAATGTCCCGACG-1,1.0
CGTTAGCTCACAACTG-1,1.0
CGTTATCATACTTCCA-1,1.0
CGTTCAGACCCGCGAA-1,1.0
CGTTCATGGTGCGCGT-1,1.0
CGTTCTTCGCACACCT-1,1.0
CGTTGAATACCGCGCT-1,1.0
CGTTGAGCGACCGTCG-1,1.0
CGTTGAGTAATTGCGT-1,1.0
CGTTGCCCGCGTGGGA-1,1.0
CGTTGTAAACGTCAGG-1,1.0
CGTTGTAAGATTGATT-1,1.0
CGTTGTCGGCAATTGA-1,1.0
CGTTGTTTCAATTCCC-1,1.0
CGTTTAAGCGGAGCAC-1,1.0
CGTTTACAAGGCAGCT-1,1.0
CGTTTCACTTCGGGCG-1,1.0
CGTTTCGCTCATTACA-1,1.0
CGTTTGGTGTTGTGGG-1,1.0
CGTTTGTGTAGAGGGT-1,1.0
CTAAAGAATGCCTACT-1,1.0
CTAAAGGGAAATAGGA-1,1.0
CTAAATCCGGTGTACA-1,1.0
CTAAATCCTATTCCGG-1,1.0
CTAACAGCACAATAAC-1,1.0
CTAACCGCGCGCCCGT-1,1.0
CTAACGAAACTTGCTG-1,1.0
CTAACTGATAATCGCC-1,1.0
CTAACTGGTCCGGTTC-1,1.0
CTAAGGGAATGATTGG-1,1.0
CTAATTATGAAGCGTA-1,1.0
CTAATTCGCACGCGCT-1,1.0
CTAATTCTCAGATATT-1,1.0
CTAATTTCAACAACAC-1,1.0
CTACAAGAAATAACCC-1,1.0
CTACACTCGCAGATGG-1,1.0
CTACATATCGCGGGAC-1,1.0
CTACCCTAAGGTCATA-1,1.0
CTACGACTAGCTATAA-1,1.0
CTACGCACGGAGTACC-1,1.0
CTACGCCATTTCCGAT-1,1.0
CTACGTGTTGCCACCA-1,1.0
CTACTATCATAGGTTT-1,1.0
CTACTATCTTTCAGAG-1,1.0
CTACTCAAGGTATAGT-1,1.0
CTACTCTAGGCCCGGC-1,1.0
CTACTGCCACCTGACC-1,1.0
CTAGACATATATGTAG-1,1.0
CTAGATGTGAGTGTAA-1,1.0
CTAGATTTACGACGGC-1,1.0
CTAGCATAGTATAATG-1,1.0
CTAGCCACAGGCGAGC-1,1.0
CTAGCCGATGTTATGA-1,1.0
CTAGCTTAATGGTCCC-1,1.0
CTAGGCGCCCTATCAG-1,1.0
CTAGGTCTGAAGGAAT-1,1.0
CTAGGTTCGGACGTGA-1,1.0
CTAGTAGAAAGGGATT-1,1.0
CTAGTATTCGGAATTA-1,1.0
CTAGTCACGTCTTAAG-1,1.0
CTAGTGAAGGACAGGA-1,1.0
CTAGTTACAACCCGGT-1,1.0
CTAGTTGGGCCCGGTA-1,1.0
CTATAAGAGCCAATCG-1,1.0
CTATACTTAAAGCGAG-1,1.0
CTATAGGCGTTGATGT-1,1.0
CTATATCCAGCCTGGC-1,1.0
CTATCGACGAAATACA-1,1.0
CTATCGCGTAGAGAAC-1,1.0
CTATCGGGTCTCAACA-1,1.0
CTATGCCCGAATGCAA-1,1.0
CTATGGGAAGCGGAAT-1,1.0
CTATGTCACTAGCCCA-1,1.0
CTATGTCTATTGAAAC-1,1.0
CTATGTGAGTCACGGC-1,1.0
CTATTCATGTGTCCCA-1,1.0
CTATTGTGTTTGGTCA-1,1.0
CTATTTGGTTACGGAT-1,1.0
CTCAAACCACTGCCCG-1,1.0
CTCAAGACATTAGCGC-1,1.0
CTCACACGCAAGCCTA-1,1.0
CTCACATTTACTAAAT-1,1.0
CTCACCGATCCAAACT-1,1.0
CTCACTGTGATACTTA-1,1.0
CTCACTTGGCTGGTAA-1,1.0
CTCAGATTGTGATAAG-1,1.0
CTCAGGACTCACCTGT-1,1.0
CTCAGTCACGACAAAT-1,1.0
CTCATCACTTAGTGAT-1,1.0
CTCATGGCTCACAATC-1,1.0
CTCATGGTAATTTGCG-1,1.0
CTCATTAACGTTGCCC-1,1.0
CTCATTCGTGAACATC-1,1.0
CTCATTGCTCTAACAA-1,1.0
CTCATTTGATGGGCGG-1,1.0
CTCCCAATGAGTCGCG-1,1.0
CTCCCTCCTTTCGATC-1,1.0
CTCCGCCCACATGAGG-1,1.0
CTCCGGCCTAATATGC-1,1.0
CTCCGGCTTGTAGACA-1,1.0
CTCCTAAGTTATGTCT-1,1.0
CTCCTCCAGCTCACAC-1,1.0
CTCCTGTTCAAGGCAG-1,1.0
CTCCTTTACGCAAGTC-1,1.0
CTCGAGACATACGATA-1,1.0
CTCGAGATCCAAAGCA-1,1.0
CTCGAGGTCGAACAGT-1,1.0
CTCGATATTTGCGAGC-1,1.0
CTCGCACCTATATAGT-1,1.0
CTCGCATTGCATAGCC-1,1.0
CTCGCCGAATGTAGGG-1,1.0
CTCGGGATAACACCTA-1,1.0
CTCGGGTTCTCTGGCC-1,1.0
CTCGGTACCACTGCTC-1,1.0
CTCGGTCCGTAGCCTG-1,1.0
CTCGGTTGTCGGCCCT-1,1.0
CTCGTCGAGGGCTCAT-1,1.0
CTCGTTTCTAATGTTT-1,1.0
CTCTAATGCATTGATC-1,1.0
CTCTACACTGGCGATT-1,1.0
CTCTATTTGGCTGCAG-1,1.0
CTCTCACAATCGATGA-1,1.0
CTCTCGCTGTACTATG-1,1.0
CTCTCTAACTGCCTAG-1,1.0
CTCTGCGAAGCAAGCA-1,1.0
CTCTGGACGCCTGGTG-1,1.0
CTCTGTTTGAGGATTC-1,1.0
CTCTTCTATTGACTGG-1,1.0
CTCTTCTGGAAGTTAG-1,1.0
CTCTTGTCCCGCTTGG-1,1.0
CTGAAAGAGATCCGAC-1,1.0
CTGAATCCGAGACCTC-1,1.0
CTGAATTTATTGCCAG-1,1.0
CTGACATAGAAATAGA-1,1.0
CTGACTGCGCAGCTCG-1,1.0
CTGAGAAAGTTCGGCG-1,1.0
CTGAGAGTAGAAATAC-1,1.0
CTGAGCAAGTAACAAG-1,1.0
CTGAGCGAGACTTATT-1,1.0
CTGATAGTGTATCTCA-1,1.0
CTGCAAGCACGTTCCG-1,1.0
CTGCACAACTACATAT-1,1.0
CTGCACCTAGTCCACA-1,1.0
CTGCACCTGGAACCGC-1,1.0
CTGCACTCCAGTACAG-1,1.0
CTGCAGAGAATCAGAG-1,1.0
CTGCAGGTGCTCGGCC-1,1.0
CTGCCAAGGTTGGAAG-1,1.0
CTGCCATGCATCACAT-1,1.0
CTGCCTAGCCACCAAG-1,1.0
CTGCCTCATATGCAAC-1,1.0
CTGCCTTTAATACCTT-1,1.0
CTGCGGGTGAAATGTT-1,1.0
CTGCGGTAGTCACGTG-1,1.0
CTGCGTTACGATATAA-1,1.0
CTGCTGAGGCCACGAA-1,1.0
CTGCTGTCTAACGAGC-1,1.0
CTGCTTGGCGATAGCT-1,1.0
CTGCTTTATGTCCGCG-1,1.0
CTGGAAATGGATGCTT-1,1.0
CTGGAAGACACGGTGG-1,1.0
CTGGACGCAGTCCGGC-1,1.0
CTGGATTTACACTTGA-1,1.0
CTGGCATCCGAATGAG-1,1.0
CTGGCGACATAAGTCC-1,1.0
CTGGCGCACAGGTCTG-1,1.0
CTGGCGGGAATAAGTA-1,1.0
CTGGCTCCTGCGGGAT-1,1.0
CTGGCTGATTCATCCT-1,1.0
CTGGCTGGTTGTCAGT-1,1.0
CTGGGATAAATAATGG-1,1.0
CTGGGATACGCTACCC-1,1.0
CTGGGCCTGCTATATC-1,1.0
CTGGGTAGGCAGTTAA-1,1.0
CTGGGTTGAGTTAAAG-1,1.0
CTGGTAAAGTGTGGGC-1,1.0
CTGGTAACACATAGAA-1,1.0
CTGGTAACGAGCTCTT-1,1.0
CTGGTCATTCCAATCC-1,1.0
CTGGTCCTAACTTGGC-1,1.0
CTGGTGAATGGGCCTA-1,1.0
CTGGTTCAACGCATCA-1,1.0
CTGGTTCGCGAGCTAC-1,1.0
CTGGTTTCGAGCAAGA-1,1.0
CTGTACTTCTTAGCAT-1,1.0
CTGTAGCCATCTCACT-1,1.0
CTGTAGTGAGGATCGA-1,1.0
CTGTATGGTGTAGAAA-1,1.0
CTGTCAAATGGCTCGG-1,1.0
CTGTCTGTGGCTGGCT-1,1.0
CTGTGCAGGGTAGGTC-1,1.0
CTGTGGTCGGGAGATA-1,1.0
CTGTTACCCAATCTAG-1,1.0
CTGTTCACTGCCTGTG-1,1.0
CTGTTCATCTCACGGG-1,1.0
CTGTTGGCTCTTCTGA-1,1.0
CTGTTGTTCAGTCGTA-1,1.0
CTTAAATAAGACCCAT-1,1.0
CTTAACTTCGAAGTAC-1,1.0
CTTAAGCAGCGAGCCG-1,1.0
CTTACACGGTATTCCA-1,1.0
CTTACACTGGGAAATA-1,1.0
CTTAGCCCGGATAGTG-1,1.0
CTTAGCCTTCCACATG-1,1.0
CTTAGGTATAGACCAG-1,1.0
CTTAGGTCCCAATCGT-1,1.0
CTTAGTAGGCCTACAG-1,1.0
CTTAGTGTAGTAGCAT-1,1.0
CTTAGTTGAGGAATCG-1,1.0
CTTATAGATGGCTGTT-1,1.0
CTTATGCGCTCAGGGC-1,1.0
CTTATGTTGACTACCA-1,1.0
CTTCAACTCCACTTGG-1,1.0
CTTCAGTGGTCGCCTA-1,1.0
CTTCATAGCTCAAGAA-1,1.0
CTTCATTGTCAGTGGA-1,1.0
CTTCCGCTCCGTGAAG-1,1.0
CTTCGGCCAATTGTTT-1,1.0
CTTCGTAGATAGGTGA-1,1.0
CTTCTATGTTGAAGTA-1,1.0
CTTCTATTAATGCTAG-1,1.0
CTTCTTACGTCGTATA-1,1.0
CTTGACCCGAAAGATA-1,1.0
CTTGAGGTTATCCCGA-1,1.0
CTTGAGTTAGGGTAAT-1,1.0
CTTGCAACCGCCTCCT-1,1.0
CTTGCCCAGGCTCTAC-1,1.0
CTTGGCCAAGCTGGGA-1,1.0
CTTGTACTTGTTGACT-1,1.0
CTTGTCAACATTCGAG-1,1.0
CTTGTGAGGACAGCGG-1,1.0
CTTGTGAGTCTTTGAC-1,1.0
CTTGTGCTCACCGATT-1,1.0
CTTGTTGCTGAGTCAA-1,1.0
CTTGTTTATGTAGCCA-1,1.0
CTTTAACTTTCAAAGG-1,1.0
CTTTAATATTGGTCGA-1,1.0
CTTTACCGAATAGTAG-1,1.0
CTTTAGGAACACTGTT-1,1.0
CTTTAGTGCTATTATT-1,1.0
CTTTCTGTGCGGGCTT-1,1.0
CTTTGACGTCGCTTCT-1,1.0
CTTTGCATCGCTCTTG-1,1.0
CTTTGCTGTCATGGAT-1,1.0
CTTTGGCGCTTTATAC-1,1.0
CTTTGGCTTTAGTAAA-1,1.0
CTTTGGGATTGTTGCA-1,1.0
CTTTGTCGAATGCTCC-1,1.0
GAAACAGATGACCACC-1,1.0
GAAACAGCCATGCAGT-1,1.0
GAAACATAGGAAACAG-1,1.0
GAAACCATGGTGCGCT-1,1.0
GAAACCGAATTACCTT-1,1.0
GAAACCTATACAAATG-1,1.0
GAAACTCGTGCGATGC-1,1.0
GAAACTCTAATGAAGG-1,1.0
GAAAGAACAGCGTTAT-1,1.0
GAAAGCAGTGCACTTT-1,1.0
GAAAGCCCTTTGGACC-1,1.0
GAAAGTGACTAACTGC-1,1.0
GAAATACCTGCTGGCT-1,1.0
GAAATACTAAACGTTT-1,1.0
GAAATATCACCATCAG-1,1.0
GAAATATGCTTGAATG-1,1.0
GAAATCGCGCGCAACT-1,1.0
GAAATCTGACCAAGTT-1,1.0
GAAATGGCGGTGTTAG-1,1.0
GAAATGGGATGTAAAC-1,1.0
GAAATTAGCACGGATA-1,1.0
GAAATTCACATCGCTG-1,1.0
GAAATTGTCTCTATAA-1,1.0
GAACACACATCAACCA-1,1.0
GAACAGATTACTAAAT-1,1.0
GAACATTAGTATGTTA-1,1.0
GAACCCTCTGTGTTCT-1,1.0
GAACCTCGACCTACAC-1,1.0
GAACCTTTAACGATCC-1,1.0
GAACGACCGAATGATA-1,1.0
GAACGATAAGTTAAAG-1,1.0
GAACGCGGGTCACACG-1,1.0
GAACGTCTCATGGTCG-1,1.0
GAACGTTAGGAAGACG-1,1.0
GAACTTGTGCACGGGA-1,1.0
GAAGAAACGATATTGT-1,1.0
GAAGAACGGTGCAGGT-1,1.0
GAAGCCACTGATTATG-1,1.0
GAAGCCGGGTAAGCTC-1,1.0
GAAGCCTGCACATTCC-1,1.0
GAAGCGTGAGGAATTT-1,1.0
GAAGCTCGGACCCGTC-1,1.0
GAAGCTCTTTGCTTAG-1,1.0
GAAGCTTGCTGACCGC-1,1.0
GAAGGACTAAATTGAA-1,1.0
GAAGGAGTCGAGTGCG-1,1.0
GAAGGCTACCATTGTT-1,1.0
GAAGGGCATAACCATG-1,1.0
GAAGTCAGTTGCACTA-1,1.0
GAAGTCTCCCTAGCGA-1,1.0
GAAGTGATTTATCGTG-1,1.0
GAAGTGCTGGATAGCT-1,1.0
GAAGTTTCCACTCAAT-1,1.0
GAATAGACGCGACCCA-1,1.0
GAATAGCATTTAGGGT-1,1.0
GAATAGCCCTGCGGTC-1,1.0
GAATAGTGCTCGATTA-1,1.0
GAATATTCGGAGTCCC-1,1.0
GAATCGACATGGTCAC-1,1.0
GAATCGCCGGACACGG-1,1.0
GAATCTGAACATTCTC-1,1.0
GAATGAAGGTCTTCAG-1,1.0
GAATGCCGAAATGACC-1,1.0
GAATGCGAATCGGTTC-1,1.0
GAATGGGCTTATCGAC-1,1.0
GAATGTATGGCAGGTC-1,0.0
GAATGTGGTCCGGATT-1,1.0
GAATGTTGGGTAATCT-1,1.0
GAATTATAGTGAAAGG-1,1.0
GAATTCACCCGGGTGT-1,1.0
GAATTTCTCGCTGCAG-1,1.0
GACAAACATATGCAGG-1,1.0
GACAACGACCATTGAA-1,1.0
GACAACGCAGCTTACG-1,1.0
GACAAGAGATGAGATT-1,1.0
GACACAAGGGAAGAAA-1,1.0
GACACGAGTTAGAGGA-1,1.0
GACACTGAGTTCAGTG-1,1.0
GACACTGGAACCCGAT-1,1.0
GACAGATTTCTGGCTC-1,1.0
GACAGCCAGACCTGAC-1,1.0
GACAGGCACACACTAT-1,1.0
GACATACTGTCGCAGA-1,1.0
GACATCCGTCGAACTG-1,1.0
GACATCGATTTATAAC-1,1.0
GACCAAACGTTGACTG-1,1.0
GACCAGAGCCCTGTAG-1,1.0
GACCCAATTATGATAC-1,1.0
GACCCGTCGCCGGCTA-1,1.0
GACCGACGTGAAAGCA-1,1.0
GACCGACTGAAGCGTC-1,1.0
GACCGATTAAATATGT-1,1.0
GACCGCGTCTGACGTG-1,1.0
GACCGTCAGGTCGTGA-1,1.0
GACCGTGCTGACGGTG-1,1.0
GACCGTTACATGCGAC-1,1.0
GACCTGGTCTGGGCGT-1,1.0
GACGACGATCCGCGTT-1,1.0
GACGAGGCTAATAAAC-1,1.0
GACGCATACCCGTCGG-1,1.0
GACGCCGTAAAGGCTA-1,1.0
GACGCCTGTTGCAGGG-1,1.0
GACGCTTGCTTCTAAA-1,1.0
GACGGGTTGGCCCGTA-1,1.0
GACGGTCAATAGAAGC-1,1.0
GACGGTCCTAGGGTGT-1,1.0
GACGTGTAGGGATTAT-1,1.0
GACGTTCGTAAATACA-1,1.0
GACTAACACAGCACCT-1,1.0
GACTAAGATCATGCAC-1,1.0
GACTAAGTAGGCTCAC-1,1.0
GACTACAAAGCGGTGG-1,1.0
GACTACAATTGCTCGT-1,1.0
GACTCACCCACGTGAG-1,1.0
GACTCCCAGAATAAGG-1,1.0
GACTCCTTCCAATTGA-1,1.0
GACTCGCGGGAATGAC-1,1.0
GACTCGGTCGGCGGAT-1,1.0
GACTGATTGGTCACAA-1,1.0
GACTGCAAATCGAGCT-1,1.0
GACTGCACCAGCCCAG-1,1.0
GACTGCGGCACGTGTA-1,1.0
GACTGCTGGTGAGAAA-1,1.0
GAGAAACTGGATCCCA-1,1.0
GAGAATCTCACGATCA-1,1.0
GAGACCCTGCAACGCC-1,1.0
GAGACTGATGGGTAGA-1,1.0
GAGACTTCGCGACCGA-1,1.0
GAGAGCGCAGTCCCTG-1,1.0
GAGAGGCCTATGTGTA-1,1.0
GAGAGGGCGCGAGGTT-1,1.0
GAGAGGTGCATTCTGG-1,1.0
GAGATCGATCTTACTC-1,1.0
GAGATCTGCTTGGCAT-1,1.0
GAGATCTGTCACTCCG-1,1.0
GAGATCTTCCATGACA-1,1.0
GAGATGACAATCCTTA-1,1.0
GAGATGGGAGTCGACA-1,1.0
GAGCACCTGTGTCCAG-1,1.0
GAGCACGGCGCCTCTT-1,1.0
GAGCATCAACAACTTG-1,1.0
GAGCATCATCCCTGGG-1,1.0
GAGCCACGGTAGTAGG-1,1.0
GAGCCAGCTACCTGTG-1,1.0
GAGCCGAGCGTTTATT-1,1.0
GAGCGAGGGAGTACCG-1,1.0
GAGCGCAAATACTCCG-1,1.0
GAGCGCGCACGAGTAG-1,1.0
GAGCGCTGTTAGGTAA-1,1.0
GAGCGGAATGCGGTGT-1,1.0
GAGCTAAGGGCATATC-1,1.0
GAGCTCTCGGACCTAA-1,1.0
GAGCTGTCGTCTCGGA-1,1.0
GAGGAATGGAGAGGTT-1,1.0
GAGGAGATCCTCATGC-1,1.0
GAGGATAAACAGTGCT-1,1.0
GAGGCATTTGCAGCAG-1,1.0
GAGGCCCGACTCCGCA-1,1.0
GAGGCCTGTTGATACA-1,1.0
GAGGCTATCAAAGTCG-1,1.0
GAGGGAGTCAGATCGC-1,1.0
GAGGGCATCGCGTATC-1,1.0
GAGGGCCATAATATTA-1,1.0
GAGGGCGCAGCTCTGC-1,1.0
GAGGGTAGTAACAAAG-1,1.0
GAGGTACATCCATCTT-1,1.0
GAGGTACGCGTGTCCC-1,1.0
GAGGTCCCAAAGATCT-1,1.0
GAGTAAACCGGAAAGT-1,1.0
GAGTAAGGCCACGGGA-1,1.0
GAGTACGGGTATACAA-1,1.0
GAGTAGATACTAGTTG-1,1.0
GAGTATCAAAGTTACA-1,1.0
GAGTATGCCCGCCTTG-1,1.0
GAGTATGCGCGTGCAT-1,1.0
GAGTCAGACCAGAATC-1,1.0
GAGTCCGCTTACCGGA-1,1.0
GAGTCGACAGACCCTC-1,1.0
GAGTCTTGTAAAGGAC-1,1.0
GAGTGCACGGACAACA-1,1.0
GAGTGTGCGGTACCCA-1,1.0
GAGTTCTGTGGGTGCT-1,1.0
GAGTTGATGGCAATTT-1,1.0
GAGTTGTCACCAGTCT-1,1.0
GATAAATCGGTGGATG-1,1.0
GATAACTCGCACTGTG-1,1.0
GATAAGGCAGATGCAA-1,1.0
GATACCGTGTCGGAGT-1,1.0
GATACGATGGGAGTCA-1,1.0
GATAGCGTACCACGCG-1,1.0
GATAGGATTAATTACA-1,1.0
GATAGGTAACGTTGAC-1,1.0
GATAGGTGTCCCGGGC-1,1.0
GATAGTGCGAGTAAGT-1,1.0
GATATCAAGCAGGAGC-1,1.0
GATATCAGTATGTATC-1,1.0
GATATCTCATGCAATA-1,1.0
GATATGAGACACTAAC-1,1.0
GATATGCGGTAGCCAA-1,1.0
GATATGGATTACGCGG-1,1.0
GATATTGAGATTGGCG-1,1.0
GATATTTCCTACATGG-1,0.0
GATCAACATAAAGGGA-1,1.0
GATCATTCCAAACATT-1,1.0
GATCCCTTTATACTGC-1,1.0
GATCCGAATATAAGTG-1,1.0
GATCCGGGAATTAACA-1,1.0
GATCCTAAATCGGGAC-1,1.0
GATCCTCGACACTGGC-1,1.0
GATCCTCTTGCGCTTA-1,1.0
GATCGACACTATCTGA-1,1.0
GATCGCGGGCTCTCCA-1,1.0
GATCGCTACCCGATTT-1,1.0
GATCGCTATATCTCAG-1,1.0
GATCGGATAGAACCAT-1,1.0
GATCGGCGATAAGTCG-1,1.0
GATCGGTGGCCATAAC-1,1.0
GATCGTGACTGATATC-1,1.0
GATCTAACCGTATTCA-1,1.0
GATCTCGACGCTGTGG-1,1.0
GATCTGCTATCTAAGG-1,1.0
GATCTTCATTGTCCTC-1,1.0
GATCTTGGAGGGCATA-1,1.0
GATCTTTGCAGGGTAT-1,1.0
GATCTTTGCTCAAAGA-1,1.0
GATGACAAGTAGGGCA-1,1.0
GATGACGATGATCGCG-1,1.0
GATGCCAGCAGAAGGC-1,1.0
GATGCCTTCTGCGGCA-1,1.0
GATGCGAATGGTATTA-1,1.0
GATGCGTCCTGCATTC-1,1.0
GATGCTACAAGCGCCT-1,1.0
GATGCTGTATTTCATC-1,1.0
GATGGCGCACACATTA-1,1.0
GATGGTGCCCTAGGCA-1,1.0
GATGTAACGAACCACC-1,1.0
GATGTCCGGATCACAT-1,1.0
GATGTCGGTCAACTGC-1,1.0
GATGTTCAATCCACGA-1,1.0
GATGTTTGTGCGAGAT-1,1.0
GATTAACCGAAAGCCC-1,1.0
GATTACTGAATTTGGG-1,1.0
GATTCCCTTGTCGCAG-1,1.0
GATTCCGCGTTTCCGT-1,1.0
GATTCCTATACGGCGC-1,1.0
GATTCGACGGTTCACG-1,1.0
GATTGCTCCAGTTGCA-1,1.0
GATTTAGTGCGTACTG-1,1.0
GCAAACCCTACATTAT-1,1.0
GCAAACCTTGGCCATA-1,1.0
GCAAACGTCGCCAGGT-1,1.0
GCAAAGGGCGTTAGCC-1,1.0
GCAAATATTACGCTTT-1,1.0
GCAAATGAGGACACTT-1,1.0
GCAACACACTAGAACT-1,1.0
GCAACAGCAGTATGCG-1,1.0
GCAACCACCAGACCGG-1,1.0
GCAACCACGGCCGCGT-1,1.0
GCAACCCAAGTTGTTT-1,1.0
GCAACGGCTAGTTATG-1,1.0
GCAAGAATTCCTTGGC-1,1.0
GCAAGATGTGTTCGCG-1,1.0
GCAAGCTGGAAACCGC-1,1.0
GCAAGTGCACAGAGAA-1,1.0
GCAAGTGTAAAGCATG-1,1.0
GCAATTAGTCGCACCG-1,0.0
GCACAAACCCTAGATG-1,1.0
GCACAAACGAGGCGTG-1,1.0
GCACAACCTCGGGCGT-1,1.0
GCACAAGTGGATCATA-1,1.0
GCACAAGTGTCGGAAG-1,1.0
GCACACACTGGTAGCC-1,1.0
GCACACGCCCATGGTC-1,1.0
GCACGCCTACTTAGAT-1,1.0
GCACTAGTCGCGCTAT-1,1.0
GCACTGCCTACCTTTA-1,1.0
GCACTGTGCAAATGTA-1,1.0
GCAGAAACGTAATCCA-1,1.0
GCAGAAGGTAATCTCC-1,1.0
GCAGACCCAGCACGTA-1,1.0
GCAGATCCATAAGACT-1,1.0
GCAGATCCTCGCAAAT-1,1.0
GCAGATTAGGGATATC-1,1.0
GCAGCACACAGCCCAG-1,1.0
GCAGCCTATATCACAT-1,1.0
GCAGCGGTGGGCATTA-1,1.0
GCAGCTATGGACAGGT-1,1.0
GCAGGAACTTAGATCT-1,1.0
GCAGGACTATAGAATA-1,1.0
GCAGGTAGAGTATGGT-1,1.0
GCAGTGCGGGCGGATG-1,1.0
GCAGTGTGGCTATAGG-1,1.0
GCAGTTCGATCCGAGC-1,1.0
GCATAAATTGAACGCC-1,1.0
GCATACGAGGTCTTTA-1,1.0
GCATAGAGCACTCAGG-1,1.0
GCATCCCTAACTTTGA-1,1.0
GCATCGGCCGTGTAGG-1,0.0
GCATGAGGGACGCGGC-1,1.0
GCATGGGTACTGACGC-1,1.0
GCATTCAAGGCAACGC-1,1.0
GCATTCGAAATGAACA-1,1.0
GCATTGACTTGCGGAA-1,1.0
GCATTGTAATTCATAT-1,1.0
GCATTTCCAAGGCTCC-1,1.0
GCCAACCATTTCCGGA-1,1.0
GCCAAGAATACTTCTG-1,1.0
GCCAATAGGGCATCTC-1,1.0
GCCACAATTTAAGGAC-1,1.0
GCCACCCATTCCACTT-1,1.0
GCCACTCAGAGCGCGA-1,1.0
GCCACTCCTTACGGTA-1,1.0
GCCAGGAGTAACCGAT-1,1.0
GCCAGGCGTTCGCATG-1,1.0
GCCAGGCTTAGTGGTA-1,1.0
GCCATATTGCACACAG-1,1.0
GCCATCGAGCTGCGTG-1,1.0
GCCATCGATGCTGCAT-1,1.0
GCCATTAGCCTCAAAC-1,1.0
GCCCACCAAGGCTGTC-1,1.0
GCCCAGATGCTGGAGA-1,1.0
GCCCAGTTGGTATGCC-1,1.0
GCCCGACTTCTTCCCG-1,1.0
GCCCGAGAGTCTAAAT-1,1.0
GCCCGATCTGTGGTCG-1,1.0
GCCCGCGCGTAAACGG-1,1.0
GCCCGCGCGTTTGACA-1,1.0
GCCCGTAATACCTTCT-1,1.0
GCCCTAGCCGTCGCGA-1,1.0
GCCGAAATTCCTACGT-1,1.0
GCCGACCCACGACTGC-1,1.0
GCCGATTGGCCAAGCT-1,1.0
GCCGCACTCCGTTTCA-1,1.0
GCCGCATTAGTCCGGC-1,1.0
GCCGCTTGTGAGAAAC-1,1.0
GCCGGGTTAGGGTCGC-1,1.0
GCCGTGGAAGAAATGT-1,1.0
GCCTAGCGATCTGACC-1,1.0
GCCTATAGTGTCAGGG-1,1.0
GCCTATCAGGTAAGAT-1,1.0
GCCTATGCTGGGCCTT-1,1.0
GCCTATTCCGATATAG-1,1.0
GCCTATTTGCTACACA-1,1.0
GCCTCATCTGGAAATA-1,1.0
GCCTCCGACAATTCAC-1,1.0
GCCTCTATACATAGCA-1,1.0
GCCTGCTACACTGAGA-1,1.0
GCCTTCAGCCCTACCG-1,1.0
GCCTTGTATATGCAGT-1,1.0
GCCTTTGTCAGTGGAC-1,1.0
GCGAAACGATCGGGAG-1,1.0
GCGAAACTTAACTGGA-1,1.0
GCGAAGCCATACCCGT-1,1.0
GCGACATGTAAACATC-1,1.0
GCGACCCAACCATCTG-1,1.0
GCGACGATAGTTGTAC-1,1.0
GCGAGAAACGGGAGTT-1,1.0
GCGAGAGGCCATGTAA-1,1.0
GCGAGAGTTGCGTCCA-1,1.0
GCGAGCGCATGCTCCC-1,1.0
GCGAGGCCCGAGCAGA-1,1.0
GCGAGTTCTGCAAAGA-1,1.0
GCGATGTCTGTGCTTG-1,1.0
GCGATTCTGGAAGCAG-1,1.0
GCGATTGTTAACGTTA-1,1.0
GCGCAAATATATTCAA-1,1.0
GCGCAAGAGCGCGCTG-1,1.0
GCGCATCCAGTCAGCA-1,1.0
GCGCCGTTCCACGATA-1,1.0
GCGCCTCCCACTCCGA-1,1.0
GCGCGGTCTAGTAACT-1,1.0
GCGCGTCATTGGTACA-1,1.0
GCGCTAATTGAATAGA-1,1.0
GCGCTATGCCGAGGCA-1,1.0
GCGCTCGATCACCTGT-1,1.0
GCGCTGATCCAGACTC-1,1.0
GCGCTGCTTTGCATTT-1,1.0
GCGCTTAAATAATTGG-1,1.0
GCGGACCGCGTTGTGG-1,1.0
GCGGAGAAACTTCGCA-1,1.0
GCGGAGAGGGAGAACG-1,1.0
GCGGCAAAGTATTGCC-1,1.0
GCGGCTCTGACGTACC-1,1.0
GCGGGAACCAGGCCCT-1,1.0
GCGGGCATTACGATGC-1,0.0
GCGGGCGAGCCTTACC-1,1.0
GCGGTCCCGGTGAAGG-1,1.0
GCGGTCCCTAGACGCA-1,1.0
GCGGTGAACTGCGCTC-1,1.0
GCGGTGCGGAGCATCG-1,1.0
GCGGTTCCCTATCATG-1,1.0
GCGTAAATGGCCATAA-1,1.0
GCGTCCCTAAGACATA-1,1.0
GCGTCGAAATGTCGGT-1,1.0
GCGTCGCCAGGGTGAT-1,1.0
GCGTCTAACCTCCTAA-1,1.0
GCGTCTCTGCATTGGG-1,1.0
GCGTGGTACTGGGTTA-1,1.0
GCGTTATATTTGGAAC-1,1.0
GCGTTCGGAGACCGGG-1,1.0
GCGTTCTGACTAAGCG-1,1.0
GCTAAACCTGAGGTGA-1,1.0
GCTAACTGAAGTCTGA-1,1.0
GCTAAGTAAAGGCGAT-1,1.0
GCTAAGTAGTTTCTCT-1,1.0
GCTAATACCGAATGCC-1,1.0
GCTACAATCGAGGATA-1,1.0
GCTACAGTACGGACCG-1,1.0
GCTACGACTTATTGGG-1,1.0
GCTACTATAGTAGAGT-1,1.0
GCTAGACCGTCTACTG-1,1.0
GCTAGAGTAGAGATGT-1,1.0
GCTAGCACCTGGGCCA-1,1.0
GCTAGCAGGGAGTGGG-1,1.0
GCTAGCGATAGGTCTT-1,1.0
GCTAGCTTGAATAGCT-1,1.0
GCTAGGCACCACGGAG-1,1.0
GCTAGTAGAGCTTGTA-1,1.0
GCTAGTTTCATTGAGG-1,1.0
GCTATACGTCTCGGAC-1,1.0
GCTATCATACTCATGG-1,1.0
GCTATCGCGGCGCAAC-1,1.0
GCTATGCCAGCTTATG-1,1.0
GCTCAACCTCTTAGAG-1,1.0
GCTCAATCCGTTTATT-1,1.0
GCTCAATGTAATACCG-1,1.0
GCTCATTACTGCATGT-1,1.0
GCTCCATGAGTGCAGA-1,1.0
GCTCCATGCAAAGCAA-1,1.0
GCTCCCAGTCGGTCCA-1,1.0
GCTCCGCTCGCTTCAG-1,1.0
GCTCCTGACATACTGG-1,1.0
GCTCGCGGTTCCGCTC-1,1.0
GCTCGCTCATGTCCAA-1,1.0
GCTCGGAATTTAAAGC-1,1.0
GCTCTAAACCCTGACG-1,1.0
GCTCTATGTTACGTGC-1,1.0
GCTCTCGGGTACCGAA-1,1.0
GCTCTTTCCGCTAGTG-1,1.0
GCTGAACTCTCCAGGG-1,1.0
GCTGAATCTTCCAATC-1,1.0
GCTGAGCAACGGTTCT-1,1.0
GCTGAGGCGTGAGTAT-1,1.0
GCTGCACGGTTTCTTA-1,1.0
GCTGCGCCTCCCACGT-1,1.0
GCTGCTAAGTAGTCGA-1,1.0
GCTGCTACTGCGTAGC-1,1.0
GCTGCTCTCCGGACAC-1,1.0
GCTGGACCCAAAGTGG-1,1.0
GCTGGCAGGTGCCGTG-1,1.0
GCTGGCATATTCACCT-1,1.0
GCTGGCGGCGCATGCT-1,1.0
GCTGGTGACTCGTAGT-1,1.0
GCTGGTTTAGGCCATA-1,1.0
GCTGTATTACTGGCCC-1,1.0
GCTGTTGCTACCGAAC-1,1.0
GCTTAATGTAACTAAC-1,1.0
GCTTACGTAGTTAGTA-1,1.0
GCTTAGGGAAGCGGTA-1,1.0
GCTTATGAAGCAGGAA-1,1.0
GCTTCAGTGGGATTAC-1,1.0
GCTTCCAGCTTAGATT-1,1.0
GCTTCCGTCCCTAGAC-1,1.0
GCTTGATGATAATCAG-1,1.0
GCTTGCAGCACAATTG-1,1.0
GCTTGGATCGATTAGG-1,1.0
GCTTTCAGAGGAGGTG-1,1.0
GGAAACCTTGTTGAAT-1,1.0
GGAAACTAAATGGGCC-1,1.0
GGAAAGTGCCCATGCC-1,1.0
GGAACCCGAACAAGAA-1,1.0
GGAACCGTGTAAATTG-1,1.0
GGAACCTTGACTCTGC-1,1.0
GGAACGGCCTGCAGCC-1,1.0
GGAACTTTGGCGATTA-1,1.0
GGAAGATAAGACTGTA-1,1.0
GGAAGCTCGCTTACAG-1,1.0
GGAATGCGCTAGCGTG-1,1.0
GGACAAGCCATGATCG-1,1.0
GGACAAGTTGCAGTGA-1,1.0
GGACACAAGTTTACAC-1,1.0
GGACCAACAGGATAAC-1,1.0
GGACCTACGGTAACGT-1,1.0
GGACCTCTAGGCCGCC-1,1.0
GGACGTCCATAGTTGG-1,1.0
GGACTAAGTCAGGAGT-1,1.0
GGACTCACAAATTAGG-1,1.0
GGACTCGAAGCTTTCA-1,1.0
GGACTCGACAGCGCAT-1,1.0
GGACTCGTGAGTGGTC-1,1.0
GGACTCTTCCGGTTGA-1,1.0
GGAGAAGTCATTGGCA-1,1.0
GGAGACCAATGTGCTT-1,1.0
GGAGACCATCTACATA-1,1.0
GGAGACGACACCTTTG-1,1.0
GGAGCAACATTTCAAG-1,1.0
GGAGCACCAAGAACTA-1,1.0
GGAGGCCGAAGTCGTC-1,1.0
GGAGGGCTTGGTTGGC-1,1.0
GGAGGGTCAAGTAAGA-1,1.0
GGAGTACACATGAGCT-1,1.0
GGAGTGCCGCCCTGGA-1,1.0
GGATACTCATGAATTG-1,1.0
GGATCAGAGCCATCAG-1,1.0
GGATCATCCCGTACGC-1,1.0
GGATCCCTACCAGCTA-1,1.0
GGATCCGGAATATACT-1,1.0
GGATCTTACTGCCCTT-1,1.0
GGATCTTGACTCAACC-1,1.0
GGATGAAGATCGCTGA-1,1.0
GGATGACGCGAGTTTA-1,1.0
GGATGCTGGCGTTCCT-1,1.0
GGATGTCCTTACCGCA-1,1.0
GGATTAAGCTAAGGTC-1,1.0
GGATTCAGTACGGTGG-1,1.0
GGATTCCGCTATACCC-1,1.0
GGATTGCTGTGACTCC-1,1.0
GGATTTCACTTCTATA-1,1.0
GGCAAAGGCGCCAATA-1,1.0
GGCAAATTACTTTACT-1,1.0
GGCAAGCCAGGGATAG-1,1.0
GGCAAGCCCATAGTGG-1,1.0
GGCAAGGCGAAATAGC-1,1.0
GGCAATAGTCAATGAG-1,1.0
GGCACTCAGCCGACCC-1,1.0
GGCACTCCACTGGGCA-1,1.0
GGCAGAGAGATCGGGA-1,1.0
GGCAGCAAACCTATGC-1,1.0
GGCAGCGGTAATCCTA-1,1.0
GGCATACAGGTAGCGG-1,1.0
GGCATATCGGTTCTGC-1,1.0
GGCCACACGAAAGCCT-1,1.0
GGCCCAATCTAGAGGG-1,1.0
GGCCCAGTTATCAGCA-1,1.0
GGCCCGGAGCATGTCT-1,1.0
GGCCCGTATACCATGC-1,1.0
GGCCCTCACCCACTTA-1,1.0
GGCCGAGACTCTGGTG-1,1.0
GGCCGTTTGGGTTTCA-1,1.0
GGCCTGCTTCTCCCGA-1,1.0
GGCCTTTGCAACTGGC-1,1.0
GGCGAAATCTAACTTG-1,1.0
GGCGAACCGTTCTGAT-1,1.0
GGCGAGCGAAACGGCA-1,1.0
GGCGCAGGACATCTTC-1,1.0
GGCGCATGAATTGATG-1,1.0
GGCGCGGAGATCTTTC-1,1.0
GGCGCGTTCGAGTTTA-1,1.0
GGCGCTCCTCATCAAT-1,1.0
GGCGGAGTAATATTAG-1,1.0
GGCGGGCTCTAAGAGT-1,1.0
GGCGGTAGGATCATTG-1,1.0
GGCGGTTTGCCGGTGC-1,1.0
GGCGTCCTATCCGCTG-1,1.0
GGCTAAAGGGCGGGTC-1,1.0
GGCTAATGATTGAAAT-1,1.0
GGCTACTATACACTCC-1,1.0
GGCTATTAAGTTGTAT-1,1.0
GGCTCCTCCACCTGTT-1,1.0
GGCTCGCGTTGAGGTA-1,1.0
GGCTCGTGCCACCAGC-1,1.0
GGCTCTGCTCCAACGC-1,1.0
GGCTGAAATAGCAAAG-1,1.0
GGCTGGCTAGCTTAAA-1,1.0
GGCTTGGCTCTCACCT-1,1.0
GGCTTTCAATAAGGGT-1,1.0
GGGAACGGGAGGTTAG-1,1.0
GGGAACGGTTTCAGAT-1,1.0
GGGAAGACGGTCTGTC-1,1.0
GGGAATGAGCCCTCAC-1,1.0
GGGAATTCTGTCCAGT-1,1.0
GGGACAGAGTTACTCC-1,1.0
GGGACCCGTATATCTT-1,1.0
GGGACTGCATAGATAG-1,1.0
GGGAGAACTCACAGTA-1,1.0
GGGAGGATGCCCGAAA-1,1.0
GGGAGTAATGGCTGGC-1,1.0
GGGAGTTAATGAGGCG-1,1.0
GGGATACGGTAATAAT-1,1.0
GGGATCCCAATACAAA-1,1.0
GGGATGGACCCGCGTC-1,1.0
GGGATGGTCGTAACCG-1,1.0
GGGATTTACCGCACCT-1,1.0
GGGCAACCGCACGTGC-1,1.0
GGGCACGAATTGGCCG-1,1.0
GGGCACTATTGACCAT-1,1.0
GGGCAGACGTCACTGC-1,1.0
GGGCAGAGCAATCGTT-1,1.0
GGGCAGGATTTCTGTG-1,1.0
GGGCCCGTCTTAAACA-1,1.0
GGGCCCTACGAAAGGG-1,1.0
GGGCCCTTATCTATAC-1,1.0
GGGCCGGCCGAAGTAC-1,1.0
GGGCCTAAATGGGCTA-1,1.0
GGGCCTATTTAAGTAT-1,1.0
GGGCGAATTTCTCCAC-1,1.0
GGGCGATATGTGTGAA-1,1.0
GGGCGCAGCGTTACTC-1,1.0
GGGCGGCAAATGAATT-1,1.0
GGGCGGGTTCCCTACG-1,1.0
GGGCGGTCCTATTGTC-1,1.0
GGGCGTACATTTATAT-1,1.0
GGGCGTCACCACGTAA-1,1.0
GGGCGTCCACTGGCTC-1,1.0
GGGCGTGGTTTCCCAG-1,0.0
GGGCGTTTACATTCAT-1,1.0
GGGCTACTATTTCGTG-1,1.0
GGGCTATGATCGATGG-1,1.0
GGGCTCATCGAACCCA-1,1.0
GGGCTGCCTAGGGCGA-1,1.0
GGGCTGGTTAGTCGCG-1,1.0
GGGTAATGCTGTGTTT-1,1.0
GGGTACCCACGGTCCT-1,1.0
GGGTACTTCATGAACT-1,1.0
GGGTATGTATGCACTT-1,1.0
GGGTATTCTAGCAAAC-1,1.0
GGGTCACCGTGACGGT-1,1.0
GGGTCAGGAGCTAGAT-1,1.0
GGGTCATGCGTACCAT-1,1.0
GGGTCGTGGCAAGTGT-1,1.0
GGGTCTATCGCTTTCC-1,1.0
GGGTGACACCTTAACT-1,1.0
GGGTGCATATGAAAGC-1,1.0
GGGTGGTCCAGCCTGT-1,1.0
GGGTGTTTCAGCTATG-1,1.0
GGGTTAACATTTGAGT-1,1.0
GGGTTCAGACGAACAA-1,1.0
GGGTTTAGGATAGGAT-1,1.0
GGTAAATGTGCGTTAC-1,1.0
GGTAACCGGGAGGATA-1,1.0
GGTAACTATGTATCTG-1,1.0
GGTACAAACATGCTAT-1,1.0
GGTACACCAGATTTAT-1,1.0
GGTACATCTGGGACGA-1,1.0
GGTACCATTAAGACGG-1,1.0
GGTACTAAGTGCTTTG-1,1.0
GGTAGAAGACCGCCTG-1,1.0
GGTAGACCGTTGGGCG-1,1.0
GGTAGTGCTCGCACCA-1,1.0
GGTATAGTGACACATA-1,1.0
GGTATGAAAGAACTGA-1,1.0
GGTATTGCCGAGTTTA-1,1.0
GGTCAAGACTACTTCG-1,1.0
GGTCAGTGGGTCCCAC-1,1.0
GGTCATTGTAGTCATA-1,1.0
GGTCCTTCATACGACT-1,1.0
GGTCGGATAAACGGCG-1,1.0
GGTCGGCCAGGAGCTT-1,1.0
GGTCGGTAATTAGACA-1,1.0
GGTCGGTCGTCCACAG-1,1.0
GGTCGTAAGCTCGCAC-1,1.0
GGTCTCCAAGTAGTGC-1,1.0
GGTCTCTGAATGGACT-1,1.0
GGTCTGAGAATCTGGA-1,1.0
GGTCTTGAGCGCTCTT-1,1.0
GGTCTTGGTGTTAACT-1,1.0
GGTGAACGGGCTAGCC-1,1.0
GGTGAAGTACAGGGAT-1,1.0
GGTGACTGATAGAGAG-1,1.0
GGTGAGATGCAGATAA-1,1.0
GGTGATAAGGAGCAGT-1,1.0
GGTGATGAAGGAAGTG-1,1.0
GGTGATTTCATCTTGT-1,1.0
GGTGCAGAGCCTATCG-1,1.0
GGTGCATAAATGATTA-1,1.0
GGTGCGGATAAGTGGC-1,1.0
GGTGCTGATCACAAAG-1,1.0
GGTGCTGGTACACATT-1,1.0
GGTGGACTGCTCTGGC-1,1.0
GGTGGAGGTTGATACG-1,1.0
GGTGTTGGGCGTCTTA-1,1.0
GGTTACCACCCTCGGG-1,1.0
GGTTACCCGACACTTT-1,1.0
GGTTAGCTATATGTCT-1,1.0
GGTTAGGCTTGGAGAA-1,1.0
GGTTAGTTACGGCGCC-1,1.0
GGTTCCCTAGTGTCTC-1,1.0
GGTTCGGATTATACTA-1,1.0
GGTTCTACTCGTCTGA-1,1.0
GGTTGTGCTCTTGTCC-1,1.0
GGTTGTGTAGCCTGGC-1,1.0
GGTTTAATTACCATCG-1,1.0
GGTTTAATTGAGCAGG-1,1.0
GGTTTACAATCTCAAT-1,1.0
GGTTTAGCCTTTCTTG-1,1.0
GGTTTCAATCGGTCAG-1,1.0
GGTTTGACAAGAAGCT-1,1.0
GGTTTGAGTGCTGGAA-1,1.0
GGTTTGCGAACACGTA-1,1.0
GGTTTGTGACCTGAGG-1,1.0
GTAACAACTGACCTTG-1,1.0
GTAACATCTAAGATAA-1,1.0
GTAACTGCCCAAGGAG-1,1.0
GTAACTTGCGGCAGTC-1,1.0
GTAAGCGGGCAGTCAG-1,1.0
GTAAGGATTTGTCGGA-1,1.0
GTAAGTAACAGTCTGG-1,1.0
GTAAGTAGGGTATACC-1,1.0
GTAAGTCCACACTCTA-1,1.0
GTAATAAAGGGCTCCC-1,1.0
GTAATCTGATTCTTCG-1,1.0
GTACACTTACCTGAAG-1,1.0
GTACAGAGGCAAGGGT-1,1.0
GTACGACGGCGCTGCG-1,1.0
GTACGAGATTGCGACA-1,1.0
GTACGCTTCATTGCAC-1,1.0
GTACGTCACGTATTAA-1,1.0
GTACGTTTGCCCGTCA-1,1.0
GTACTAAGATTTGGAG-1,1.0
GTACTCCCTTATCGCT-1,1.0
GTACTCCTGGGTATGC-1,1.0
GTACTGAGGTCGTAAC-1,1.0
GTACTGCATGAAGCGT-1,1.0
GTACTGGAGTTAGACC-1,1.0
GTACTTGGGCACTTCT-1,1.0
GTAGAAACGGGTGGAG-1,1.0
GTAGACACGCCTGACT-1,1.0
GTAGACGTCGTTACAT-1,1.0
GTAGAGGGAGACAAGT-1,1.0
GTAGCCAAACATGGGA-1,1.0
GTAGCGGCTATACACT-1,1.0
GTAGCTCCGGGAGGCT-1,1.0
GTAGCTTCCTCTTGTT-1,1.0
GTAGGTGATCCGTGTA-1,1.0
GTAGTCGCGGGAATCA-1,1.0
GTAGTCTACGATATTG-1,1.0
GTAGTTCGAAGGCGAA-1,1.0
GTATAATCTCCCGGAT-1,1.0
GTATAGGACTCAGTAG-1,1.0
GTATATGTTACGGCGG-1,1.0
GTATCAAACGTTAGCT-1,1.0
GTATCAGCTTGGGTTC-1,1.0
GTATCGGGACGAGCTG-1,1.0
GTATCTCAGTCTTGAC-1,1.0
GTATCTTTCATAACCA-1,1.0
GTATGAAATTTCACTC-1,1.0
GTATGACGTGGGAAAC-1,1.0
GTATGTGGGTCTAGTT-1,1.0
GTATTAAGGCGTCTAA-1,1.0
GTATTCTGAGAAACGA-1,1.0
GTATTTAATGGCATAA-1,1.0
GTCAAAGAAGTGGTGT-1,1.0
GTCAAAGTTTACATAG-1,1.0
GTCAAGCGGACTCGGG-1,1.0
GTCAATGCTATAATTT-1,1.0
GTCACAAAGTTTCCAA-1,1.0
GTCACTCATGAGCGAT-1,1.0
GTCACTCTCCAAATCT-1,1.0
GTCAGAATAGTCTATG-1,1.0
GTCAGACAGCGTTGGA-1,1.0
GTCAGTTGTGCTCGTT-1,1.0
GTCAGTTTGGTAGTCG-1,1.0
GTCATCTCCTACAGCT-1,1.0
GTCATGCACCTCCGTT-1,1.0
GTCATGGACATGACTA-1,1.0
GTCATTAGAGCGAACG-1,1.0
GTCATTGCATTGACCC-1,1.0
GTCCAATATTTAGCCT-1,1.0
GTCCACGTCGCATTCG-1,1.0
GTCCATTACTGCTACG-1,1.0
GTCCCAACGTAAAGTA-1,1.0
GTCCCAATCATCCCGC-1,1.0
GTCCCGCGACGTTATG-1,1.0
GTCCGAGAGCAATCAT-1,1.0
GTCCGGACCTGAAATT-1,1.0
GTCCGGCTGAATTGCG-1,1.0
GTCCTACAGGCGGCTC-1,1.0
GTCCTACGAATAGTCT-1,1.0
GTCCTACTCTACGGGC-1,1.0
GTCCTAGGATACCTTA-1,1.0
GTCCTATTGTTGTGGT-1,1.0
GTCCTTCTACAACCCA-1,1.0
GTCCTTCTAGTGGGTT-1,1.0
GTCGAATTTGGGCGCT-1,1.0
GTCGATAGGTGACTTT-1,1.0
GTCGCCGTTGTGTGTT-1,1.0
GTCGCGTAACCCGTTG-1,1.0
GTCGGAAGGATACCAG-1,1.0
GTCGGATATCTCAGAC-1,1.0
GTCGGATGTAGCGCGC-1,1.0
GTCGGGAACATGGTAG-1,1.0
GTCGGGAAGCAGAAAC-1,1.0
GTCGTACCATCTCGGG-1,1.0
GTCGTACCTACGATTG-1,1.0
GTCGTATTGGCGTACA-1,0.0
GTCGTCAATTATAAGG-1,1.0
GTCGTCTGGTTGGCTA-1,0.0
GTCGTGTCTGGTCATC-1,1.0
GTCGTTATTCGCTTAT-1,1.0
GTCTACTCAATTACAA-1,1.0
GTCTATCTGAGTTTCT-1,1.0
GTCTATTGGTTCCGGT-1,1.0
GTCTCAAGGCCCGGCT-1,1.0
GTCTCCTGCCAGTATG-1,1.0
GTCTCGACTAAGTTTG-1,1.0
GTCTCGATCTGCTTTC-1,1.0
GTCTGGGCGGTCGAGA-1,1.0
GTCTTAGTACAGCCGG-1,1.0
GTCTTCCTCACCTAAG-1,1.0
GTCTTGAGGAGCAGTG-1,1.0
GTCTTGTAGCTATTCA-1,1.0
GTGAAACGGCGCCACC-1,1.0
GTGAAACGTGCTCCAC-1,1.0
GTGAACTCCCATTCGA-1,1.0
GTGAAGATTTCAAGTG-1,1.0
GTGAAGCCGTATAGTC-1,1.0
GTGAAGTCACGACTCG-1,1.0
GTGACAGCTTCCCACT-1,1.0
GTGACCGCACACTACG-1,1.0
GTGACCTAAAGAATAA-1,1.0
GTGACGAGGGTGACCC-1,1.0
GTGACTTCAGTAGTGC-1,1.0
GTGAGATAACCTTATA-1,1.0
GTGAGCGTGCTGCACT-1,1.0
GTGAGGACACTTAAGG-1,1.0
GTGAGGAGCGGTTGAG-1,1.0
GTGAGTCTAAGACGGA-1,1.0
GTGAGTGGTACAACGC-1,1.0
GTGATCAAGCGTGCAC-1,1.0
GTGATCACTAACGCCT-1,0.0
GTGATCATAGATCTGC-1,1.0
GTGATCCTTGTCATGA-1,1.0
GTGATGCACAACATCT-1,1.0
GTGATTCGCCGCTCAA-1,1.0
GTGCAACAAATGTGGC-1,1.0
GTGCACCAGCTTCAAC-1,1.0
GTGCACGAAAGTGACT-1,1.0
GTGCAGCGTAGAGTAG-1,1.0
GTGCCATCACACGGTG-1,1.0
GTGCCCGTTCGGATTC-1,1.0
GTGCCGCTTCAAAGGT-1,1.0
GTGCCTAGCTATGCTT-1,1.0
GTGCCTCAGTGTACGG-1,1.0
GTGCGAAATCGAACAC-1,1.0
GTGCGACAGGGAGTGT-1,1.0
GTGCGGGTCTCCAAAT-1,1.0
GTGCGTGTATATGAGC-1,1.0
GTGCTCAAGTACTGTC-1,1.0
GTGCTGCAGATAAGGA-1,1.0
GTGCTTACATCAGCGC-1,1.0
GTGGAACCTACATGCG-1,1.0
GTGGACCAACCCGATT-1,1.0
GTGGACGCATTTGTCC-1,1.0
GTGGACGTGCTGAGAC-1,1.0
GTGGAGCATGTCGGCC-1,1.0
GTGGAGCGTTTACCGA-1,1.0
GTGGAGTCGGCGGTTG-1,1.0
GTGGCAAACAGCGGCA-1,1.0
GTGGCCGGTTTCTCGG-1,1.0
GTGGCCTAATATCATT-1,1.0
GTGGCGGTCCCAGCGT-1,1.0
GTGGGAAGACTGAATC-1,1.0
GTGGGCTTAGACACAC-1,1.0
GTGGGTACTGAGCGTA-1,1.0
GTGGTATAGTCTGCCG-1,1.0
GTGGTGATGGTTTGTG-1,1.0
GTGGTGGCCAAGTGAA-1,1.0
GTGGTTACTTCTTTCG-1,1.0
GTGGTTTCCGCCTTTC-1,1.0
GTGTACCTTGGCTACG-1,1.0
GTGTACGAACCGTTCC-1,1.0
GTGTATATCAGCGGGC-1,1.0
GTGTCAGTGTACGTGG-1,1.0
GTGTCGTATAGCGTTC-1,1.0
GTGTCGTATTCACCTT-1,1.0
GTGTGAATAACTTAGG-1,1.0
GTGTGTCGACGTCGCT-1,1.0
GTGTTACTATGCGTCC-1,1.0
GTTAAAGTAGGACTGG-1,1.0
GTTAACATCACTTAAA-1,1.0
GTTAACTATGTTGTCA-1,1.0
GTTAAGGGTGCGATGT-1,1.0
GTTAAGTTAGAGTGGG-1,1.0
GTTAATGTCTATCTTA-1,1.0
GTTACAATTGGTGACG-1,1.0
GTTACCTACAACTTGC-1,1.0
GTTACTTTGGGCCTAG-1,1.0
GTTAGCCGTAAATCAA-1,1.0
GTTAGGCTACCCGTTT-1,1.0
GTTATAATACGGTGAA-1,1.0
GTTATATCAGGAGCCA-1,1.0
GTTATATTATCTCCCT-1,1.0
GTTATTAACGTGGGAG-1,1.0
GTTCAAATCAGATGTC-1,1.0
GTTCACAGGAGTCTAG-1,1.0
GTTCATCGTTTGGCTG-1,1.0
GTTCCAGTCTGACCAT-1,1.0
GTTCCCGTAAACATAT-1,1.0
GTTCGACAATTGTATA-1,1.0
GTTCGCCATAAGTGCC-1,1.0
GTTCGCTGAGACGTCT-1,1.0
GTTCGGAGCACTCAAC-1,1.0
GTTCGGATCGGGAACA-1,1.0
GTTCGGGCGTACCATT-1,1.0
GTTCGTCTAAAGAACT-1,1.0
GTTCGTCTGGGTCCCT-1,1.0
GTTCTTCCCTCGATGT-1,1.0
GTTGAACCGGTTCCAT-1,1.0
GTTGAGTCCCGCCGGT-1,1.0
GTTGCACGGAGTTTCG-1,1.0
GTTGCAGTCGACAACA-1,1.0
GTTGCGCTAACATTAC-1,1.0
GTTGCGGACGGTCAGG-1,1.0
GTTGGACCGCATCAGG-1,1.0
GTTGGATTCAGTGGCT-1,1.0
GTTGGATTGAGAACAC-1,1.0
GTTGGATTTGCGTTGG-1,1.0
GTTGGTCATGCTATCC-1,1.0
GTTGTCGTGTTAGTTG-1,1.0
GTTGTTACATTGCGCT-1,1.0
GTTGTTGCAAGATGGC-1,1.0
GTTTACGTTCCATCTG-1,1.0
GTTTATGGGATTTAGA-1,1.0
GTTTCAAACGAGTTGT-1,1.0
GTTTCATATCGTCGCT-1,1.0
GTTTCCTGGAGGGTGA-1,1.0
GTTTCTGCAGTCTCCC-1,1.0
GTTTGACCAAATCCTA-1,1.0
GTTTGGCCCAAGTTAT-1,1.0
GTTTGGCCGCTCAGCG-1,1.0
GTTTGGGCTTGTGAGC-1,1.0
GTTTGGTAGGGTCAAC-1,1.0
GTTTGGTGATCGGTGC-1,1.0
GTTTGTTAGCCAAGTA-1,1.0
TAAACCCAGGAGGGCA-1,1.0
TAAACGTCGTCAATGA-1,1.0
TAAAGACAACCCTTTA-1,1.0
TAAAGAGCCCGAAACC-1,1.0
TAAAGCGGTATTTCCA-1,1.0
TAAAGCGTTAGGAGAA-1,1.0
TAAAGCTGCAATAGGG-1,1.0
TAAATCTTTACACCTC-1,1.0
TAAATGAATCCGTTTC-1,1.0
TAAATGCCGTCTCATG-1,1.0
TAAATGGGCTACTGAG-1,1.0
TAACAAAGGGAGAAGC-1,1.0
TAACAATATTTGTTGC-1,1.0
TAACAGCGTTTGTGCT-1,1.0
TAACATACAATGTGGG-1,1.0
TAACATACACGCGATC-1,1.0
TAACCGCCCGCAGTGC-1,1.0
TAACCTACCGTCCGAG-1,1.0
TAACCTAGGGAGTCCA-1,1.0
TAACGCTTTGAGAGCG-1,1.0
TAACTATCGAAGGTCC-1,1.0
TAACTATTACGCCAAA-1,1.0
TAACTCATCCGCGCGG-1,1.0
TAACTCCATGGAGGCT-1,1.0
TAAGAGGGACAGGGAC-1,1.0
TAAGCAGGCGACACGC-1,1.0
TAAGCCCTTACGACCA-1,1.0
TAAGCGCGAATCAAAT-1,1.0
TAAGGAACTTGTGGGA-1,1.0
TAAGGCAACATAAGAT-1,1.0
TAAGGCATAACATCAA-1,1.0
TAAGGCCCGTCACCCT-1,1.0
TAAGGCTGAATCCCTC-1,1.0
TAAGGGCCTGTCCGAT-1,1.0
TAAGGGCTGGGAGAGG-1,1.0
TAAGTAACATCTTGAC-1,1.0
TAAGTCGCCGAGTATC-1,1.0
TAAGTTGCGACGTAGG-1,1.0
TAATAAACAAGGAGAT-1,1.0
TAATACACAGTAGTAT-1,1.0
TAATAGAACAGAGTTA-1,1.0
TAATAGCTAAATGATG-1,1.0
TAATAGGTCACCAGAA-1,1.0
TAATAGTGACGACCAG-1,1.0
TAATATTGAAATTCGC-1,1.0
TAATCAACCAAATGGG-1,1.0
TAATCGATCCGTACGT-1,1.0
TAATGAAAGACCCTTG-1,1.0
TAATTACGTCAGTAGA-1,1.0
TAATTAGATGGATATG-1,1.0
TAATTAGGACATCCGT-1,1.0
TAATTCCAATGCTTCA-1,1.0
TAATTGGAATCGGGAA-1,1.0
TAATTTCCGTCCAGTA-1,1.0
TACAACGCACAACTCA-1,1.0
TACAAGTCTCGTGCAT-1,1.0
TACACCGTCGTTAGTC-1,1.0
TACAGAAACGGTGGGC-1,1.0
TACATAGGCATACACC-1,1.0
TACATCCCTATCCCTG-1,1.0
TACATCTTGTTTCTTG-1,1.0
TACATGACCTTATCCG-1,1.0
TACATGCCGGAATTGT-1,1.0
TACATTTCTAACGTGC-1,1.0
TACCAAATAGCCCAGA-1,1.0
TACCAATAAAGTACCA-1,1.0
TACCAGAAGTAGGTTC-1,1.0
TACCAGCTAGGTTTAA-1,1.0
TACCAGGAATCCCGTC-1,1.0
TACCATGTATTGATTT-1,1.0
TACCCTCGGTAACCCT-1,1.0
TACCGCGGACTTGCAG-1,1.0
TACCGGCTCACTGCCC-1,1.0
TACCGGTCGTTTCCAT-1,1.0
TACCGTAGGTTAACTA-1,1.0
TACCGTGCCTCGGACC-1,1.0
TACCTACTCCCAGTAT-1,1.0
TACCTATCCCTAGAGG-1,1.0
TACCTCACGCTTGTAC-1,1.0
TACCTCAGTTGTCTGT-1,1.0
TACCTCCACACCAATG-1,1.0
TACCTCTTTACCATCC-1,1.0
TACCTGCTGCACTGTG-1,1.0
TACCTTAAGATTTCCC-1,1.0
TACGAACACGACTTCA-1,1.0
TACGACGCTTGCTGCG-1,1.0
TACGACTGCCTCTTAG-1,1.0
TACGAGAACTTCACGT-1,1.0
TACGATGTTGATCATC-1,1.0
TACGCAGTTCTTTCCT-1,1.0
TACGCCATATTCTAAT-1,1.0
TACGCCGAGGGTACCC-1,1.0
TACGCCGCCTCAGAAG-1,1.0
TACGCCTCCATTCCGA-1,1.0
TACGCTATAGAAACCT-1,1.0
TACGCTCGGTATTGGA-1,1.0
TACGCTGCTGTGTTAA-1,1.0
TACGGCATGGACGCTA-1,1.0
TACGGGATGCTAGCAG-1,1.0
TACGTAAAGCGGAGTG-1,1.0
TACGTACTAGTGCTGA-1,1.0
TACGTGCAAGGTTCCT-1,1.0
TACGTGCACTATGCTG-1,1.0
TACGTTTACCGGCAAT-1,1.0
TACTATGGTTCCTCAG-1,1.0
TACTCACAACGTAGTA-1,1.0
TACTCCTCTAGTTGAC-1,1.0
TACTCGGCACGCCGGG-1,1.0
TACTCTCCGAACAAAT-1,1.0
TACTCTTACTTTACTG-1,1.0
TACTCTTTCGTCTTCA-1,1.0
TACTGAACAGATTTAG-1,1.0
TACTGAGGGAAGAAAG-1,1.0
TACTGCAATCAATTAC-1,1.0
TACTGGACAGCTCGGC-1,1.0
TACTGTTTCTCTGGTA-1,1.0
TACTTGTTAGTAGTCC-1,1.0
TACTTTACTGAGCCGG-1,1.0
TACTTTCCGCACGCCA-1,1.0
TAGAAACACAATAGTG-1,1.0
TAGAAAGGTGGCGCTA-1,1.0
TAGAAATTCACGTATA-1,1.0
TAGAAGAAGGGTTACA-1,1.0
TAGAATAGCCGATGAA-1,1.0
TAGAATTAAGGGCAAC-1,1.0
TAGACGAAACGCCAAT-1,1.0
TAGACGCCCGTACCGG-1,1.0
TAGACTACCTAGCGTT-1,1.0
TAGAGATCATGCAACT-1,1.0
TAGAGCTACGAAGAAC-1,1.0
TAGAGGTTCTACTTGT-1,1.0
TAGAGTCTAAGCGAAC-1,1.0
TAGATATGGACTGGAA-1,1.0
TAGATCCGAAGTCGCA-1,1.0
TAGATGGTTCCTTACT-1,1.0
TAGATTCAAAGTGCGG-1,1.0
TAGATTCCTGGTTATT-1,1.0
TAGCAACCTGTCACAA-1,1.0
TAGCCAGAGGGTCCGG-1,1.0
TAGCCATTTCAAAGTC-1,1.0
TAGCCGGCGGTCAGCG-1,1.0
TAGCGTCCCTCGATTG-1,1.0
TAGCGTCCGGTGTGGT-1,1.0
TAGCGTCGAATATTGA-1,1.0
TAGCGTTGGGTCTTAC-1,1.0
TAGCTAAGTCCGGGAG-1,1.0
TAGCTAGAAGGCATGA-1,1.0
TAGCTAGTGATGATGG-1,1.0
TAGCTCAGATCCTAGT-1,1.0
TAGCTCGCCTGATAAC-1,1.0
TAGCTGATGTGAAGCG-1,1.0
TAGGCATGTTACGCCA-1,1.0
TAGGCGATGAGGTCTC-1,1.0
TAGGCGGCTGCAAAGA-1,1.0
TAGGGAGCTTGGGATG-1,1.0
TAGGGTGTTTCAAGAG-1,1.0
TAGGTCCAAGTAAGGA-1,1.0
TAGGTCGCCGGAACTG-1,1.0
TAGGTGACGATAACCT-1,1.0
TAGGTGAGCCCTACTC-1,1.0
TAGGTGCTCGCCTAGC-1,1.0
TAGGTGTTCCACAGAT-1,1.0
TAGGTTCGAGTTCGTC-1,1.0
TAGTACCACAACTTTC-1,1.0
TAGTACCTTAGTGGTC-1,1.0
TAGTAGCTTATACCAG-1,1.0
TAGTCCCGGAGACCAC-1,1.0
TAGTCCGCAGAGAATG-1,1.0
TAGTCCGTATGCATAA-1,1.0
TAGTCCTGCACTAAGC-1,1.0
TAGTCGATCACGGGTT-1,1.0
TAGTCGGGATTCTTCG-1,1.0
TAGTCTAACAACGAGA-1,1.0
TAGTCTGTGACGTTGC-1,1.0
TAGTCTTTCCGAATTG-1,1.0
TAGTGCCCTCCAGAGT-1,1.0
TAGTGCTTGAATCCTT-1,1.0
TAGTGTCAGAAACGGC-1,1.0
TAGTTAAGATAGGATA-1,1.0
TAGTTTATTCTTGCTT-1,1.0
TATAAATCCACAAGCT-1,1.0
TATAAGTGAGGATAGC-1,1.0
TATACACAGACGCCTT-1,1.0
TATACACGCAAAGTAT-1,1.0
TATACCGAGTGCCACA-1,1.0
TATACGCGTCATCACT-1,1.0
TATACTCATGCGGCAA-1,1.0
TATAGAGTCGCTTGAA-1,1.0
TATAGATGGTCGCAGT-1,1.0
TATAGCGCACGTTATC-1,1.0
TATAGGGTACTCATGA-1,1.0
TATATAGGGCTTTACG-1,1.0
TATATATCGAGAAATG-1,1.0
TATATCATTGATCAGT-1,1.0
TATATCCCTGGGAGGA-1,1.0
TATATGCTGGGTTGCC-1,1.0
TATATTACAAATGTCG-1,1.0
TATATTCGCGTCGATA-1,1.0
TATCAAAGGTCTGTAA-1,1.0
TATCACCCAACCGACC-1,1.0
TATCACTTCGAGTAAC-1,1.0
TATCAGTGGCGTAGTC-1,1.0
TATCCAATTGGTTATC-1,1.0
TATCCATATCATGCGA-1,1.0
TATCCATCTCGGTTAG-1,1.0
TATCCGCACCGTCGGG-1,1.0
TATCCTGCATGGGAAT-1,1.0
TATCGATCTATGCATA-1,1.0
TATCGATGATTAAACG-1,1.0
TATCTACAGAGGTAAT-1,1.0
TATCTACCACAGCGGG-1,1.0
TATCTAGCCTAAAGGA-1,1.0
TATCTGAGCCGATATT-1,1.0
TATCTTGCAATACAAC-1,1.0
TATGAAGACAGGTGCG-1,1.0
TATGACCTTGCGCTGG-1,1.0
TATGATAAATCTAACG-1,1.0
TATGATCCGGCACGCC-1,1.0
TATGATCTTCTCTTTA-1,1.0
TATGCTCCCTACTTAC-1,1.0
TATGGATGTGCTACGC-1,1.0
TATGGCCCGGCCTCGC-1,1.0
TATGGCTAGGCTAATT-1,1.0
TATGGGACCGAGCAGG-1,1.0
TATGGGTACGTATCGT-1,1.0
TATGGTCTGAGTAACA-1,1.0
TATGGTTAGTGGGAGA-1,1.0
TATGTAAAGTGCTTAA-1,1.0
TATGTAGAAACCCGGC-1,1.0
TATGTCAAGACCGACT-1,1.0
TATGTCTCATTGTGCC-1,1.0
TATTAACACCAAAGCA-1,1.0
TATTAACCTGACCGCG-1,1.0
TATTACCATCCTGCTT-1,1.0
TATTATGTTTGCCTGC-1,1.0
TATTCAATTCTAATCC-1,1.0
TATTCCACTCAGCTCG-1,1.0
TATTCCGAGCTGTTAT-1,1.0
TATTCCTCCGCCCACT-1,1.0
TATTCGTGCCAGAATA-1,1.0
TATTGACATTTCTGCC-1,1.0
TATTTAGTCTAGATCG-1,1.0
TATTTATACCGAGTAG-1,1.0
TATTTGATTTGCACAG-1,1.0
TATTTGTTACCCTTTA-1,1.0
TCAAACAACCGCGTCG-1,1.0
TCAAACTTAGATTGTT-1,1.0
TCAAAGAGCTATCTGT-1,1.0
TCAAATTTGAGACTCA-1,1.0
TCAACAAAGATAATTC-1,1.0
TCAACACATTGGGTAA-1,1.0
TCAACATAGCGCCCTA-1,1.0
TCAACATCGACCGAGA-1,1.0
TCAACCATGTTCGGGC-1,1.0
TCAACGAGGAGACAAA-1,1.0
TCAACGCAGGAAATAA-1,1.0
TCAACGCGACCGGCAG-1,1.0
TCAACTAACGTATAAC-1,1.0
TCAACTGCAGAGTCAG-1,1.0
TCAAGAAATACTAGCT-1,1.0
TCAAGCGCGGACGGTA-1,1.0
TCAAGCTGCCTTGAAA-1,1.0
TCAAGGTTACTACACC-1,1.0
TCAATACAATTGCTGC-1,1.0
TCAATACGCCGTCATG-1,1.0
TCACAAACCGAGGTAC-1,1.0
TCACAGATCCTCAAAC-1,1.0
TCACAGCAAACTCGAA-1,1.0
TCACAGGAGAATAAGA-1,1.0
TCACAGGGAATCGCAA-1,1.0
TCACAGGTTATTGGGC-1,1.0
TCACATCTTATCTGAT-1,1.0
TCACCCTCTTAAGATT-1,1.0
TCACCGCTCGGCACTC-1,1.0
TCACGATGTCCGTGGA-1,1.0
TCACGCATTGTAGATC-1,1.0
TCACGGCCCAAGAGAG-1,1.0
TCACGGTCATCGCACA-1,1.0
TCACGTGCCCGATTCA-1,1.0
TCACTACGACCAATGC-1,1.0
TCACTCGTGCAACGGC-1,1.0
TCACTCTTCGTCTGTC-1,1.0
TCAGAACCTCCACAGG-1,1.0
TCAGACGCTATAGAAG-1,1.0
TCAGAGTGTGAGCATG-1,1.0
TCAGATGGAGACGTAG-1,1.0
TCAGCAAATGCATCTC-1,1.0
TCAGCAGTAGGCCCTG-1,1.0
TCAGCCAATCCGTAAA-1,1.0
TCAGCTTGAGCTTTCG-1,1.0
TCAGGGCGACTTCCTT-1,1.0
TCAGGGCGCAAACTCG-1,1.0
TCAGGGTGCACGAAAC-1,1.0
TCAGGGTGTAACGTAA-1,1.0
TCAGGTTCTTTGAGAA-1,1.0
TCAGTACTGACCCGCG-1,1.0
TCAGTAGGGACTATAA-1,1.0
TCAGTGTATACGTCAT-1,1.0
TCATAAGTCCAAGAAG-1,1.0
TCATACTTACAGATCC-1,1.0
TCATATGAGCTTTGTT-1,1.0
TCATCACTCGAGCTCG-1,1.0
TCATCCCAGAGGGTGG-1,1.0
TCATCGATGGTCCCAA-1,1.0
TCATGCAGGTTCTCAT-1,1.0
TCATTTAAGTCTCCGA-1,1.0
TCATTTAGAAGTGTGA-1,1.0
TCCAACTTTAAATTCT-1,1.0
TCCAATAAAGGCTACC-1,1.0
TCCAATGCGTCGCCGC-1,1.0
TCCACAATGGTTTACG-1,1.0
TCCACCTCTAGCCTTT-1,1.0
TCCACTTTATCTAGGT-1,1.0
TCCAGAGCACCGGTTC-1,1.0
TCCAGATGTACGCCAA-1,1.0
TCCAGCGCTATAAGCG-1,1.0
TCCAGGCGAGTACGGT-1,1.0
TCCAGGGTATATACGA-1,1.0
TCCATCAATACTAATC-1,1.0
TCCATTAGTTGGATAG-1,1.0
TCCATTCCCACTAGAG-1,1.0
TCCATTGTGACCTCGT-1,1.0
TCCCAAACAGACAACG-1,1.0
TCCCAAAGACGAAGGA-1,1.0
TCCCAAAGCCCTAAAT-1,1.0
TCCCACTCTCTTCCGG-1,1.0
TCCCAGCACACGACAT-1,1.0
TCCCAGCTTTAGTCTG-1,1.0
TCCCAGGCTTAGCTAA-1,1.0
TCCCGCCTATGTGCGT-1,1.0
TCCCGCGTACTCCTGG-1,1.0
TCCCGGGTGTGCTGCT-1,1.0
TCCCGGTCAGGAATTT-1,1.0
TCCCGTCAGTCCCGCA-1,1.0
TCCCGTCGCGTCATAG-1,1.0
TCCCGTGTGCAATTTG-1,1.0
TCCCTAGATCAATAGG-1,1.0
TCCCTCTTCTCAAGGG-1,1.0
TCCCTGGCGTATTAAC-1,1.0
TCCCTGGCTCGCTGGA-1,1.0
TCCCTTAGATTACTCG-1,1.0
TCCGAACGTTGCCGCT-1,1.0
TCCGAACTTGGCTTAC-1,1.0
TCCGAAGTAGTCACCA-1,1.0
TCCGAATGGTCCTGAG-1,1.0
TCCGATAATTGCCATA-1,1.0
TCCGATGACTGAGCTC-1,1.0
TCCGATGGTGCGACAT-1,1.0
TCCGATTACATTGCCG-1,1.0
TCCGCAGCCACCTAGC-1,1.0
TCCGCCTGTCTACAAG-1,1.0
TCCGCGGCAGCATCTG-1,1.0
TCCGCGGCCCAATGAA-1,1.0
TCCGCTGTCATCCCGG-1,1.0
TCCGCTTATCCCATTA-1,1.0
TCCGGAGGAAGGGCTG-1,1.0
TCCGGCCTAGCGTACA-1,1.0
TCCGGCTGTCGGGTCG-1,1.0
TCCGGTTCGTCCGGTC-1,1.0
TCCGTAACCACAATCC-1,1.0
TCCGTTAAGCTAATAT-1,1.0
TCCGTTTAGCCTTGAA-1,1.0
TCCTAAATTGGGAAGC-1,1.0
TCCTAACCGTCGGGCA-1,1.0
TCCTACATCCACGGCC-1,1.0
TCCTAGCAAAGAAGCT-1,1.0
TCCTATCATAGGTAAC-1,1.0
TCCTCCTAAGACATTC-1,1.0
TCCTCGGGCTGGGCTT-1,1.0
TCCTCTACGAGATGGC-1,1.0
TCCTCTCCAGTTGTCC-1,1.0
TCCTCTGGCCCATTAG-1,1.0
TCCTGCCAACTGGAGA-1,1.0
TCCTGCGTTGATACTC-1,1.0
TCCTGGCGCTGCCTGG-1,1.0
TCCTTACGACGGTCCG-1,1.0
TCCTTCAATCCCTACG-1,1.0
TCCTTCAGTGGTCGAA-1,1.0
TCCTTTAAATCCGCTT-1,1.0
TCCTTTCTTACGCTTA-1,1.0
TCGAAATTTAGGACCA-1,1.0
TCGAAGAACCGAGCAC-1,1.0
TCGAATATCCCGCAGG-1,1.0
TCGACAACTGAACCCG-1,1.0
TCGAGACCAACACCGT-1,1.0
TCGAGCCAGGCAGGCC-1,1.0
TCGAGGGCAACAGACG-1,1.0
TCGAGTCTACGATTCG-1,1.0
TCGATAGGCTAGTCGC-1,1.0
TCGCAAAGATGCATTT-1,1.0
TCGCACCAGGAGGCAG-1,1.0
TCGCACTAACGTTTGT-1,1.0
TCGCATAAAGGGCGCA-1,1.0
TCGCATCCCTAAGTGT-1,1.0
TCGCATTCAATGACTT-1,0.0
TCGCCCAACTGACTCC-1,1.0
TCGCCCACTGCGAGAG-1,1.0
TCGCCGAAGTTGCGTC-1,1.0
TCGCCGCACCGCGTGA-1,1.0
TCGCCGGATGGGCAAG-1,1.0
TCGCCGGTCGATCCGT-1,1.0
TCGCGTAGCAGTGTCC-1,0.0
TCGCGTCCAGAAGGTC-1,1.0
TCGCTAAACCGCTATC-1,1.0
TCGCTACTGGCTTTGA-1,1.0
TCGCTCGATATATTCC-1,1.0
TCGCTCGGCACCAGCG-1,1.0
TCGCTGGGCGGATTGT-1,1.0
TCGCTGTGCGTAAATC-1,1.0
TCGCTTAATTACGAAG-1,1.0
TCGCTTTAAACGTTTG-1,1.0
TCGGAATGCGCTCTGA-1,1.0
TCGGACGCCCAGCCCA-1,1.0
TCGGAGAGTATCGGGA-1,1.0
TCGGAGTACATGAGTA-1,1.0
TCGGATCTGGATGACC-1,1.0
TCGGCGAACCCAAACC-1,1.0
TCGGCGTACTGCACAA-1,1.0
TCGGCTTGTATCGACG-1,1.0
TCGGGAACGTGCCTAG-1,1.0
TCGGGAGACAGCGTAC-1,1.0
TCGGGATTCAAACATA-1,1.0
TCGGGCCGTCGTGGTA-1,1.0
TCGGGTGAAACTGCTA-1,1.0
TCGGTCCCGACAATAG-1,1.0
TCGGTCCCTGACTCCA-1,1.0
TCGGTGACCGCTCCGG-1,1.0
TCGTAAGACGACATTG-1,1.0
TCGTAAGCTCCGAGGA-1,1.0
TCGTACCGACGTCAAG-1,1.0
TCGTATAGTGCAATTA-1,1.0
TCGTATTACCCATTGC-1,1.0
TCGTCAAGTACGCGCA-1,1.0
TCGTCACACTGTTAGC-1,1.0
TCGTCCGCTGGCGTCT-1,1.0
TCGTCCGGGTACACTC-1,1.0
TCGTCTTAGGCGTTAA-1,1.0
TCGTGTACTATGGATG-1,0.0
TCGTGTATTGGTCACG-1,1.0
TCGTGTCACGCTGACA-1,1.0
TCGTGTTCGACCACAA-1,1.0
TCGTTAGGAGTCCCTA-1,1.0
TCGTTCGTTATTATGT-1,1.0
TCGTTGACAGGGTCCC-1,1.0
TCGTTGCTATCCGGTC-1,1.0
TCGTTGGCTCGTCAAT-1,1.0
TCTAAAGAACAGTCTC-1,1.0
TCTAACTGTATGTAAA-1,1.0
TCTAATACTGCCTCAG-1,1.0
TCTACCCAATAGAGAG-1,1.0
TCTACCGTCCACAAGC-1,1.0
TCTACGGGCTCAGTTG-1,1.0
TCTAGCAATCTCCGCC-1,1.0
TCTAGCATCTTCGATG-1,1.0
TCTAGCATGCCCAGAA-1,1.0
TCTAGGTGGCGACGCT-1,1.0
TCTAGTGATATCGTGG-1,1.0
TCTAGTTATCAGAAGA-1,1.0
TCTATCATGCAGTTAC-1,1.0
TCTATCGGTCGCAACA-1,1.0
TCTATTACGCTGGCGA-1,1.0
TCTATTACTAGAGGAT-1,1.0
TCTCATGAGATAGGGT-1,1.0
TCTCCAACGTAGGTTA-1,1.0
TCTCCACAAGTTGAAT-1,1.0
TCTCCCTGGGCAGCGT-1,1.0
TCTCGAACGAGGTCAC-1,1.0
TCTCGACGTATCGCCG-1,1.0
TCTCGAGGAGGTTCGC-1,1.0
TCTCGGCTCCAGGACT-1,1.0
TCTCGTGTTACGAGGA-1,1.0
TCTCTAATAGCTGGTA-1,1.0
TCTCTCGCCGCACATA-1,1.0
TCTCTTACCGCGAACC-1,1.0
TCTGAACCGGTCGGCT-1,1.0
TCTGAACTCGTACCCG-1,1.0
TCTGAAGCACGTGGTC-1,1.0
TCTGAATTCCGTACAA-1,1.0
TCTGACGGGCTAACCC-1,1.0
TCTGAGCAATTGACTG-1,1.0
TCTGATCGGGTGCTAG-1,1.0
TCTGATGTATTCTGTC-1,1.0
TCTGATTGGAAATGGA-1,1.0
TCTGCACCATTAGTAA-1,1.0
TCTGCAGATTCGAGTC-1,1.0
TCTGCATACCTTGCTT-1,1.0
TCTGCCAGAAACTGCA-1,1.0
TCTGCGAATCGTTCGC-1,1.0
TCTGCGTCCGGTTTCT-1,1.0
TCTGCTTAGAACAAGC-1,1.0
TCTGGAGCGTAAGAGT-1,1.0
TCTGGCCGTTCAAGTT-1,1.0
TCTGGCGCAAGCCGGG-1,1.0
TCTGGGAACCTTTGAA-1,1.0
TCTGGGTAGCGCTCAT-1,1.0
TCTGTCATACAAGAGC-1,1.0
TCTGTGCCATCATAGT-1,1.0
TCTGTTACCCAGCATA-1,1.0
TCTTAACTCGGATGTA-1,1.0
TCTTACAGAGGTACCG-1,1.0
TCTTACCGGAACTCGT-1,1.0
TCTTACGGCATCCGAC-1,1.0
TCTTACTTATGCCTCT-1,1.0
TCTTAGAGCTCCAATT-1,1.0
TCTTAGAGTGAACTCT-1,1.0
TCTTCCCATGGGCACA-1,1.0
TCTTCGAATAGACGTT-1,1.0
TCTTCGATACCAATAA-1,1.0
TCTTCGCGGTGAGAGG-1,1.0
TCTTCTATAACCCGCC-1,1.0
TCTTGATGCGTAGCGA-1,1.0
TCTTGCTCCCGATACT-1,1.0
TCTTGGTAACACCAAA-1,1.0
TCTTTAAGACTATGAA-1,1.0
TCTTTAGAGTCTAACA-1,1.0
TCTTTAGCAGGCGAAC-1,1.0
TCTTTCATCCGTCCTT-1,1.0
TCTTTCCTTCGAGATA-1,1.0
TCTTTCGGCGGGACAC-1,1.0
TCTTTCTCTTAAGGAG-1,1.0
TGAAACTTATGCAAGC-1,1.0
TGAAAGGACCTGACTC-1,1.0
TGAACAAGCAGGGACT-1,1.0
TGAACTGCTATGACTT-1,1.0
TGAAGAGCGGTCCTAG-1,1.0
TGAAGTAGCTTACGGA-1,1.0
TGAATATGCTATAAAC-1,1.0
TGAATGAGATACAGCA-1,1.0
TGAATGAGTGTTTCCC-1,1.0
TGAATGTCAGCCGGCC-1,1.0
TGAATTTCACTTGCCT-1,1.0
TGACAACGCATGTCGC-1,1.0
TGACACTTCTCTTTGC-1,1.0
TGACAGGACAAGTCCA-1,1.0
TGACATATATGACGAT-1,1.0
TGACATCGAGCGGACC-1,1.0
TGACCAAATCTTAAAC-1,1.0
TGACCCACGTTAGACA-1,1.0
TGACGAATATTTCCCT-1,1.0
TGACGATGCACTAGAA-1,1.0
TGACTATAATCCTTTC-1,1.0
TGACTCCGAATCATAC-1,1.0
TGAGAATGCTTTACCG-1,1.0
TGAGACGTACCTCTCA-1,1.0
TGAGAGATTTACCACG-1,1.0
TGAGATCAAATACTCA-1,1.0
TGAGATTAGGCCCTAA-1,1.0
TGAGCCATACAGTCTC-1,1.0
TGAGCGGAAAGTGTTC-1,1.0
TGAGCTCAACTGTATA-1,1.0
TGAGCTTTAATGACGC-1,1.0
TGAGGAGTGCCAGCTT-1,1.0
TGAGGCATGTACTGTG-1,1.0
TGAGTAAATTAGCGTA-1,1.0
TGAGTGCCTCTTAAAT-1,1.0
TGAGTGGTCCGTGACG-1,1.0
TGAGTTAAAGACATTC-1,1.0
TGATACATTTAGCCGT-1,1.0
TGATAGCGGGATTCTA-1,1.0
TGATCACCACACTGAC-1,1.0
TGATCAGGGAACTGCT-1,1.0
TGATCCCAGCATTAGT-1,1.0
TGATCGGTTTGACCCT-1,1.0
TGATCTACGCTGATCT-1,1.0
TGATCTCCGGCGCCAG-1,1.0
TGATGGCTGTTTCTGA-1,1.0
TGATGTCAATTAAGTG-1,1.0
TGATTATGGCACGCAG-1,1.0
TGATTCAGGTCCCGCG-1,1.0
TGATTCCCGGTTACCT-1,1.0
TGATTCGTCTATCACT-1,1.0
TGATTCTGTCGCCGGT-1,1.0
TGATTTATTAGCTGTG-1,1.0
TGATTTCCTCCTGACG-1,1.0
TGCAACCCATCTGCGG-1,1.0
TGCAAGAATGACGTAA-1,1.0
TGCAATTTGGGCACGG-1,1.0
TGCACAGTGAAGTTAT-1,1.0
TGCACTATGTGAGTGC-1,1.0
TGCAGAACTATATCGT-1,1.0
TGCAGAGTACCGAGCA-1,1.0
TGCAGATCGTCCTAGG-1,1.0
TGCAGCTACGTACTTC-1,1.0
TGCAGGATCGGCAAAG-1,1.0
TGCAGTGAGGCTCGGG-1,1.0
TGCAGTGGTAGGGAAC-1,1.0
TGCAGTTTCCTCCCAT-1,1.0
TGCATATGTCTGTCAC-1,1.0
TGCATGGATCGGATCT-1,1.0
TGCATGTGACCCATAG-1,1.0
TGCATGTGGTAATCTA-1,1.0
TGCCAAAGTCAGACTT-1,1.0
TGCCAATGGGTACTCT-1,1.0
TGCCACACTAGAGGAA-1,1.0
TGCCACCTGGCGAAAC-1,1.0
TGCCAGTACGTGGAGA-1,1.0
TGCCATTACTAAAGAA-1,1.0
TGCCCGTACCGTTAAA-1,1.0
TGCCGAAAGCGTATTC-1,1.0
TGCCGGATGTACGAGC-1,1.0
TGCCGTGGATCGTCCT-1,1.0
TGCCGTTCTTAATCGG-1,1.0
TGCCTAAATTTAATAG-1,1.0
TGCCTAATTGAAGATT-1,1.0
TGCCTGACATCGGTCA-1,1.0
TGCCTGATCAAACGAT-1,1.0
TGCCTTGGCCAGGCAA-1,1.0
TGCGAATATGGGATTT-1,1.0
TGCGACACCCTAGTGC-1,1.0
TGCGACGGCCGAACGT-1,1.0
TGCGAGAATATTACCC-1,1.0
TGCGAGATGGCGGCCA-1,1.0
TGCGAGCCCTTCCGCG-1,1.0
TGCGATGCTAATGGCT-1,1.0
TGCGCAAAGCATTTGG-1,1.0
TGCGCCGTTAATAACG-1,1.0
TGCGCGATTAACGGAG-1,1.0
TGCGGAGTAAAGGTGC-1,1.0
TGCGGCATAGTTCAAC-1,1.0
TGCGGTGAAATTTCAT-1,1.0
TGCGTAAGAACCTGAT-1,1.0
TGCGTCATGACTGAGC-1,1.0
TGCGTGATTGGGTGTC-1,1.0
TGCGTTTGTTGACACT-1,1.0
TGCTAAGTGTCTATTT-1,1.0
TGCTCCACAGTTCTTA-1,1.0
TGCTCGGCGAAACCCA-1,1.0
TGCTCTGCCGGTTCAC-1,1.0
TGCTCTTGAGAGTTTG-1,1.0
TGCTGCGTCAGAGTTA-1,1.0
TGCTGGTTGGACAATT-1,1.0
TGCTGTTGAAGAACTC-1,1.0
TGCTTAGAGAGAATGC-1,1.0
TGCTTCCCAAGCAGTA-1,1.0
TGCTTGAAACCATGCA-1,1.0
TGGAACCACTGACACA-1,1.0
TGGAAGAAGGGAACGT-1,1.0
TGGAAGACGAACACCA-1,1.0
TGGAAGGATAAAGATG-1,1.0
TGGAATATCCTTGACC-1,1.0
TGGAATTAGACGCTTT-1,1.0
TGGACACCGTTGCTTG-1,1.0
TGGACCAATCTAAGAT-1,1.0
TGGACCACGGCGTTGA-1,1.0
TGGACGCAATCCAGCC-1,1.0
TGGACGTAGGCGAATC-1,1.0
TGGACTGTTCGCTCAA-1,1.0
TGGAGCTAAAGTTCCC-1,1.0
TGGAGGGAAACACCTC-1,1.0
TGGAGTGATGCGATGA-1,1.0
TGGATAGAGTAACAGA-1,1.0
TGGCAAACTAAATTAC-1,1.0
TGGCAACTCGCGCGCC-1,1.0
TGGCAAGCACAAGTCG-1,1.0
TGGCAATGGGACGGCG-1,1.0
TGGCAGATTACGATCA-1,1.0
TGGCAGCAGTAATAGT-1,1.0
TGGCATGAAGTTTGGG-1,1.0
TGGCCAAACTGAAGTA-1,1.0
TGGCCAATTTGGTACT-1,1.0
TGGCCGTATATTGACC-1,1.0
TGGCGACTGCTCCAAA-1,1.0
TGGCGATCAAGTTATG-1,1.0
TGGCTATGTGACATAC-1,1.0
TGGCTCTTGTCGCGTA-1,1.0
TGGCTTATGTATAATG-1,1.0
TGGCTTGTACAAGCTT-1,1.0
TGGCTTTGGGTAGACA-1,1.0
TGGGAAATGCCTTTCC-1,1.0
TGGGACCATTGGGAGT-1,1.0
TGGGATGCACTCATTC-1,1.0
TGGGCAATAGTTGGGT-1,1.0
TGGGCACAAACAGAAC-1,1.0
TGGGCACGTTCTATGG-1,1.0
TGGGCAGGCCACCGCA-1,1.0
TGGGCCACAAGAGCGC-1,1.0
TGGGCCCATACTAATT-1,1.0
TGGGCCTTGCCTGCAT-1,1.0
TGGGCGATACAATAAG-1,1.0
TGGGTAAGGTTCCCGC-1,1.0
TGGGTGGGATGTCATT-1,1.0
TGGGTTCCCGGACGGA-1,1.0
TGGTAAGCAGGATTGA-1,1.0
TGGTAGAATATATGGG-1,1.0
TGGTATCGCATCCCAA-1,1.0
TGGTATCGGTCTGTAT-1,1.0
TGGTCCCACGCTACGG-1,1.0
TGGTCGTGCAAGGCAA-1,1.0
TGGTCTAGCTTACATG-1,1.0
TGGTCTGTTGGGCGTA-1,1.0
TGGTGATCGTATTTGT-1,1.0
TGGTTAACTTACATTT-1,1.0
TGGTTAAGGGCGCTGG-1,1.0
TGGTTATGCTTGCGGT-1,1.0
TGGTTCAACGGGTAAT-1,1.0
TGGTTCGTAGCAAAGG-1,1.0
TGGTTGGAGGATCCTG-1,1.0
TGGTTTAAACGTGGGT-1,1.0
TGTAAGACTGATAAGA-1,1.0
TGTAATGACCACAATA-1,1.0
TGTACCCGACCCTAAT-1,1.0
TGTACCTACACGAGGG-1,1.0
TGTACGAACAAATCCG-1,1.0
TGTACTACTCTCACGG-1,1.0
TGTAGCCATCCCATTC-1,1.0
TGTAGGAGAAATTTCC-1,1.0
TGTAGTGATCTATAAT-1,1.0
TGTATAACAGATCCTG-1,1.0
TGTATACGGATGATGA-1,1.0
TGTATCAGACTGAAGC-1,1.0
TGTATCCTTATTCCAT-1,1.0
TGTATGGCGCAGACAG-1,1.0
TGTATTTACCTAATGC-1,1.0
TGTCATTTGTTGGGAA-1,1.0
TGTCCCGACATAGCAC-1,1.0
TGTCCGTGGCGCCTTT-1,1.0
TGTCCTAAGTCACCGC-1,1.0
TGTCGGCATGGTGGAA-1,1.0
TGTCGTTATCACATAT-1,1.0
TGTCTACAGTTTCTGT-1,1.0
TGTGACTACGCCAGTC-1,1.0
TGTGAGACTAGCCCAA-1,1.0
TGTGCCAGAGGCAAAG-1,1.0
TGTGCCGGTGCCGGAA-1,1.0
TGTGCTTTACGTAAGA-1,1.0
TGTGGACTATCTACGT-1,1.0
TGTGGCAAAGCGTATG-1,1.0
TGTGGCGGGCTTCTGG-1,1.0
TGTGGCTCCCACCAAC-1,1.0
TGTGGTAGGGTGCCTT-1,1.0
TGTGGTTGCTAAAGCT-1,1.0
TGTGTAGTAGCACGTG-1,1.0
TGTGTCGAAGTCGAGG-1,1.0
TGTGTCGCGAGTTGCA-1,1.0
TGTGTGACCATGAATC-1,1.0
TGTGTTCGTATCCAAG-1,1.0
TGTTATTGTATGTGGC-1,1.0
TGTTCATAAATGTGCT-1,1.0
TGTTCCGCTTCCATGA-1,1.0
TGTTCGTATTGCGGTG-1,1.0
TGTTCTCTACTCCCTA-1,1.0
TGTTCTTCCATTGACT-1,1.0
TGTTGCCGTCGTCCCA-1,1.0
TGTTGTCAAGAAGTCT-1,1.0
TGTTTAATACTTCATC-1,1.0
TGTTTCGGTACTTCTC-1,1.0
TGTTTCTGAAGCGTGC-1,1.0
TGTTTGAGATCGTCAG-1,1.0
TTAAACAGAGTCCCGC-1,1.0
TTAAACCGGTAGCGAC-1,1.0
TTAAACCTGGTTCCTT-1,1.0
TTAAACTCGAATTCAT-1,1.0
TTAACACCTCGAACAT-1,1.0
TTAACCAACCCTCCCT-1,1.0
TTAACGAACAAGCAGT-1,1.0
TTAACGTCGCAAGACC-1,1.0
TTAACGTTAAAGCCTG-1,1.0
TTAACTCACGCGTGGA-1,1.0
TTAACTTCAGGTAGGA-1,1.0
TTAAGATAGGATTGAC-1,1.0
TTAAGCCGACAACTTC-1,1.0
TTAAGCGCCTGACCCA-1,1.0
TTAAGGATACGGAGGT-1,1.0
TTAAGGCCCGTACTTT-1,1.0
TTAATCAGTACGTCAG-1,1.0
TTAATGTAGACCAGGT-1,1.0
TTAATGTGTTTGCAGG-1,1.0
TTAATTGCTTTGGGTG-1,1.0
TTAATTTCAGACGCGG-1,1.0
TTACAACTACGCATCC-1,1.0
TTACACGATCTGCGAC-1,1.0
TTACAGACCTAAATGA-1,1.0
TTACATCGTGGCCTGG-1,1.0
TTACATGCCACAACTA-1,1.0
TTACCATTGATTACCC-1,1.0
TTACCCATTGCCGGGT-1,1.0
TTACCCTAACAGTCCT-1,1.0
TTACCCTAGGGATTGG-1,1.0
TTACCGCCTTAGGGAA-1,1.0
TTACGGATGGTTCGAG-1,1.0
TTACGTATCTATGACA-1,1.0
TTACTAAAGGACTTTA-1,1.0
TTACTATCGGCTTCTC-1,1.0
TTACTCCGGCCGGGAA-1,1.0
TTACTCTGGTACGTAC-1,1.0
TTACTGGGATATTTCA-1,1.0
TTACTGTCTAGAGCTC-1,1.0
TTAGAAGAACATGACT-1,1.0
TTAGAATAAGGGTCGG-1,1.0
TTAGACACGATCGTTG-1,1.0
TTAGACGAGTCACCTC-1,1.0
TTAGAGGGATATACAG-1,1.0
TTAGAGTTTAGAAGGA-1,1.0
TTAGATAGGTCGATAC-1,1.0
TTAGCAACATGGATGT-1,1.0
TTAGCTAATACGATCT-1,1.0
TTAGCTCTGTAATCCG-1,1.0
TTAGCTGATTTGCCGT-1,1.0
TTAGGATGGGAGGGTA-1,1.0
TTAGGTCATAACCGAC-1,1.0
TTAGTAAACCTGCTCT-1,1.0
TTAGTAGGGCGGCGGG-1,1.0
TTAGTTATTCGTGGCA-1,1.0
TTAGTTCAAGTGTTCG-1,1.0
TTATAGGTAATTGTCT-1,1.0
TTATATACGCTGTCAC-1,1.0
TTATATTTGGCAATCC-1,1.0
TTATCCAATCGAACTC-1,1.0
TTATCCGGGATCTATA-1,1.0
TTATCCTCAAGGAATA-1,1.0
TTATCGCCTGCGAAGC-1,1.0
TTATCTGACATTAGGA-1,1.0
TTATCTGTATCATAAC-1,1.0
TTATGAATGAAAGGGA-1,1.0
TTATGACAAACTGGAT-1,1.0
TTATGATCTTAACGAA-1,1.0
TTATGTTTGCGATAGA-1,1.0
TTATTAGAGCGTGTTC-1,1.0
TTATTAGGGAAGCATC-1,1.0
TTATTATCTGGAAGGC-1,1.0
TTATTTAGGTTCCTTA-1,1.0
TTCAAAGTCTCTAGCC-1,1.0
TTCAACGACCCGACCG-1,1.0
TTCAAGCCGAGCTGAG-1,1.0
TTCAATACTCTGAATC-1,1.0
TTCACGAAAGGATCAC-1,1.0
TTCACTCGAGCACCTA-1,1.0
TTCACTTCCTAGAACG-1,1.0
TTCAGCCCTGGTCCAC-1,1.0
TTCAGCTGGCGTGCCC-1,1.0
TTCAGGCGTCAAAGCC-1,1.0
TTCAGTTTGTGGCAGC-1,1.0
TTCATAGCCTTGTAAC-1,1.0
TTCATAGGGTGTCCAT-1,1.0
TTCATGGCGCAACAGG-1,1.0
TTCCAATCAGAGCTAG-1,1.0
TTCCAATCTGGCTATC-1,1.0
TTCCACACAGATTTGA-1,1.0
TTCCAGACGAGATTTA-1,1.0
TTCCATCATGCGGTGA-1,1.0
TTCCATCGACAGCGTG-1,1.0
TTCCCGGCGCCAATAG-1,1.0
TTCCGCAGAGAAATAT-1,1.0
TTCCGCGTGAGGCGAT-1,1.0
TTCCGGCCTTGAGGCT-1,1.0
TTCCGGCTCGACTTCT-1,1.0
TTCCGGTATCTGTGTC-1,1.0
TTCCGGTTACCCACTT-1,1.0
TTCCTCGAGGGTGTCT-1,1.0
TTCCTCGGACTAACCA-1,1.0
TTCCTCTGCCCGAATA-1,1.0
TTCCTTTCTGTGTTGC-1,1.0
TTCGACAGAGCCCGTG-1,1.0
TTCGACGGGAAGGGCG-1,1.0
TTCGAGCCGGCGCTAC-1,1.0
TTCGCACTCGCGTGCT-1,1.0
TTCGCACTGTACGACA-1,1.0
TTCGCATCCGGAAGCA-1,1.0
TTCGCCGCTCGCGCTA-1,1.0
TTCGCGCGCCATACGA-1,1.0
TTCGCTAGGAAGTTGT-1,1.0
TTCGCTATCTGACGTG-1,1.0
TTCGGACTGGGCATGG-1,1.0
TTCGGCAACCCGCTGA-1,1.0
TTCGGCTAGAGATGGT-1,1.0
TTCGGGACTAATCGCG-1,1.0
TTCGGGCGCTAGTCTT-1,1.0
TTCGGGTTGCCACGGG-1,1.0
TTCGGTACTGTAGAGG-1,1.0
TTCGGTGGAGACGCCC-1,1.0
TTCGTAATCCCAGCGG-1,1.0
TTCGTACTCCAGAACG-1,1.0
TTCGTTCAACGAAGTT-1,1.0
TTCTAACCGAAGCTTA-1,1.0
TTCTACCTCAATCGGT-1,1.0
TTCTACCTTTATGTTG-1,1.0
TTCTACTTGCGAGGGC-1,1.0
TTCTAGAAAGTCTTAT-1,1.0
TTCTAGGCCAATTGTG-1,1.0
TTCTATGCCTTTCGCA-1,1.0
TTCTATTAAACGCAGC-1,1.0
TTCTCTTACAGGTGAT-1,1.0
TTCTGACCGGGCTCAA-1,1.0
TTCTGCCGCGCCTAGA-1,1.0
TTCTGCGAGCGCCCTT-1,1.0
TTCTGCGGGTTAGCGG-1,1.0
TTCTGCTAGACTCCAA-1,1.0
TTCTGTTTCCTGTCGC-1,1.0
TTCTTAGTGAACGGTG-1,1.0
TTCTTAGTGGCTCAGA-1,1.0
TTCTTATCCGCTGGGT-1,1.0
TTCTTGAGCCGCGCTA-1,1.0
TTCTTGCTAGCATCTC-1,1.0
TTCTTGGACGATCTGC-1,1.0
TTCTTGGAGTAATGAG-1,1.0
TTCTTGTAACCTAATG-1,1.0
TTCTTGTGTCCATCAG-1,1.0
TTCTTTGGTCGCGACG-1,1.0
TTGAAAGGTGTAAAGG-1,1.0
TTGAACGAATCCTTTG-1,1.0
TTGAACGACGTGCTGA-1,1.0
TTGAAGAATTCCCAGG-1,1.0
TTGAAGGATGGGCGCC-1,1.0
TTGAATATGGACTTTC-1,1.0
TTGAATCGTTGTATAA-1,1.0
TTGAATTCACGTGAGG-1,1.0
TTGACAGGAGCTCCCG-1,0.0
TTGACATGAACGTGGA-1,1.0
TTGACCATGTTCTCCG-1,1.0
TTGACCGTGTTAATGA-1,1.0
TTGACGATTCAGCACG-1,1.0
TTGACGCTCCATGAGC-1,1.0
TTGACTACCATATGGT-1,1.0
TTGACTATTGTCCGGC-1,1.0
TTGAGAAGTTTAGCAT-1,1.0
TTGAGAGTACTGCTAA-1,1.0
TTGAGCAGCCCACGGT-1,1.0
TTGAGCGCCACGTGAT-1,1.0
TTGAGTCCCGCTGCTG-1,1.0
TTGATAGTCAATACAT-1,1.0
TTGATCTAACTTTGTC-1,1.0
TTGATGCCGCTCGTCG-1,1.0
TTGATGTGTAGTCCCG-1,1.0
TTGATTAGCTGTTTCT-1,1.0
TTGATTATGCAGATGA-1,1.0
TTGCACAATTCAGAAA-1,1.0
TTGCACGGAGCAGCAC-1,1.0
TTGCATGCTGATCACG-1,1.0
TTGCCAAGCAGAACCC-1,1.0
TTGCCATAGCCCGCTC-1,1.0
TTGCCCTGATCACGGG-1,1.0
TTGCCGCAGACCTACA-1,1.0
TTGCCGCTTTCTAGTA-1,1.0
TTGCCGGTGATCCCTC-1,1.0
TTGCGCTCTCTCGCTT-1,1.0
TTGCGGCATCAGAAAG-1,1.0
TTGCGTAGTTTGAGGA-1,1.0
TTGCGTCGGCCAACCG-1,1.0
TTGCGTGAACGCTTAG-1,1.0
TTGCTCCCATACCGGA-1,1.0
TTGCTGAAGGAACCAC-1,1.0
TTGCTGATCATGTTCG-1,1.0
TTGCTGCACCTATCCA-1,1.0
TTGCTGGCCGGGCTTC-1,1.0
TTGGAAGAATACAGTC-1,1.0
TTGGACATGTGGCTTA-1,1.0
TTGGACCATCTGGCAA-1,1.0
TTGGACCTATAACAGT-1,1.0
TTGGATATCGTCTACG-1,1.0
TTGGATCGACTTCTGG-1,1.0
TTGGATTGGGTACCAC-1,1.0
TTGGCCATCTTGCGCT-1,1.0
TTGGCCTAGAATTTCG-1,1.0
TTGGCGATCCGAATAT-1,1.0
TTGGCTCAATATGTGT-1,1.0
TTGGCTCGCATGAGAC-1,1.0
TTGGGACACTGCCCGC-1,1.0
TTGGGACGTAAGAGTT-1,1.0
TTGGGCGGCGGTTGCC-1,1.0
TTGGGTTTATTCAGCG-1,1.0
TTGGTATGGCTTGTGT-1,1.0
TTGGTCACACTCGTAA-1,1.0
TTGGTGCGGTGTTGAA-1,1.0
TTGGTTCGCTCAAAGG-1,1.0
TTGGTTGCGGTGCGCG-1,1.0
TTGTAAGGACCTAAGT-1,1.0
TTGTAAGGCCAGTTGG-1,1.0
TTGTAATCCGTACTCG-1,1.0
TTGTACACCTCGAACA-1,1.0
TTGTATCACACAGAAT-1,1.0
TTGTCACCGCGGTATC-1,1.0
TTGTCGTTCAGTTACC-1,1.0
TTGTGAACCTAATCCG-1,1.0
TTGTGAGGCATGACGC-1,1.0
TTGTGCAGCCACGTCA-1,1.0
TTGTGCGGAAGCGGAT-1,1.0
TTGTGGCCCTGACAGT-1,1.0
TTGTGGTAGGAGGGAT-1,1.0
TTGTGGTATAGGTATG-1,1.0
TTGTGTATGCCACCAA-1,1.0
TTGTGTTTCCCGAAAG-1,1.0
TTGTTAGCAAATTCGA-1,1.0
TTGTTCAGTGTGCTAC-1,1.0
TTGTTCTAGATACGCT-1,1.0
TTGTTGTGTGTCAAGA-1,1.0
TTGTTTCACATCCAGG-1,1.0
TTGTTTCATTAGTCTA-1,1.0
TTGTTTCCATACAACT-1,1.0
TTGTTTGTGTAAATTC-1,1.0
