Spot,label
AAACAAGTATCTCCCA-1,normal
AAACAATCTACTAGCA-1,normal
AAACAGAGCGACTCCT-1,normal
AAACAGTGTTCCTGGG-1,normal
AAACATTTCCCGGATT-1,normal
AAACCCGAACGAAATC-1,normal
AAACCGTTCGTCCAGG-1,normal
AAACCTAAGCAGCCGG-1,normal
AAACGAAGAACATACC-1,normal
AAACGAGACGGTTGAT-1,normal
AAACGCCCGAGATCGG-1,tumor
AAACGGGCGTACGGGT-1,normal
AAACGGTTGCGAACTG-1,normal
AAACGTGTTCGCCCTA-1,normal
AAACTAACGTGGCGAC-1,normal
AAACTCGGTTCGCAAT-1,normal
AAACTCGTGATATAAG-1,tumor
AAACTGCTGGCTCCAA-1,normal
AAAGAATGTGGACTAA-1,normal
AAAGACCCAAGTCGCG-1,tumor
AAAGCTTGCCTACATA-1,tumor
AAAGGCCCTATAATAC-1,normal
AAAGGCTACGGACCAT-1,normal
AAAGGCTCTCGCGCCG-1,normal
AAAGGGATGTAGCAAG-1,normal
AAAGGGCAGCTTGAAT-1,normal
AAAGGTAAGCTGTACC-1,normal
AAAGTAGCATTGCTCA-1,tumor
AAAGTCACTGATGTAA-1,tumor
AAAGTGTGATTTATCT-1,normal
AAAGTTGACTCCCGTA-1,normal
AAATAACCATACGGGA-1,normal
AAATAAGGTAGTGCCC-1,tumor
AAATACCTATAAGCAT-1,normal
AAATAGCTTAGACTTT-1,normal
AAATAGGGTGCTATTG-1,normal
AAATCCGATACACGCC-1,normal
AAATCGTGTACCACAA-1,normal
AAATCTAGCCCTGCTA-1,normal
AAATGACTGATCAAAC-1,normal
AAATGATTCGATCAGC-1,normal
AAATGCTCGTTACGTT-1,normal
AAATGGCATGTCTTGT-1,normal
AAATGGTCAATGTGCC-1,normal
AAATGTGGGTGCTCCT-1,normal
AAATTAACGGGTAGCT-1,normal
AAATTACACGACTCTG-1,normal
AAATTACCTATCGATG-1,normal
AAATTCCAGGTCCAAA-1,normal
AAATTGATAGTCCTTT-1,normal
AAATTGCGGCGGTTCT-1,tumor
AAATTGGTGAGAAGCA-1,normal
AAATTTACCGAAATCC-1,normal
AAATTTGCGGGTGTGG-1,normal
AACAACTGGTAGTTGC-1,normal
AACAATACATTGTCGA-1,normal
AACAATTACTCTACGC-1,normal
AACACACGCTCGCCGC-1,normal
AACACGACTGTACTGA-1,tumor
AACAGCTGTGTGGCAA-1,normal
AACAGGAAATCGAATA-1,normal
AACAGGATGGGCCGCG-1,normal
AACAGGTAGTATGGAT-1,normal
AACATAGCGTGTATCG-1,normal
AACATATCAACTGGTG-1,normal
AACATCGATACGTCTA-1,normal
AACATTGAAGTTGATC-1,normal
AACATTGGTCAGCCGT-1,tumor
AACATTGTGACTCGAG-1,normal
AACCAGTATCACTCTT-1,normal
AACCATGGGATCGCTA-1,normal
AACCCAGAGACGGAGA-1,normal
AACCCGACAACCCGTG-1,normal
AACCCGAGCAGAATCG-1,normal
AACCCGATAGGGCTTC-1,normal
AACCCGCTGTATTCCA-1,normal
AACCCTACTGTCAATA-1,normal
AACCCTGGTGGAACCA-1,normal
AACCGAGCTTGGTCAT-1,normal
AACCGCTAAGGGATGC-1,normal
AACCGTTGTGTTTGCT-1,tumor
AACCTCGCTTTAGCCC-1,normal
AACCTGTCACGGAATT-1,normal
AACCTTTAAATACGGT-1,normal
AACCTTTACGACGTCT-1,normal
AACGATAATGCCGTAG-1,normal
AACGATAGAAGGGCCG-1,tumor
AACGATATGTCAACTG-1,normal
AACGCATGATCTGGGT-1,normal
AACGCGACCTTGGGCG-1,normal
AACGCGGTCTCCAGCC-1,normal
AACGCTGTTGCTGAAA-1,normal
AACGGACGTACGTATA-1,normal
AACGGCCATCTCCGGT-1,normal
AACGTACTGTGGGTAC-1,normal
AACGTAGTCTACCCAT-1,normal
AACGTCATCCGGCTTG-1,normal
AACGTGATGAAGGACA-1,normal
AACGTGCGAAAGTCTC-1,normal
AACTACCCGTTTGTCA-1,normal
AACTAGCGTATCGCAC-1,normal
AACTAGGCTTGGGTGT-1,normal
AACTCAAGTTAATTGC-1,normal
AACTCCAGAGCGTGTT-1,normal
AACTCCTAATCCCATG-1,normal
AACTCGATGGCGCAGT-1,normal
AACTCTCAATAGAGCG-1,normal
AACTCTCAGTGTGCTC-1,normal
AACTGAGGTCAGCGTC-1,normal
AACTGAGTTATACTGA-1,tumor
AACTGATATTAGGCCT-1,normal
AACTGGGTCCCGACGT-1,normal
AACTGGGTTCGAGCCG-1,normal
AACTGGTGTGGGCCTT-1,normal
AACTTCTGCGTCTATC-1,normal
AACTTGCCCGTATGCA-1,normal
AACTTGCGTTCTCGCG-1,normal
AACTTTAGCTGCTGAG-1,normal
AACTTTCTCGATCATG-1,normal
AAGAAATCACCAGATT-1,normal
AAGAAGGATCAGTTAG-1,normal
AAGACATACGTGGTTT-1,normal
AAGACCCAACTGAACA-1,normal
AAGACTAACCCGTTGT-1,tumor
AAGACTGCAAGCTACT-1,normal
AAGAGATGAATCGGTA-1,normal
AAGAGCTCTTTATCGG-1,normal
AAGAGGCATGGATCGC-1,normal
AAGAGGCCCTTTGGAA-1,normal
AAGATGGCACCGGACC-1,normal
AAGATTGGCGGAACGT-1,normal
AAGCACCCTGCGTATC-1,normal
AAGCATACTCTCCTGA-1,normal
AAGCCACTTGCAGGTA-1,normal
AAGCCGAAGCGGTTTA-1,normal
AAGCCGCCGTGAAATC-1,normal
AAGCCGCTTTACCTTG-1,tumor
AAGCGCAGGGCTTTGA-1,tumor
AAGCGGAGTGCGCGCA-1,normal
AAGCGGCGTCATGGGT-1,tumor
AAGCGTCCCTCATCGA-1,normal
AAGCTAGATCGAGTAA-1,normal
AAGCTCGTGCCAAGTC-1,normal
AAGCTCTTTCATGGTG-1,normal
AAGGAGAACTTATAAG-1,normal
AAGGAGCGGTTGGTGC-1,normal
AAGGATCGATCGCTTG-1,normal
AAGGATGAGGGACCTC-1,normal
AAGGCAGGCTGTCTCC-1,normal
AAGGCTGTGCTCATCG-1,normal
AAGGGAACGACTGGCT-1,tumor
AAGGGACAGATTCTGT-1,normal
AAGGTATCCTAATATA-1,normal
AAGGTGATAAACCAGC-1,normal
AAGTAAGCTTCCAAAC-1,normal
AAGTAGAAGACCGGGT-1,normal
AAGTAGTGACGCGAGG-1,tumor
AAGTCAATTGTCGTCA-1,normal
AAGTCTAGTAGCTGCC-1,normal
AAGTGAGTCGGGTTTA-1,normal
AAGTGCCTTGACTGTA-1,normal
AAGTGCTTCTCTATTG-1,normal
AAGTGTTTGGAGACGG-1,normal
AAGTTCACTCCAAGCT-1,normal
AAGTTCAGTCTGCGTA-1,normal
AAGTTGTGATGTTATA-1,normal
AAGTTTACTAATGGCA-1,tumor
AAGTTTATGGGCCCAA-1,tumor
AATAACACTAGAACAA-1,normal
AATAAGTCCTCGAGAC-1,tumor
AATAATCTTCGTATCG-1,tumor
AATACAATGTTTCAGG-1,normal
AATACCGGAGGGCTGT-1,normal
AATAGAACAGAGTGGC-1,normal
AATAGAATCTGTTTCA-1,normal
AATAGCAAGCCTCCTG-1,normal
AATAGCTACCGCGTGC-1,normal
AATAGGCACGACCCTT-1,normal
AATAGTCCGTCCCGAC-1,normal
AATATCAAGGTCGGAT-1,tumor
AATATCGAATCAATGC-1,normal
AATATCGAGGGTTCTC-1,normal
AATCAGGTTTCATTTA-1,normal
AATCATGTAAAGACTC-1,normal
AATCCAAGGGCCTGAG-1,normal
AATCCATGCAAGGGTG-1,normal
AATCCCGCTCAGAGCC-1,normal
AATCGCCTCAGCGCCA-1,normal
AATCGCGCAGAGGACT-1,normal
AATCGGGACACTACGA-1,tumor
AATCGGTATAGCCCTC-1,normal
AATCGTGAGCCGAGCA-1,normal
AATCTATGCCGGAGCC-1,tumor
AATCTGCGTTGGGACG-1,normal
AATCTGGGTAGACCCT-1,normal
AATGACAGCAATGTCT-1,normal
AATGACGTAGGATGTC-1,normal
AATGACTGTCAGCCGG-1,normal
AATGAGTTCGCATATG-1,normal
AATGATGATACGCTAT-1,normal
AATGATGCGACTCCTG-1,normal
AATGCAACCGGGTACC-1,normal
AATGCACCAAGCAATG-1,normal
AATGGTTCTCACAAGC-1,normal
AATGTGCCCGAGGTGT-1,normal
AATGTGCTAATCTGAG-1,normal
AATGTTAAGACCCTGA-1,normal
AATGTTGTCGTGAGAC-1,normal
AATTAAAGGTCGGCGT-1,normal
AATTAACGGATTTCCA-1,normal
AATTAGCGCTGCAGCG-1,normal
AATTCATAAGGGATCT-1,normal
AATTCCAAGCATGTAC-1,normal
AATTCGATTCGAGGAT-1,normal
AATTCTAGAGTTAGGC-1,normal
AATTGAACGCTCTGGT-1,normal
AATTGCAGCAATCGAC-1,normal
AATTTGGGACATAGTA-1,normal
AATTTGGTTCCAAAGA-1,normal
ACAAACTCCATCAGAG-1,normal
ACAAAGCATGACCTAG-1,normal
ACAAATCGCACCGAAT-1,normal
ACAAATGGTAGTGTTT-1,normal
ACAAATTCAGATCTGA-1,normal
ACAACAGCATGAGCTA-1,normal
ACAACGGTCCCTGCGA-1,normal
ACAAGGAAATCCGCCC-1,normal
ACAAGGACAAGAGGTT-1,normal
ACAAGGATGCTTTAGG-1,normal
ACAAGGCCTACCAGCC-1,tumor
ACAAGGGCAGGCTCTG-1,normal
ACAAGTAATTGTAAGG-1,normal
ACAATCGATCTTTATA-1,normal
ACAATGAATACGGAGA-1,normal
ACAATGATTCTTCTAC-1,normal
ACAATTGTGTCTCTTT-1,normal
ACAATTTGAGCAGTGG-1,normal
ACAATTTGGCCATATT-1,normal
ACACAAAGACGGGTGG-1,normal
ACACAAATATTCCTAG-1,tumor
ACACACCAGGACCAGT-1,normal
ACACACTTTCTACACG-1,normal
ACACATTTCCGTAGAC-1,normal
ACACCACATAATTAGC-1,normal
ACACCCAGCATGCAGC-1,tumor
ACACCCGAGAAATCCG-1,normal
ACACCTTACTACTTGC-1,normal
ACACGAGACTCCTTCT-1,normal
ACACGGCACTATGCAT-1,tumor
ACACGGGAACTTAGGG-1,normal
ACACGTAGGCCACAAG-1,normal
ACACTCCAATGTCACT-1,normal
ACACTGATCAAGGTGT-1,normal
ACAGATTAGGTTAGTG-1,tumor
ACAGCATAGAGCCAGT-1,normal
ACAGCGACATTCTCAT-1,normal
ACAGCGCACCCGCAGC-1,normal
ACAGGCACGGATCCTT-1,normal
ACAGGCTTGCCCGACT-1,normal
ACAGGTGGAGGTGAGG-1,normal
ACAGTATACCGTGGGA-1,tumor
ACATAATAAGGCGGTG-1,normal
ACATCCCGGCCATACG-1,normal
ACATCCTGGTAACTGT-1,tumor
ACATCGATCGTTTACC-1,normal
ACATCGCAATATTCGG-1,normal
ACATCGTATGCAATGG-1,normal
ACATCGTTAACCTAGT-1,normal
ACATCTCAACGCGTAA-1,tumor
ACATGCTTACGGCAGC-1,normal
ACATGGCGCCAAAGTA-1,normal
ACATGGCTCAATTTAG-1,tumor
ACATTAGTTTATATCC-1,normal
ACATTCGCGCGGAATA-1,normal
ACCAAACACCCAGCGA-1,normal
ACCAAACTAGAAATCC-1,normal
ACCAACACCACACACT-1,normal
ACCAACCGCACTCCAC-1,normal
ACCAACGCTTATTTAT-1,normal
ACCAAGAACGCGTGTC-1,normal
ACCAAGTCATCGGCAG-1,normal
ACCAATATGCAAGTTA-1,normal
ACCACAACTCAGAACA-1,normal
ACCACAAGTTTCTATC-1,normal
ACCACCAATGTAACAA-1,normal
ACCACCCTCTCTTCTA-1,normal
ACCACGTGCAGCTATA-1,normal
ACCAGCCCGGTCTTTG-1,tumor
ACCAGGAGTGTGATCT-1,normal
ACCAGTGCCCGGTCAA-1,normal
ACCAGTGCGGGAGACG-1,normal
ACCATATCCGCAATAA-1,normal
ACCATCGTATATGGTA-1,normal
ACCCAACGCCCGTGGC-1,normal
ACCCACCTACATGCTC-1,normal
ACCCATCTTGAGGGTA-1,tumor
ACCCATTTGTCCCTCT-1,normal
ACCCGATTGGTTCCGA-1,normal
ACCCGGAAACTCCCAG-1,normal
ACCCGGATGACGCATC-1,normal
ACCCGGTTACACTTCC-1,tumor
ACCCGTAGTCTAGTTG-1,tumor
ACCCGTGTCATCAGTA-1,normal
ACCCTATAGGACTGAG-1,normal
ACCCTATGCCATATCG-1,normal
ACCCTCCCGTCAGGGC-1,normal
ACCCTCCCTTGCTATT-1,normal
ACCCTGGTAACGCCCT-1,normal
ACCCTTCATCTGCGAA-1,tumor
ACCCTTGCCTGGGTCG-1,normal
ACCCTTTAGTTCTCCA-1,normal
ACCGAAAGGGCCCTGC-1,normal
ACCGACACATCTCCCA-1,normal
ACCGACTGAGTCCCAC-1,normal
ACCGAGTCTCCTTATT-1,normal
ACCGATATTTAATCAT-1,tumor
ACCGATGGTAGCATCG-1,normal
ACCGCAATAACTGCCT-1,normal
ACCGCGGTGGAAGTCG-1,normal
ACCGCTAGTCATTGGT-1,normal
ACCGGGCCTTTGTTGA-1,normal
ACCGTGACCACGTGGG-1,normal
ACCGTTCCCGCTCTGA-1,normal
ACCTAAGTACCTTTCA-1,normal
ACCTAATCGACTTCCT-1,tumor
ACCTACAGTATGTGGT-1,normal
ACCTACTATAAATCTA-1,normal
ACCTCCGCCCTCGCTG-1,normal
ACCTCCGTTATTCACC-1,normal
ACCTTTCCTTTAGAAG-1,normal
ACGACTCTAGGGCCGA-1,tumor
ACGACTGGTCATACTC-1,normal
ACGAGAACCCATCACG-1,tumor
ACGAGATATTTGCTTA-1,normal
ACGAGTACGGATGCCC-1,normal
ACGATACATAGAACTA-1,normal
ACGATCATACATAGAG-1,normal
ACGATCATCTTGTAAA-1,normal
ACGATGCATATGTTAT-1,normal
ACGATGGATCCGATGC-1,normal
ACGCAAACTAATAGAT-1,normal
ACGCAATCACTACAGC-1,normal
ACGCATAAATGACATG-1,tumor
ACGCATACGTTTACTA-1,normal
ACGCATTCGTGAGTAC-1,normal
ACGCCACTCGAAACAG-1,normal
ACGCCAGATGATTTCT-1,normal
ACGCCCAGCTGTCGAT-1,normal
ACGCCGCTAGACGACC-1,normal
ACGCGAAGTCAGACGA-1,normal
ACGCGGGCCAAGGACA-1,normal
ACGCTAGTGATACACT-1,normal
ACGCTTAGTGTCTCTC-1,normal
ACGGAATTTAGCAAAT-1,normal
ACGGACGCAGCGACAA-1,normal
ACGGACTCTCAAAGCG-1,normal
ACGGAGCGCAAATTAC-1,normal
ACGGATGGTGCGGATA-1,normal
ACGGCACTTGCTTGGG-1,tumor
ACGGCCAACATGGACT-1,normal
ACGGCGACGATGGGAA-1,normal
ACGGGCGTATGCGACA-1,normal
ACGGTACAGTTCAATG-1,tumor
ACGTACAGATTTCTCT-1,normal
ACGTACTTTGGCACGG-1,normal
ACGTAGATTGCTGATG-1,normal
ACGTAGGAGAGTCGCT-1,tumor
ACGTATTACTCCGATC-1,normal
ACGTCCTAAACGAGAT-1,normal
ACGTGCGCCTCGTGCA-1,tumor
ACGTGGTCGAATGTGC-1,normal
ACGTTAATGTCGAAGA-1,normal
ACGTTAGATTTGCCCG-1,tumor
ACGTTATTGGTCACTC-1,tumor
ACGTTCACTATGCCGC-1,normal
ACGTTCCGCGCTCCGT-1,normal
ACGTTCGCAATCAATT-1,tumor
ACGTTCGTTCAGGAAA-1,normal
ACGTTCTGTACAAGTC-1,normal
ACGTTGTCGTTGAAAG-1,normal
ACGTTTAGTTGTGATC-1,normal
ACTAAGGACGCACACC-1,normal
ACTAATACGTCAGGCG-1,normal
ACTACAAAGAGAGGTG-1,normal
ACTACCATCCGAGGGC-1,normal
ACTACGCGTTAGAATT-1,normal
ACTAGTTGCGATCGTC-1,normal
ACTATATGCTGTGTTC-1,normal
ACTATCCAGGGCATGG-1,normal
ACTATCTGCCCGCGTA-1,normal
ACTATGTCCAGCTGCC-1,normal
ACTATTCGTCCGTGGT-1,normal
ACTATTTCCGGGCCCA-1,normal
ACTCAAGTGCAAGGCT-1,normal
ACTCAATAAAGGCACG-1,normal
ACTCAGACCTGCTTCT-1,tumor
ACTCCAATATCATCAT-1,normal
ACTCCCGAATTCGTTT-1,normal
ACTCCCGTAGACTAGG-1,normal
ACTCCCTAATGCTAAA-1,normal
ACTCCCTAGAATAGTA-1,normal
ACTCCGGCCGACCACT-1,normal
ACTCGCCGTTCGATAA-1,normal
ACTCGCGATCTGACGC-1,normal
ACTCGTCAGTAATCCC-1,normal
ACTCTCTGACTTAGGT-1,normal
ACTCTCTTATACACGA-1,normal
ACTCTGACCTAATAGA-1,normal
ACTCTTCAGCTCCCGC-1,normal
ACTCTTGTATAGTAAC-1,normal
ACTGAAACGCCGTTAG-1,normal
ACTGAATGGCGAAAGT-1,normal
ACTGATTTAGTGATTC-1,normal
ACTGCCCGCCATTCTC-1,normal
ACTGCCGTCGTAACTC-1,normal
ACTGCGGACACACCGT-1,normal
ACTGGCGAACCTGCGT-1,normal
ACTGGGATGCCAGTGC-1,normal
ACTGTACGATACACAT-1,normal
ACTGTAGCACTTTGGA-1,normal
ACTGTATACGCGAGCA-1,normal
ACTGTCCAGGATTATA-1,normal
ACTGTCTTCTTTAGAA-1,normal
ACTGTGCTAGTAGATC-1,normal
ACTGTTTAGTGTAGGC-1,normal
ACTTACCGGGCGCGCA-1,normal
ACTTACGCATCCACGC-1,normal
ACTTAGTACGACAAGA-1,normal
ACTTATACTTACCCGG-1,normal
ACTTATCTGATCTATA-1,tumor
ACTTATTAGGATCGGT-1,normal
ACTTATTTATGTGCCA-1,normal
ACTTCAGGCTGATCCC-1,normal
ACTTCCATGCGGGACA-1,normal
ACTTCGCCATACGCAC-1,normal
ACTTCGCTAGCGAGTG-1,normal
ACTTGACTCCCTCTTT-1,normal
ACTTGCCATATTGTAC-1,normal
ACTTGGGACCCGGTGG-1,normal
ACTTGGGCTTTCGCCA-1,normal
ACTTGTGGATGGAACG-1,normal
ACTTGTTACCGGATCA-1,normal
ACTTTACCCTCATGAA-1,normal
ACTTTCCTATAGCTTC-1,normal
AGAAATTATGACTCGC-1,normal
AGAACCCAGCGTGACA-1,normal
AGAACGTGGTACATTC-1,normal
AGAAGAGCGCCGTTCC-1,tumor
AGAAGGTTGCCGAATT-1,normal
AGAAGGTTGTAGGTCG-1,normal
AGAATGCGGGTTCGGA-1,normal
AGAATTATGGATTCGA-1,tumor
AGAATTGTTTGACATA-1,normal
AGACATAGATCCTTCC-1,normal
AGACCATGGGATACAA-1,normal
AGACCCACCGCTGATC-1,normal
AGACCCGCCCTCCTCG-1,normal
AGACCGCTCCGCGGTT-1,normal
AGACGAAGTGCCGGTC-1,normal
AGACGACGATGCCGCT-1,normal
AGACGGGCCGATTTAA-1,normal
AGACTAGCCTTCCAGA-1,tumor
AGACTGTTACCGGGTC-1,normal
AGAGAAACACCAGAAA-1,normal
AGAGAACCGTCTAGGA-1,normal
AGAGAAGGAGTACAAT-1,normal
AGAGCCGCCGAGATTT-1,normal
AGAGCGCTTGTAACGG-1,normal
AGAGCGGGCTAATCAT-1,normal
AGAGCGTACAAGCTCG-1,normal
AGAGCTACGAAAGCAT-1,tumor
AGAGGCTTCGGAAACC-1,normal
AGAGGGACAATTGTCC-1,normal
AGAGGTATCTCGGTCC-1,normal
AGAGTAAACTTCACTA-1,normal
AGAGTATAGTGTTACG-1,tumor
AGAGTTAGAGACCGAT-1,normal
AGAGTTGCAGGCCTCC-1,normal
AGATAACTTCAGGGCC-1,tumor
AGATACCAGCACTTCA-1,normal
AGATACCGGTGTTCAC-1,tumor
AGATACGACTTCATAT-1,normal
AGATACTCAAGATCGA-1,normal
AGATATAATACGACTA-1,normal
AGATCGTGCATAAGAT-1,normal
AGATCTCAGGTGTGAT-1,normal
AGATGACTCGCCCACG-1,normal
AGATGAGGGTTGCGAT-1,normal
AGATGATGGAGTCTGG-1,normal
AGATTATAGGACGTTT-1,normal
AGCAAAGGCCGCTAGT-1,normal
AGCAACATATCTTATT-1,normal
AGCACACGTTTAGACT-1,normal
AGCACCAGTACTCACG-1,normal
AGCACTACCTCACCAG-1,normal
AGCACTTAAGGACGCC-1,normal
AGCAGAAGGAGAAAGA-1,normal
AGCAGCCAGATGAATA-1,normal
AGCAGTCGAAGCATGC-1,normal
AGCATATCAATATGCT-1,normal
AGCATCGTCGATAATT-1,normal
AGCATTACGAGGCAAG-1,normal
AGCCAAGCTTTGTGTC-1,normal
AGCCACAGGTTACCCG-1,normal
AGCCACTCCCGTGCTT-1,normal
AGCCATATAGTATGTG-1,normal
AGCCCGCAACAAGCAG-1,normal
AGCCCGGCATTAGAGG-1,normal
AGCCCGGTAGCCTGTA-1,normal
AGCCCTAAGCGAAGTT-1,normal
AGCCCTCCCTGGTGGC-1,normal
AGCCCTGTCGCACCGT-1,normal
AGCCCTTCTAATCCGA-1,normal
AGCCTTAAAGCGGAAG-1,normal
AGCGACAGGAACGGTC-1,normal
AGCGACATCCCATTCA-1,normal
AGCGACCAACGATATT-1,normal
AGCGACTTTGAAGACA-1,normal
AGCGAGACGTGAAGGC-1,normal
AGCGCATAATGAATCG-1,normal
AGCGCGGGTGCCAATG-1,normal
AGCGCTAGAGCGATGT-1,normal
AGCGCTTATGGGCAAG-1,normal
AGCGGACACTTCGTAG-1,normal
AGCGGGAAGGGTCCAT-1,normal
AGCGGGTCTGACACTC-1,tumor
AGCGGTTGCCGCTCTG-1,tumor
AGCGTACGAGAGCTAG-1,tumor
AGCGTGGTATTCTACT-1,normal
AGCTAACAAGCAATGT-1,normal
AGCTAAGCTCCGTCCG-1,normal
AGCTAAGTACGCAGGC-1,normal
AGCTAGAAGCAGAAGT-1,normal
AGCTATTTAATCCAAC-1,normal
AGCTCCATATATGTTC-1,normal
AGCTCCTTCGCACATC-1,normal
AGCTCGTTGATGGAAA-1,normal
AGCTCTAGACGTTCCA-1,normal
AGCTCTTCCCAGTGCA-1,normal
AGCTCTTCGTAACCTT-1,normal
AGCTCTTTACTCAGTT-1,normal
AGCTGAAGTAAACCAA-1,tumor
AGCTGTAACCTCAATC-1,normal
AGCTTATAGAGACCTG-1,normal
AGCTTCTTCTCGAGCA-1,normal
AGGAAAGCCTCTGATG-1,tumor
AGGAAGCTGTCCGCCG-1,normal
AGGACAGTCGAATCCC-1,normal
AGGACATCGCACGTCG-1,normal
AGGACGACCCATTAGA-1,tumor
AGGACGCTCGATGTTG-1,normal
AGGAGACATCCACAGT-1,tumor
AGGAGAGTCTGGCTAC-1,normal
AGGAGGCCTTCGCGCG-1,normal
AGGATAAAGTCGGGAT-1,normal
AGGATATAGGGATTTA-1,normal
AGGATATCCGACTGCA-1,normal
AGGATTGCTTACGACA-1,normal
AGGCAAAGAGGAATCA-1,normal
AGGCACGTGACTGTCC-1,normal
AGGCAGATGCGTAAAC-1,normal
AGGCAGGGAGCGTACT-1,normal
AGGCATTGTCGTAGGG-1,normal
AGGCCACATTGGTTAC-1,normal
AGGCCACCCGTTATGA-1,normal
AGGCCCAGTGACTGGT-1,tumor
AGGCCTATCATACCAA-1,normal
AGGCCTGAGAATCTCG-1,normal
AGGCGTCTATGGACGG-1,normal
AGGCTATGGTTAGCTT-1,normal
AGGCTTAAGTTGCACA-1,normal
AGGCTTCCCGAAGAAG-1,normal
AGGCTTGCTAGACACC-1,normal
AGGGAAACGAGGTACT-1,normal
AGGGACAGCACGGCGG-1,normal
AGGGACCGGCTGCGTT-1,normal
AGGGACTCTACGCGAC-1,normal
AGGGAGACATACTTCG-1,normal
AGGGCAGCGGCGTGGT-1,tumor
AGGGCGTGATCGGCTA-1,normal
AGGGCTGCAGTTACAG-1,normal
AGGGTCAGAGCACTCG-1,normal
AGGGTCAGTAACCCTA-1,normal
AGGGTCGATGCGAACT-1,normal
AGGGTGCCGTTCTTTA-1,normal
AGGGTGCTCTCGAGGG-1,normal
AGGGTTCAGACGGTCC-1,normal
AGGGTTCCCTTTGGTT-1,normal
AGGGTTTAGTTCGGGA-1,normal
AGGTAACCTCCTATTC-1,tumor
AGGTACGATATTGCCA-1,normal
AGGTAGATCGAGATAT-1,normal
AGGTAGGTACAAAGCT-1,tumor
AGGTATAATTGATAGT-1,normal
AGGTATGCGGACATTA-1,normal
AGGTCGCGGAGTTACT-1,normal
AGGTGCACGTCCACAT-1,normal
AGGTGGTGACCTTCGC-1,normal
AGGTTACACCATGCCG-1,normal
AGGTTGAGGCACGCTT-1,normal
AGGTTTCACACACCTT-1,normal
AGTAACGTTCATCCTG-1,normal
AGTAACTATAGCAGCC-1,normal
AGTAATCTAAGGGTGG-1,tumor
AGTAATGTCTTGCCGC-1,normal
AGTACAGAAGCTTATA-1,normal
AGTACATCATTTATCA-1,normal
AGTACCTTCGAGTGCT-1,normal
AGTACGGGCACCTGGC-1,normal
AGTACGTGGCCTGTCT-1,normal
AGTACTCTTATGCCCA-1,normal
AGTAGAAGGCGCCTCA-1,normal
AGTAGCGTGAACGAAC-1,normal
AGTAGCTAGACGCCGA-1,tumor
AGTAGGAAGGAAGTTG-1,normal
AGTAGGTAACATACAT-1,tumor
AGTATAATACTAGGCA-1,normal
AGTATACACAGCGACA-1,tumor
AGTATGCTGGAGACCA-1,normal
AGTATTTGGCACGACC-1,normal
AGTCAAATGATGTGAT-1,normal
AGTCAACACCACCATC-1,normal
AGTCAAGATGACACTT-1,normal
AGTCACTAGCTCTCGA-1,normal
AGTCAGCCACCGCCTG-1,normal
AGTCCATTGGCTGATG-1,normal
AGTCCCGCCTTTAATT-1,normal
AGTCCCTCGCAGAAAG-1,normal
AGTCGACGGTCTCAAG-1,normal
AGTCGGTTGCGTGAGA-1,normal
AGTCGTATAAAGCAGA-1,normal
AGTCGTCGACCACCAA-1,normal
AGTCGTGGGCATTACG-1,normal
AGTCTAAAGTATACTC-1,normal
AGTCTCACAAGACTAC-1,normal
AGTCTGGACATCCTTG-1,normal
AGTCTTCTCCTCAAAT-1,normal
AGTCTTTAAAGTGTCC-1,normal
AGTGAACAAACTTCTC-1,normal
AGTGAAGATGGTGTCC-1,normal
AGTGACCTACTTTACG-1,normal
AGTGACTGTGACACAA-1,normal
AGTGAGACTTCCAGTA-1,normal
AGTGAGCCTCGCCGCC-1,normal
AGTGAGGGTTTCTGAC-1,normal
AGTGAGTCGAATTAAC-1,normal
AGTGATAACCTGCGCG-1,normal
AGTGATATGAGTAGTT-1,normal
AGTGATTCAAGCAGGA-1,normal
AGTGCACGCTTAAGAA-1,normal
AGTGCGTAGCTCGTAA-1,normal
AGTGCTAAACACAGCA-1,normal
AGTGCTTGCACGAATA-1,tumor
AGTGGCGGCAATTTGA-1,normal
AGTGGCGTCTGAAGGT-1,normal
AGTGTATTGCGCATTG-1,normal
AGTGTGGTCTATTGTG-1,normal
AGTTAAACACTTGCGA-1,normal
AGTTAAGCGGTCCCGG-1,normal
AGTTACCGCACATGGT-1,normal
AGTTACTCTATCGTGG-1,normal
AGTTATTGAAAGGTAA-1,normal
AGTTCCTACAGAATTA-1,normal
AGTTCCTATTTATGTT-1,normal
AGTTCTGCGTTGTATC-1,tumor
AGTTGACATCGGCTGG-1,normal
AGTTGACGGTCCTTGC-1,normal
AGTTGCTGACTGATAT-1,normal
AGTTGGCAAGGCTAGA-1,normal
AGTTTATGTAAAGACA-1,tumor
AGTTTCGCAGGTCGGA-1,tumor
AGTTTGCACCTGCCTC-1,normal
AGTTTGGCACGGGTTG-1,normal
ATAAACCATTGGACGG-1,normal
ATAAACGGACCCGTAA-1,normal
ATAAACGTTGCACCAC-1,normal
ATAAAGGCTCGGTCGT-1,normal
ATAAAGGTCAAGTACG-1,normal
ATAACGCCGGAGGGTC-1,normal
ATAACGGAGTCCAACG-1,normal
ATAACGTTACCTCCAC-1,normal
ATAAGCAAACACCGAG-1,normal
ATAAGGTGGAGAACAT-1,normal
ATAAGTACCCGATTGT-1,normal
ATAAGTAGGATTCAGA-1,normal
ATAAGTAGGGCGACTC-1,normal
ATAAGTTACCGCGACG-1,normal
ATAATACCGTTAGCCG-1,normal
ATAATAGCTGTTGAAT-1,normal
ATAATAGTGTAGGGAC-1,normal
ATAATCTTGGAGAACC-1,normal
ATAATTAGCTAAGTAG-1,normal
ATACAGGCCCTCCAAT-1,normal
ATACCAGCAAATTGCT-1,normal
ATACCAGGCTAATAGA-1,tumor
ATACCAGGTGAGCGAT-1,normal
ATACCGTCATCCATAA-1,normal
ATACCTAACCAAGAAA-1,normal
ATACGAAGGCTTTCCA-1,normal
ATACGAGGTTTGTAAG-1,normal
ATACGCCGATCTACCG-1,tumor
ATACGCCGGCGAAACC-1,normal
ATACGGGTTTCGATTG-1,normal
ATACGTACTTAGCCAC-1,normal
ATACGTCCACTCCTGT-1,normal
ATACGTTATGCACGGA-1,normal
ATACTACCCGTACCAC-1,normal
ATACTAGCATGACCCT-1,tumor
ATACTCTCGCCACTCT-1,normal
ATACTGCCTTACACCG-1,normal
ATAGACAACGGGACCT-1,normal
ATAGACGAAGAGAAAG-1,tumor
ATAGAGTTATCAACTT-1,normal
ATAGATTTGCAGTCGG-1,normal
ATAGCAACTAGGGAAG-1,normal
ATAGCCTCAGTACCCA-1,normal
ATAGGAATCTAAGCTT-1,normal
ATAGGCTAGCTTCGCA-1,normal
ATAGGGATATCCTTGA-1,normal
ATAGGTTGGGCAGATG-1,normal
ATAGTCTTTGACGTGC-1,tumor
ATAGTGAAGCGTTCTC-1,tumor
ATAGTTCCACCCACTC-1,normal
ATATAAAGCGCTCGTG-1,normal
ATATAAATGTAGCTGC-1,normal
ATATAACACGGGCGCA-1,normal
ATATCAACCTACAGAG-1,normal
ATATCGGTAGGGAGAT-1,normal
ATATCGTGCCAGACCC-1,normal
ATATCGTTCCTCGAAC-1,normal
ATATCTCCCTCGTTAA-1,normal
ATATCTTAGGGCCTTC-1,normal
ATATGGGATAGCAACT-1,normal
ATATGTCTAGAGCGTG-1,normal
ATATGTCTCCCTAGCC-1,normal
ATATGTGCACAAACCA-1,normal
ATATTCAGTTAAACCT-1,normal
ATATTCCACATAGTGA-1,normal
ATATTCCCACAGGTCA-1,tumor
ATATTGCTGTCAAAGT-1,normal
ATATTTAACCCTCAAG-1,normal
ATCAAACACTGTTCCA-1,normal
ATCAAACGAAGGTTTG-1,normal
ATCAAAGAGCCGTGGT-1,normal
ATCAAGATCCCAGGAC-1,normal
ATCAATCTGGGCTGCA-1,normal
ATCACATTAGAATATC-1,normal
ATCACGTGCTAATTAA-1,normal
ATCACTTCATCCTCGC-1,tumor
ATCAGACGGCACGCCG-1,tumor
ATCAGCCTCATGCTGC-1,normal
ATCAGGTAGCTGACAG-1,normal
ATCAGGTCGCCATTGC-1,normal
ATCAGTAGGCAGGGAT-1,normal
ATCATAGATCGACGAG-1,normal
ATCATAGCCCTATGTA-1,tumor
ATCATCCAATATTTGT-1,normal
ATCATGGACTACCGAC-1,normal
ATCCAACGCAGTCATA-1,normal
ATCCACATCGACAGAA-1,normal
ATCCACGCTAAATGTT-1,normal
ATCCACTTTCAGACTA-1,normal
ATCCAGAGCAACAACC-1,tumor
ATCCAGGATTCGTGAA-1,normal
ATCCCATTTCCGTGGG-1,normal
ATCCTACCTAAGCTCT-1,normal
ATCCTGCGTGGAATGG-1,tumor
ATCCTGCTGCAGATAG-1,normal
ATCCTTCTGAAAGAAC-1,normal
ATCGACCCAATACAGA-1,normal
ATCGACTCTTTCCGTT-1,normal
ATCGCACGATTGTTCA-1,tumor
ATCGCACGCCGGGAGA-1,normal
ATCGCCAGTCAACATT-1,normal
ATCGCTGCGTGCAGCA-1,tumor
ATCGCTTTACGTCTCA-1,normal
ATCGGAGACAGACGGC-1,normal
ATCGGCAAGCAGTCCA-1,normal
ATCGTCCAATCGAGTC-1,tumor
ATCGTTAGCTAGCGGA-1,normal
ATCGTTCACTTTCGCC-1,normal
ATCTAATATCCTACGG-1,normal
ATCTACCATCTGCTCC-1,normal
ATCTAGCTTGTGAGGG-1,normal
ATCTCCCACGGAATAT-1,normal
ATCTCCCTGCAATCTA-1,normal
ATCTCGTGAGCGAAAC-1,normal
ATCTGACATGGAAGGA-1,normal
ATCTGATAGTGTCTTA-1,normal
ATCTGCACCTCTGCGA-1,normal
ATCTGCTGTTATCGCC-1,normal
ATCTGGGCTGTTCTTG-1,normal
ATCTGGTTAAGACTGT-1,normal
ATCTGTAATTGTACCC-1,tumor
ATCTTATCGCACACCC-1,normal
ATCTTGACCTGCAACG-1,tumor
ATCTTGACTTGTCCAA-1,normal
ATCTTTCGTATAACCA-1,normal
ATGAAGCCAAGGAGCC-1,normal
ATGACGCCGGCTCTAA-1,normal
ATGACGCGTTCTATCC-1,normal
ATGACTATCAGCTGTG-1,normal
ATGACTATGCGACATT-1,normal
ATGAGGAGTGTTAATC-1,normal
ATGAGGGCAGCGGCTA-1,normal
ATGATCGGGAATAGAC-1,tumor
ATGATGCAATGGTACA-1,normal
ATGCATGATCCAGGAT-1,normal
ATGCATTCCGTGATGG-1,normal
ATGCCAATCGCTCTGC-1,tumor
ATGCCATTTGCGACCA-1,normal
ATGCCGGTCTTGCATA-1,normal
ATGCCGGTTGATGGGA-1,normal
ATGCGACAATTGGTCC-1,normal
ATGCGACAGTCCCATT-1,normal
ATGCGAGTCCCACCAC-1,normal
ATGCTCAGTGTTGCAT-1,normal
ATGCTCTGGCGCGGTA-1,normal
ATGCTTAGGAGTTGAT-1,normal
ATGGAACCTTTGCACA-1,normal
ATGGACTGCTTAGTTG-1,normal
ATGGAGCAGGCCGTGA-1,normal
ATGGATCCGGCGTCCG-1,normal
ATGGATTGACCAAACG-1,normal
ATGGCGGAATAGTCGC-1,tumor
ATGGCTGGAAATGGCC-1,normal
ATGGGAACGGAAGCGG-1,normal
ATGGGACCTGCTGAAC-1,normal
ATGGGCCTCGGCCTCT-1,normal
ATGGGTGTATACCTCC-1,normal
ATGGTATTGGGAACCG-1,tumor
ATGGTCGCGTGGTTTC-1,normal
ATGGTGCTCAAAGCCA-1,normal
ATGGTTACGAAACATG-1,tumor
ATGTAAGGCTGCTCTT-1,normal
ATGTACGATGACGTCG-1,normal
ATGTAGCGCGCGTAGG-1,tumor
ATGTCATAATAAACGA-1,normal
ATGTCTTGTTTGACTC-1,normal
ATGTGCATCCGACGCA-1,normal
ATGTGGACATCTTGAT-1,normal
ATGTGTAGTTTAGTCA-1,normal
ATGTTACGAGCAATAC-1,normal
ATGTTGATTAGAGACT-1,normal
ATGTTGTAGTCTGTTT-1,normal
ATGTTTCGGCCCGGAG-1,normal
ATTAAACATGCGGACC-1,normal
ATTAATACTACGCGGG-1,normal
ATTAATGAACCAGTCG-1,normal
ATTAATTCGGTCACTC-1,normal
ATTACAACTACCGGCC-1,normal
ATTACATGTCAGTCTT-1,normal
ATTACCACACTGCCTG-1,normal
ATTACGACTCCACAGT-1,normal
ATTACTAGCCTCTTGC-1,tumor
ATTACTTACTGGGCAT-1,normal
ATTAGATTCCTCAGCA-1,normal
ATTAGATTGATAGCGG-1,normal
ATTAGGCGATGCTTTC-1,normal
ATTATACTTTGCTCGT-1,normal
ATTATAGCTACTTTAC-1,tumor
ATTATCGGAATGTACG-1,normal
ATTATCTCGACAGATC-1,tumor
ATTATGCCATAGGGAG-1,tumor
ATTATTATGTCCGTCA-1,normal
ATTATTCAGAGTCACT-1,normal
ATTCAACCATTTAAGG-1,normal
ATTCACTGATGTTGGA-1,normal
ATTCAGGACCTATTTC-1,normal
ATTCAGTAGCAGGGTC-1,normal
ATTCATATACTGTCCA-1,normal
ATTCATCGTTGAGGCA-1,normal
ATTCCCACATAAACAA-1,normal
ATTCCTAAGACGTGGA-1,normal
ATTCCTTCCAGGCGGT-1,normal
ATTCGCAGAGGACACT-1,normal
ATTCGCGCCTTGAGAG-1,normal
ATTCGTGCTATCTCTT-1,normal
ATTCTCGTCTCTTTAG-1,tumor
ATTCTGAGTATGAACT-1,normal
ATTCTTCGTACTTATG-1,normal
ATTGAAGATCTTAGTG-1,normal
ATTGACCGGCGATGAC-1,normal
ATTGACGTAACTCGGT-1,tumor
ATTGATAGCAACGAGA-1,normal
ATTGATGAGTCCTAAC-1,normal
ATTGCCTATTAGACCG-1,normal
ATTGCCTTTATGTTTG-1,normal
ATTGCGATCAGTAACT-1,normal
ATTGCTGCTCCTCCAT-1,normal
ATTGGATTACAGCGTA-1,normal
ATTGGGAATATCTTGG-1,tumor
ATTGGGAGTTCTGTAA-1,normal
ATTGGTTGTGCATTAC-1,normal
ATTGTACAACTCGGCT-1,normal
ATTGTCGCAATACCTT-1,normal
ATTGTCTGTTTCATGT-1,normal
ATTGTGACTTCGCTGC-1,normal
ATTTAACTCGTATTAC-1,normal
ATTTACAGTTTACTGG-1,normal
ATTTACTAAGTCCATT-1,tumor
ATTTATACTGGTAAAG-1,normal
ATTTCATTATTTCGCG-1,tumor
ATTTCCGGGTTCTGCG-1,normal
ATTTGCCTAGTTACGA-1,normal
ATTTGCGCGAGTAGCT-1,normal
ATTTGTCTTGGGAGCT-1,normal
ATTTGTTCCAGGGCTC-1,normal
CAAACCCTCCGGCGGG-1,normal
CAAACGAGTATCGCAG-1,normal
CAAACGGTCGCACTTT-1,normal
CAAACGTGGTCTTGCG-1,normal
CAAACTACGATAGAGA-1,normal
CAAACTATTGAGCTTC-1,normal
CAAACTCGCGACGCCG-1,normal
CAAAGATTATTGGGCC-1,normal
CAAAGGTCATCTGAAA-1,normal
CAAAGGTTAAATTCAG-1,tumor
CAAAGTCAGGTTAGCT-1,tumor
CAAATGCGGAGTGTTC-1,normal
CAAATGTCCTTCCGTG-1,normal
CAAATTGGATTATGCC-1,normal
CAAATTGTCAGCAAGC-1,normal
CAACACATCTCCTGCC-1,normal
CAACAGTGCCAAACGG-1,normal
CAACCTACCGAGCAGT-1,normal
CAACCTGAACCTGCCA-1,tumor
CAACGACCCGTTTACA-1,tumor
CAACGCGATGAGCCAA-1,normal
CAACGGTTCTTGATAC-1,normal
CAACGTGGTGGAGTCT-1,normal
CAACTATATCGAATGC-1,normal
CAACTCCAACGTTTAG-1,normal
CAACTCCGTAACTTGC-1,normal
CAACTCCTTGATCCCG-1,normal
CAACTGAGGGTATGAC-1,normal
CAACTGCTCATCCGAT-1,normal
CAACTTGTAGTGGGCA-1,tumor
CAAGAAACCCTAAACT-1,normal
CAAGACTCAGAAGCGC-1,normal
CAAGAGGGCGGAGTAC-1,normal
CAAGATATTATAACGT-1,normal
CAAGCAACGTCGGAGT-1,normal
CAAGCACCAAATGCCT-1,normal
CAAGCGGCACATAATT-1,normal
CAAGGATCGCATGTTC-1,normal
CAAGGCCAGTGGTGCA-1,normal
CAAGGTCCTATAGGCT-1,normal
CAAGTAAGTGATAGAC-1,normal
CAAGTCGTTGAAATCT-1,normal
CAAGTGAACTTTGGTT-1,normal
CAAGTGTGGTTGCAAA-1,normal
CAATAAACCTTGGCCC-1,normal
CAATACGAGAGTCTGA-1,normal
CAATATGTAGATTTAC-1,normal
CAATATTCTTGACCTA-1,normal
CAATATTGGACTAGTG-1,tumor
CAATCCCTATACCAGC-1,normal
CAATCCTGCCGTGGAG-1,normal
CAATGACCCTTAATTT-1,normal
CAATGAGGTTCGACTA-1,normal
CAATGGAATCTACATA-1,normal
CAATGGATCTCTACCA-1,normal
CAATGGTCGGCCTGGG-1,normal
CAATGTGCCAACCCTT-1,normal
CAATTAAGGGTGATGA-1,normal
CAATTTCGTATAAGGG-1,normal
CACAAACCGCAGAACT-1,normal
CACAAGAAAGATATTA-1,normal
CACAATGAGCTGCTAT-1,normal
CACACACGCTAACGAG-1,normal
CACACAGCTTGCGCTC-1,tumor
CACACAGGGATAGATT-1,normal
CACACGCGCTGTCTTA-1,normal
CACACGTTTCAATGGG-1,normal
CACACTTGTATTGCGA-1,normal
CACAGCACCCACGGCA-1,normal
CACAGCTAGGGAGTGA-1,normal
CACAGGGCCATATAGT-1,normal
CACAGGGCCGTTGTCA-1,normal
CACAGTTCGCTTCCCA-1,normal
CACATATTAGCAGGAT-1,normal
CACATCGTGCACGCGC-1,normal
CACATCTCACCGACGA-1,normal
CACATGATTCAGCAAC-1,normal
CACATGTTTGGACATG-1,tumor
CACATTCTTTCGATGG-1,normal
CACATTTCTTGTCAGA-1,normal
CACCATCGGAGGAGAC-1,tumor
CACCATGATCGCAAAG-1,normal
CACCCAAATCTTATGT-1,normal
CACCCACACGTCACCC-1,tumor
CACCCACGAGGCAATT-1,normal
CACCCGGTTTGTGACT-1,normal
CACCCTAACAAGATCT-1,normal
CACCCTTTCCTCGCTC-1,tumor
CACCGATACACCGAGC-1,normal
CACCGCCAGAAGGTTT-1,normal
CACCGCCGACCAGCGA-1,normal
CACCGCGTCCACTCTA-1,normal
CACCGGAGATATCTCC-1,normal
CACCGTATCCCATCCG-1,normal
CACCGTTAGGGATCAC-1,normal
CACCTAATAGAGTCGT-1,normal
CACCTAATCAGTTTAC-1,normal
CACCTCGATGGTGGAC-1,normal
CACCTTGCGAAACTCG-1,normal
CACCTTGGCGCCTTTG-1,normal
CACGAAAGTTAGTCCC-1,tumor
CACGACGTAATAGTAA-1,normal
CACGACTAAAGTTCTG-1,normal
CACGAGCAAACCAGAC-1,tumor
CACGATTGGTCGTTAA-1,normal
CACGCACAGCGCAGCT-1,normal
CACGCAGCGAGGCTTT-1,tumor
CACGCGGAACTGTTGC-1,normal
CACGGACGTGGATGGC-1,normal
CACGGCGCGCCAAAGG-1,normal
CACGTCGGCAACCTCT-1,normal
CACGTCTATGATGTGG-1,normal
CACGTTCGTGCTCTAG-1,tumor
CACGTTTCGTACACAC-1,normal
CACTAAAGTTGCCTAT-1,normal
CACTACGGGAGCTGCC-1,normal
CACTACTCAGTTCTGT-1,tumor
CACTCAAGAGCTATGG-1,normal
CACTCAGCTCTTGAGG-1,tumor
CACTCCTATGTAAGAT-1,normal
CACTCCTCTCGGTCGG-1,normal
CACTCGAGCTGAACAA-1,normal
CACTCTCAAGCATCGA-1,normal
CACTCTTCTGCTAGCC-1,normal
CACTGACGATTGTGGA-1,tumor
CACTGTCCAAGTGAGA-1,normal
CACTTAATCAGACGGA-1,normal
CACTTCGCCACAGGCT-1,normal
CACTTCGTCTTATCTC-1,normal
CAGAACTTAGCCCTCT-1,normal
CAGAATAACACACGGA-1,normal
CAGAATATTCGTTATC-1,tumor
CAGACACCGATCGCTG-1,normal
CAGACCTGTAAGTGTT-1,normal
CAGACGAACCTGATAC-1,tumor
CAGAGACGGTCACCCA-1,normal
CAGAGCATGAGCTTGC-1,normal
CAGAGGCGATGCATGA-1,normal
CAGAGTGATTTAACGT-1,normal
CAGATAATGGGCGGGT-1,normal
CAGATATGAAGATGAC-1,normal
CAGATCATTTAAAGTC-1,tumor
CAGCAGCCCGTTCCTT-1,normal
CAGCAGTCCAGACTAT-1,normal
CAGCAGTCTGTGCTGC-1,normal
CAGCCCTCACAGGCAG-1,normal
CAGCCGGGCCCTCTAT-1,normal
CAGCCTCCTGCAGAGG-1,normal
CAGCCTCTCCTCAAGA-1,normal
CAGCGATTCCCTTCAA-1,normal
CAGCTCACTGAGACAT-1,normal
CAGCTCGACAAGTTAA-1,normal
CAGCTCTGGGCTCACT-1,normal
CAGGAAGACTTTATAT-1,normal
CAGGACAGCTGCCCTT-1,normal
CAGGATATATCGTTGT-1,normal
CAGGATCCGCCCGACC-1,normal
CAGGCAGTCTTACCAG-1,normal
CAGGCCGTTTGGGTGT-1,tumor
CAGGCGCACGGTGGTC-1,normal
CAGGCGCCATGCTAGG-1,normal
CAGGGAGATAGGCCAG-1,tumor
CAGGTTTAGTACTACA-1,normal
CAGTAACTATTTATTG-1,normal
CAGTAATCCCTCCCAG-1,normal
CAGTACATTCTCTAAA-1,normal
CAGTAGCCCACGCGGT-1,normal
CAGTCCAACGCCTTCT-1,normal
CAGTCGAGGATGCAAT-1,normal
CAGTCTCTCGGCTAAT-1,tumor
CAGTCTGTATACTGGG-1,normal
CAGTGAATAAATGACT-1,normal
CAGTGGTTGCACATGA-1,normal
CAGTGTCCGCAGAATG-1,normal
CAGTGTCGGCTGGCCC-1,normal
CAGTTCAAATTGACAC-1,normal
CAGTTCCGCGGGTCGA-1,normal
CAGTTCGAGGACCCGA-1,normal
CATAACGGACAGTCGT-1,normal
CATAAGAAGCTTGGCT-1,normal
CATAATGAGCGGGCGA-1,normal
CATACAAAGCCGAACC-1,normal
CATACACGGTTCCCAC-1,normal
CATACGAACTAGCTGG-1,normal
CATACGGCGTCTGGGC-1,normal
CATACGGGTGCATGAT-1,tumor
CATACTATGTAATTGT-1,normal
CATACTTAGGCAATAC-1,normal
CATACTTCTTTCTCCG-1,normal
CATAGAGGAGATACTA-1,normal
CATAGCCGCCCGGGAT-1,normal
CATAGCGTTGCCCACC-1,normal
CATAGGGACACTTGTG-1,tumor
CATAGTACATTGAGAG-1,normal
CATAGTAGCATAGTAG-1,normal
CATAGTCAAATACATA-1,normal
CATAGTCCACAAGAAC-1,tumor
CATATACTACTGATAA-1,normal
CATATAGGTACAGTCA-1,normal
CATATTATTTGCCCTA-1,normal
CATCAAACTGGCGCCC-1,normal
CATCATCTACCCGGAC-1,tumor
CATCATTACCCTGAGG-1,normal
CATCCCGAGATTCATA-1,normal
CATCCGCAGGCCCGAA-1,normal
CATCCTCTCAAAGATC-1,normal
CATCGAATGGATCTCT-1,tumor
CATCGGACGGGTTAAT-1,normal
CATCTACCCGAGAACG-1,normal
CATCTAGTGAAGGGAA-1,normal
CATCTATCCCGTGTCT-1,normal
CATCTTACACCACCTC-1,normal
CATGAACCGACATTTG-1,normal
CATGAACCTCTTATCA-1,tumor
CATGACTTCGCTGAAT-1,normal
CATGAGATGCACTCTC-1,normal
CATGAGTCCATCACGG-1,normal
CATGATACGGTGAAAC-1,normal
CATGATGCACAATTCT-1,normal
CATGATGGAAGTTAGC-1,normal
CATGCACATGAGAGGC-1,tumor
CATGCACGTGTTACTG-1,tumor
CATGCATGGAGACCCT-1,tumor
CATGCGACCAGTTTAA-1,normal
CATGCGTTAGACAGAA-1,normal
CATGCGTTGAGAGGAG-1,normal
CATGCTGGCTCCAATT-1,tumor
CATGGAAATGGGACCA-1,normal
CATGGATTGTCTTCCG-1,normal
CATGGCAGGAAGATCG-1,tumor
CATGGGTATGCCTTAT-1,normal
CATGGGTCGGGTGTGG-1,normal
CATGGTAAGTAGCGTT-1,normal
CATGGTCTAGATACCG-1,normal
CATGGTTTATTAATCA-1,normal
CATGTAAGAGACATTT-1,normal
CATGTAGGAGCGCCAA-1,tumor
CATGTCTCATTTATGG-1,normal
CATTACATAGATTGTG-1,normal
CATTACGCAGGAAGGG-1,normal
CATTACGTCGGCCCGT-1,normal
CATTATAACAGGGTCC-1,normal
CATTATCCCATTAACG-1,normal
CATTATGCTTGTTGTG-1,tumor
CATTCACTGACAGCTA-1,normal
CATTCCCATTCCGTCG-1,normal
CATTCCCTAAGTACAA-1,tumor
CATTGATGAACACGCC-1,normal
CATTGCGGGTCAATTC-1,tumor
CATTGTGTGCTAGATC-1,tumor
CATTTAGCGGACCATG-1,normal
CATTTATCGTTCAAGA-1,tumor
CATTTCTAGCAGACTA-1,normal
CATTTGAGTGGTACGT-1,tumor
CCAAACAGAACCCTCG-1,normal
CCAAAGTCCCGCTAAC-1,normal
CCAAATAACAAGATTC-1,normal
CCAAATCAAAGGGCAA-1,tumor
CCAACCTTATGTAACT-1,normal
CCAACGATGCACTGAT-1,normal
CCAACGCTTGCCAGGG-1,normal
CCAACTTGATAGATCC-1,normal
CCAAGAAAGTGGGCGA-1,normal
CCAAGACTTCTGCGAA-1,normal
CCAAGCGTAACTCGTA-1,normal
CCAAGGAACAGAGAGG-1,normal
CCAAGGTTGCCCTTTC-1,normal
CCAATAGTGCCGTCGA-1,normal
CCAATCGGTAGATCGA-1,normal
CCAATGTCACAGCAAG-1,normal
CCAATTACGGGTCGAG-1,normal
CCACAATGTACGTCTT-1,normal
CCACACTGAGATATTA-1,normal
CCACAGCTGAAATCAT-1,normal
CCACAGTACCCATCCT-1,normal
CCACATACTGCACCCA-1,normal
CCACCAACTTTACTGT-1,normal
CCACCCAAGGAAAGTG-1,normal
CCACGAATTTAACCTC-1,normal
CCACGAGAAGAGAATC-1,normal
CCACGGCAGGTGTAGG-1,normal
CCACGGTGCCCGGTAG-1,normal
CCACGTAAATTAGACT-1,normal
CCACTATCCGGGTCAC-1,normal
CCACTCAGATCCGCAA-1,normal
CCACTGTTTGGATTAA-1,normal
CCAGAAACTGATGCGA-1,normal
CCAGAAAGCAACTCAT-1,normal
CCAGAGACAAAGCCGG-1,normal
CCAGATAGTTGAGTGA-1,normal
CCAGATGTAAATGGGT-1,normal
CCAGCCTGGACCAATA-1,normal
CCAGCGGGATCACCAG-1,normal
CCAGCTACGCCTCATA-1,normal
CCAGCTCGAACGCATT-1,normal
CCAGGGACGTGGCCTC-1,normal
CCAGTAGTCTGATCCA-1,normal
CCAGTCCATTATTCGA-1,tumor
CCAGTCTAGACGGCGC-1,normal
CCAGTCTTGTCATAGA-1,normal
CCATAAACAACCCGAC-1,normal
CCATACCTTTACTTGT-1,normal
CCATAGGTTGGCGTGG-1,normal
CCATAGTCAGTAACCC-1,normal
CCATATGGAAACTATA-1,normal
CCATATTGGATCATGA-1,tumor
CCATCCATACCAAGTC-1,normal
CCATCGCAGTTAAACT-1,normal
CCATCTCACCAGTGAA-1,normal
CCATCTTGTTCACAAT-1,tumor
CCATGCCCTAGATTTC-1,normal
CCATGCCTGTTTAGTA-1,normal
CCATGGCAAACGCTCA-1,normal
CCATGTTCATCTATAT-1,normal
CCATTAGCGATAATCC-1,normal
CCATTCCCTGCCCACA-1,tumor
CCATTGTTTCCTCCAT-1,tumor
CCATTTCTACCTATTA-1,normal
CCCAAACATGCTGCTC-1,normal
CCCAACCACACTAACA-1,tumor
CCCAAGAATGCACGGT-1,normal
CCCAAGACAGAGTATG-1,normal
CCCAAGTCATTACACT-1,normal
CCCAATGAGATTTGCA-1,normal
CCCAGAGGAGGGCGTA-1,normal
CCCAGATTCCCGTGAC-1,normal
CCCAGGAAGAATTCGA-1,normal
CCCAGGTCTGAAGGCT-1,normal
CCCAGTTAAGGCGCCG-1,normal
CCCGACCATAGTCCGC-1,normal
CCCGAGTTTCTCCGTA-1,tumor
CCCGATAGCCTCGCCT-1,normal
CCCGCAAATAATCATC-1,normal
CCCGCAGCGCGAACTA-1,normal
CCCGCAGGGCCCAAAG-1,normal
CCCGCCATGCTCCCGT-1,normal
CCCGCGCAATGCACCC-1,normal
CCCGCTTGCCCTCGTC-1,normal
CCCGGGTCGTTCAGGG-1,normal
CCCGGTGGAAGAACCT-1,normal
CCCGTAGCTGGGAAGA-1,normal
CCCGTCAGCGTCTGAC-1,tumor
CCCGTTTCGCAGATGT-1,normal
CCCTACCCACACCCAG-1,tumor
CCCTACTTGAACAATG-1,normal
CCCTAGCTCTAAGGTC-1,normal
CCCTCAGATCGAGAAC-1,normal
CCCTCATCACAGAGTA-1,tumor
CCCTCATTCTGGAATT-1,normal
CCCTCCTCGCTCGTAT-1,normal
CCCTCGATAATACACA-1,normal
CCCTCGGGAGCCTTGT-1,normal
CCCTGAAATGAGTTGA-1,normal
CCCTGATGTAACTCGT-1,normal
CCCTGGGAGGGATCCT-1,normal
CCCTGGTATGGGCGGC-1,tumor
CCCTTCTCGTACGCGA-1,normal
CCCTTTGACAGGTCTT-1,tumor
CCGAAAGTGGTGAGCA-1,normal
CCGAACCTTCCCGGCC-1,normal
CCGAAGGGCGTACCGC-1,tumor
CCGAAGTATATTGTTC-1,normal
CCGACAAACACATGAG-1,tumor
CCGACAATAGGCCGCC-1,normal
CCGACGGGCATGAGGT-1,tumor
CCGACGTAAACACAAC-1,normal
CCGACTCGCATAGTCT-1,normal
CCGAGAAGTCGCATAA-1,normal
CCGAGCTGTGCTTGTC-1,normal
CCGAGGGATGTTAGGC-1,normal
CCGATCTCAACCTTAT-1,normal
CCGATCTTAAGAGGCT-1,normal
CCGCACAAAGACCAAC-1,normal
CCGCACACGAACGTGT-1,normal
CCGCACGTGACCTCGG-1,normal
CCGCACTTGCAATGAC-1,normal
CCGCATGTGGTACGAT-1,normal
CCGCCACCACAATCCA-1,normal
CCGCCGGTCAACACAC-1,tumor
CCGCCGTTGAGGATAA-1,normal
CCGCCTGCGAATTGGT-1,normal
CCGCGGAATGCGTCAC-1,tumor
CCGCTATCAGCACCAG-1,normal
CCGCTCCAGGGCGATC-1,normal
CCGCTCTTCCGAACTA-1,normal
CCGCTGGTGCCATTCA-1,tumor
CCGCTTACCTCACTCT-1,normal
CCGCTTCGCGGTTAAC-1,normal
CCGCTTGCTGACATGG-1,tumor
CCGGAAGTTATCAGTC-1,normal
CCGGAATGGTTTCAGT-1,normal
CCGGAGCGTACTTTCT-1,normal
CCGGAGGTCTTATGGT-1,tumor
CCGGCACGACCGTTTC-1,normal
CCGGCGCATATTGGAT-1,tumor
CCGGGACCCGCAGAGA-1,normal
CCGGGCGGTCTCGTCA-1,normal
CCGGGCTAAGAATTTC-1,normal
CCGGGCTGCTCCATAC-1,normal
CCGGTAATGGCTAGTC-1,normal
CCGGTTTGTAATTGTG-1,normal
CCGTAAGTTGGTCCCA-1,normal
CCGTACCCAAGCGCCA-1,normal
CCGTAGGAAATCCCTG-1,normal
CCGTAGGGTTGTTTAC-1,normal
CCGTATCTCGTCGTAG-1,normal
CCGTATTAGCGCAGTT-1,normal
CCGTGAGGCATTCATG-1,normal
CCGTGCCCATGACGGC-1,normal
CCGTGGAACGATCCAA-1,normal
CCGTGTTAAATTCCAT-1,normal
CCGTTACGTTAGAACA-1,normal
CCGTTTCCTTTCCGTG-1,normal
CCTAAACAGGGTCCGT-1,normal
CCTAAAGGCTGACGCT-1,normal
CCTAAATTAACGGTTC-1,normal
CCTAAATTGTATCCTA-1,normal
CCTAACCCAAACAAGT-1,normal
CCTAACTAAGGCTCTA-1,normal
CCTACAAGTCCGGAAT-1,normal
CCTACATTCACAGACG-1,normal
CCTACGCGACCTTACA-1,tumor
CCTACGGCTCAGTCGA-1,normal
CCTACTGCGGCGGCCA-1,normal
CCTACTGCTTACACTT-1,normal
CCTAGGCGTAGCGATC-1,normal
CCTAGTTAGTCGCATG-1,tumor
CCTATAATGAGTGCCC-1,normal
CCTATACCGTCCTGTC-1,normal
CCTATATTTGTCCTGG-1,normal
CCTATCTATATCGGAA-1,normal
CCTATGAAGTGGTGCC-1,normal
CCTATGGGTTACCGTC-1,normal
CCTATGGTCAAAGCTG-1,normal
CCTATGTCCACTCCAC-1,normal
CCTCACCAATCTTGAC-1,normal
CCTCACCTGAGGGAGC-1,normal
CCTCACCTTAGCATCG-1,normal
CCTCATGCAGCTACGA-1,normal
CCTCCCGACAATCCCT-1,tumor
CCTCCGACAATTCAAG-1,tumor
CCTCCTGTTGTGTCGT-1,normal
CCTCGAAGTGGACGGG-1,normal
CCTCGACCCACTGCCT-1,tumor
CCTCGCCAGCAAATTA-1,normal
CCTCGCGCGATATAGG-1,normal
CCTCGCGCTGTGCGAT-1,normal
CCTCGGACCGGGATAG-1,normal
CCTCGGTTTCCTTGCC-1,normal
CCTCGTTACGCCTGTT-1,normal
CCTCTAATCTGCCAAG-1,normal
CCTCTACAAGGATTGG-1,normal
CCTCTCTCCCATCTAG-1,normal
CCTCTGGCCTAGACGG-1,normal
CCTCTGTACTATTCTA-1,normal
CCTGAACGATATATTC-1,normal
CCTGAATATTTACATA-1,normal
CCTGACCACCGATGGT-1,normal
CCTGACGCAACCTTTA-1,normal
CCTGAGAATAAATGCA-1,normal
CCTGCTATTTGAGAAG-1,normal
CCTGGAAACGTTCTGC-1,normal
CCTGGCTAGACCCGCC-1,normal
CCTGGTCGAATGTGGG-1,normal
CCTGTAAGACATGATA-1,tumor
CCTGTCACCCGGGCTC-1,normal
CCTGTCCCTCACGTTA-1,normal
CCTGTCGCCCGTAAAT-1,normal
CCTGTGCATAGGAGAC-1,tumor
CCTGTTCAACCTCGGG-1,tumor
CCTGTTTGAAGACACG-1,normal
CCTTCAGTTAAAGTGA-1,normal
CCTTCGTATAGAATCC-1,normal
CCTTCTTGATCCAGTG-1,normal
CCTTGACCACTTTATT-1,normal
CCTTGTGAACGTGGTT-1,normal
CCTTTAAGGGAGCACT-1,normal
CCTTTCAATGAAGAAA-1,normal
CGAAACATAGATGGCA-1,normal
CGAACAGTATGGGCGT-1,normal
CGAACATAGTCAGAAA-1,normal
CGAACCCGCATGCGTC-1,normal
CGAACCTCTTTCCTAG-1,tumor
CGAACGCCCAGTGCCG-1,normal
CGAAGACTGCCCGGGA-1,normal
CGAAGATCAGTTTCAT-1,normal
CGAAGCTATAAATTCA-1,normal
CGAAGTTGCTCTGTGT-1,normal
CGAATGACGCATAATG-1,normal
CGAATGGTAGGTCGTC-1,normal
CGACAATTTGATCTAA-1,normal
CGACACCGCTTAAGGA-1,normal
CGACACGCTCCGACAG-1,normal
CGACACGGATGCCCAC-1,normal
CGACAGTTCGCGTTAT-1,normal
CGACATGCGATCTTCT-1,tumor
CGACCGTTGGTATTCG-1,normal
CGACTCAGGATGTTAT-1,normal
CGACTCGGTACACGGT-1,tumor
CGACTTGCCGGGAAAT-1,normal
CGACTTTGTATAGCCT-1,normal
CGAGACCCTAGAGTGT-1,normal
CGAGAGATGTGAACCT-1,normal
CGAGAGCTTTCACTAC-1,normal
CGAGAGGGTAGCCGCG-1,normal
CGAGATGTTGCCTATA-1,tumor
CGAGATTTCGCTCGGG-1,normal
CGAGCACTTCAAGTTT-1,normal
CGAGCGTTGATCAGCC-1,normal
CGAGCTGGGCTTTAGG-1,normal
CGAGGAGCTTCCATAT-1,normal
CGAGGATCGGGAACGA-1,tumor
CGAGGCCAGGCATTGG-1,normal
CGAGGCTAAATATGGC-1,normal
CGAGGGACTGCGGTCG-1,normal
CGAGGGTATCCAGGTG-1,normal
CGAGTACTAAAGAGGA-1,tumor
CGAGTGAAGGTACCAG-1,normal
CGAGTGCTATAGTTCG-1,normal
CGAGTTCTGTCCCACC-1,normal
CGAGTTTATCGGACTG-1,normal
CGATAACCAATTTGAG-1,normal
CGATAATACTCAGGTT-1,normal
CGATACCTCGCGGACA-1,normal
CGATAGTCGTACTGCA-1,normal
CGATATTAGCCGCAGG-1,tumor
CGATCATTAGAGGCAC-1,normal
CGATCCACCATTGTTG-1,normal
CGATCCGACCCAGTGC-1,normal
CGATCCTCGCAACATA-1,normal
CGATCGAGAAGCACCA-1,normal
CGATGGACCCTACGCC-1,normal
CGATTAAATATCTCCT-1,normal
CGATTCGCCTGGCTGC-1,normal
CGATTTGTCATTAATG-1,normal
CGCAAACACGAGTTAC-1,normal
CGCAATTACTTTCGGT-1,normal
CGCAATTAGGGTAATA-1,tumor
CGCAATTCTACAATAA-1,normal
CGCACATGTCCACTAC-1,normal
CGCACGTCTGTTTATG-1,normal
CGCACGTGCGCTATCA-1,normal
CGCAGAAACATTTGCG-1,tumor
CGCAGATCTTCACCCG-1,normal
CGCAGGCGATCCAAAC-1,normal
CGCATCATGGCTTCAG-1,normal
CGCATCCATCAGCCAG-1,normal
CGCATGCCGAATGCGT-1,normal
CGCATGGTGCGATGCT-1,normal
CGCATTAGCTAATAGG-1,normal
CGCCACCCGCATTAAC-1,tumor
CGCCATCCGATTATGA-1,normal
CGCCCAGCACGCCTAG-1,normal
CGCCCAGCGTTTCACG-1,normal
CGCCCGCTTCCGTACA-1,normal
CGCCCTTGAAGGCTGA-1,normal
CGCCGCCCATGCCTGT-1,normal
CGCCGCGTTCTGAACG-1,normal
CGCCGGTGTCGCAGTA-1,normal
CGCCGTCTACCCATCG-1,normal
CGCCGTTCAGCATAGT-1,normal
CGCCTCCCTCCTCTAT-1,tumor
CGCCTTTAGCATGCTC-1,normal
CGCGAAGTGGCATACT-1,normal
CGCGACCGCGACAGAT-1,normal
CGCGAGAGGGACTTGT-1,normal
CGCGCATGTTTGATTG-1,tumor
CGCGCCCGACTTAATA-1,normal
CGCGGCAGTATTACGG-1,tumor
CGCGGCTCAACTTGAA-1,normal
CGCGGGAATTAGGCAG-1,normal
CGCGGTAAGTCTAGCT-1,normal
CGCGGTCACAAACCAA-1,normal
CGCGTACATTCTGGAA-1,normal
CGCGTCATATTAAACC-1,normal
CGCGTTCATGAAATAC-1,normal
CGCTACCGCCCTATGA-1,normal
CGCTACGGGACATTTA-1,normal
CGCTAGAGACCGCTGC-1,normal
CGCTATACCGCCCACT-1,normal
CGCTATTCAATGTATG-1,normal
CGCTATTCTTAGGCTC-1,normal
CGCTCTCCGTAGATTA-1,normal
CGCTGAGGACGTCCAA-1,normal
CGCTGGTGACTACCCT-1,normal
CGCTGTGTGGATGTTG-1,normal
CGCTTAGTATTGATAC-1,normal
CGCTTCCACTGAAATC-1,tumor
CGCTTCGGTCTAAGAC-1,normal
CGCTTTCATACCGGTG-1,normal
CGCTTTCCGCCAAGGT-1,tumor
CGCTTTCTTGCATTCG-1,normal
CGGAAAGAATCAAACG-1,normal
CGGAAATTTCACATCC-1,normal
CGGAACGTAAACATAG-1,tumor
CGGACCTCTGTAGTTA-1,normal
CGGACCTTTACGTCCC-1,normal
CGGAGCAATTTAATCG-1,normal
CGGAGCATGGCGATCC-1,normal
CGGAGCTTATAACACC-1,normal
CGGAGTTTGAGAGACA-1,normal
CGGATAAGCGGACATG-1,normal
CGGATCCTCAAGGACT-1,normal
CGGATGAATGCTGTGA-1,normal
CGGATTCTGCCTTATG-1,normal
CGGCAAACATCGTGCG-1,normal
CGGCAATAAGATCGCC-1,normal
CGGCACCGTTAGCGCC-1,normal
CGGCACTCAAGAAAGT-1,normal
CGGCAGGGTCGGGTTG-1,normal
CGGCCACGCACAAAGT-1,normal
CGGCCAGAGCGACCAT-1,normal
CGGCCCAACCTGTAGT-1,tumor
CGGCCCAGGTATATCC-1,normal
CGGCGCCATCAATCCC-1,normal
CGGCTCTAAAGCTGCA-1,normal
CGGCTCTTCGTCGAAC-1,normal
CGGCTGCAAGATTAAG-1,normal
CGGCTTTGTATGATAA-1,tumor
CGGGAATATAGTATAC-1,normal
CGGGAATTTATGTAAA-1,normal
CGGGAGCTTCAGTGTA-1,normal
CGGGAGTATACCGCCG-1,normal
CGGGATCAATGTAAGA-1,normal
CGGGCAGCTAAACCGC-1,normal
CGGGCCATAGCCGCAC-1,tumor
CGGGCCTTCTTTGTAA-1,normal
CGGGCGATGGATCACG-1,tumor
CGGGCTACTTAAATTG-1,tumor
CGGGTGTACCCATTTA-1,normal
CGGGTTCGGCACGTAT-1,normal
CGGGTTTGTTAGGGCT-1,normal
CGGTACTAGAATCAAA-1,normal
CGGTAGAGGTGCAGGT-1,normal
CGGTATAGGTATTAGC-1,normal
CGGTATGGGCACTCTG-1,normal
CGGTCAAGTGGGAACC-1,normal
CGGTCCATGAGACTCC-1,normal
CGGTCCGTCGCAAGCC-1,normal
CGGTCTATCAACCCGT-1,normal
CGGTGCGCGTTGGTCC-1,normal
CGGTGGGCTCCAGCCT-1,normal
CGGTGTACTTGATCCC-1,normal
CGGTTATCCAACAGTG-1,normal
CGGTTCAAGTAGGTGT-1,normal
CGGTTCCGGCTTCTTG-1,normal
CGGTTGAGTATCCTTC-1,normal
CGGTTGGGCAGGGTCC-1,normal
CGGTTGGGTTCAAGTT-1,normal
CGGTTTATGAAGGAAC-1,normal
CGTAAACGCTTGAGTG-1,normal
CGTAAAGCAAGAAATC-1,normal
CGTAAATAACAAAGGG-1,normal
CGTAACTTCGACACTT-1,normal
CGTACCGAAAGTCTAG-1,tumor
CGTACCTGATAGGCCT-1,normal
CGTAGAGAGTAATTAT-1,normal
CGTAGCGAATTGTCAG-1,tumor
CGTAGCGCCGACGTTG-1,normal
CGTATTAAGAGATCTA-1,normal
CGTATTGTTTCCTAAT-1,tumor
CGTCAAATGGTCGCAG-1,normal
CGTCACGTCCATTGGT-1,normal
CGTCAGTGCGCACAAG-1,normal
CGTCAGTTTATCGTCT-1,normal
CGTCATACCATATCCA-1,normal
CGTCCTCATCGCGTGC-1,normal
CGTCGCATGTGAGCCA-1,normal
CGTCGCGGCGGGATTT-1,tumor
CGTCGGATAGTGTTGA-1,normal
CGTCGTCCTTCGCGAA-1,normal
CGTCTCTCGCCGAGGC-1,normal
CGTCTGGAAGGGCCCG-1,normal
CGTCTTGAGTGTGACG-1,normal
CGTGAAGTTAATTCAC-1,normal
CGTGACATTGGGTCGT-1,normal
CGTGACCAGTCCTCTG-1,normal
CGTGCAGACTGGGACA-1,normal
CGTGCCCGACATTTGT-1,normal
CGTGCCCTCCCGAAGA-1,normal
CGTGCTGGCCTAGTCG-1,tumor
CGTGGAAGCCTCGTAC-1,normal
CGTGGCCGAATATCTA-1,normal
CGTGGTACCCAAAGGC-1,normal
CGTGTATGGGAGCTGA-1,tumor
CGTGTCCCATTCGCGA-1,normal
CGTGTCTCGTTACGAC-1,normal
CGTGTGTTAAACCCTG-1,normal
CGTTAAACTAGTTAGG-1,normal
CGTTAATGTCCCGACG-1,normal
CGTTAGCTCACAACTG-1,normal
CGTTCAAGGAAACGGA-1,normal
CGTTCAGACCCGCGAA-1,normal
CGTTCTTCGCACACCT-1,normal
CGTTGAATACCGCGCT-1,normal
CGTTGAGCGACCGTCG-1,normal
CGTTGAGTAATTGCGT-1,normal
CGTTGCCCGCGTGGGA-1,normal
CGTTGTAAACGTCAGG-1,tumor
CGTTGTAAGATTGATT-1,normal
CGTTGTCGGCAATTGA-1,normal
CGTTGTTTCAATTCCC-1,normal
CGTTTAAGCGGAGCAC-1,normal
CGTTTACAAGGCAGCT-1,normal
CGTTTCACTTCGGGCG-1,normal
CGTTTCGCTCATTACA-1,normal
CGTTTGTGTAGAGGGT-1,normal
CTAAACGGGTGTAATC-1,normal
CTAAAGAATGCCTACT-1,tumor
CTAAAGGATGAGATAC-1,normal
CTAAAGGGAAATAGGA-1,normal
CTAAATCCGGTGTACA-1,normal
CTAAATCCTATTCCGG-1,normal
CTAACCGCGCGCCCGT-1,tumor
CTAACGAAACTTGCTG-1,normal
CTAACTGATAATCGCC-1,normal
CTAACTGGTCCGGTTC-1,normal
CTAAGGGAATGATTGG-1,normal
CTAAGTACAGGGCTAC-1,normal
CTAATTATGAAGCGTA-1,normal
CTAATTCGCACGCGCT-1,normal
CTAATTCTCAGATATT-1,normal
CTAATTTCAACAACAC-1,normal
CTACAAGAAATAACCC-1,normal
CTACACTAGCTTGTTC-1,normal
CTACACTCGCAGATGG-1,normal
CTACCCTAAGGTCATA-1,normal
CTACGAACTAGGTCGA-1,tumor
CTACGATCCTATCCTA-1,normal
CTACGCACGGAGTACC-1,normal
CTACGCCATTTCCGAT-1,normal
CTACGTGTTGCCACCA-1,tumor
CTACTATCTTTCAGAG-1,normal
CTACTCAAGGTATAGT-1,normal
CTACTGCCACCTGACC-1,normal
CTAGACATATATGTAG-1,normal
CTAGACTGCATTTCGT-1,tumor
CTAGATAAACTCCTCG-1,tumor
CTAGATGTGAGTGTAA-1,normal
CTAGATTTACGACGGC-1,normal
CTAGCATAGTATAATG-1,tumor
CTAGCCCGGGAGACGA-1,normal
CTAGCCGATGTTATGA-1,normal
CTAGCTTAATGGTCCC-1,normal
CTAGGCGCCCTATCAG-1,normal
CTAGGGATAGGGACAA-1,normal
CTAGGTCTGAAGGAAT-1,normal
CTAGGTTCGGACGTGA-1,normal
CTAGTAGAAAGGGATT-1,normal
CTAGTATTCGGAATTA-1,normal
CTAGTCACGTCTTAAG-1,normal
CTAGTGAAGGACAGGA-1,tumor
CTAGTTACAACCCGGT-1,normal
CTAGTTGGGCCCGGTA-1,normal
CTATAAGAGCCAATCG-1,normal
CTATAGGCGTTGATGT-1,normal
CTATATCCAGCCTGGC-1,normal
CTATCACAACGCTGGA-1,tumor
CTATCGACGAAATACA-1,normal
CTATCGGGTCTCAACA-1,normal
CTATGAACACCTTGCC-1,normal
CTATGCCCGAATGCAA-1,normal
CTATGGGAAGCGGAAT-1,normal
CTATGTCACTAGCCCA-1,normal
CTATGTCTATTGAAAC-1,tumor
CTATTCATGTGTCCCA-1,normal
CTATTGTGTTTGGTCA-1,normal
CTATTTGCTTGGAGGA-1,normal
CTATTTGGTTACGGAT-1,normal
CTCAAACCACTGCCCG-1,normal
CTCAACTAACCCGGAT-1,normal
CTCAAGACATTAGCGC-1,normal
CTCACACGCAAGCCTA-1,normal
CTCACATTTACTAAAT-1,normal
CTCACCGATCCAAACT-1,normal
CTCACTGTGATACTTA-1,normal
CTCAGAGCTAATGTCG-1,normal
CTCAGGACTCACCTGT-1,normal
CTCAGTCACGACAAAT-1,normal
CTCATCACTTAGTGAT-1,tumor
CTCATGGCTCACAATC-1,normal
CTCATTAACGTTGCCC-1,normal
CTCATTGCTCTAACAA-1,normal
CTCATTTGATGGGCGG-1,normal
CTCCCAATGAGTCGCG-1,normal
CTCCGCCCACATGAGG-1,normal
CTCCGGCCTAATATGC-1,normal
CTCCGGCTTGTAGACA-1,normal
CTCCTAAGTTATGTCT-1,normal
CTCCTAGTAATCGTGA-1,normal
CTCCTCCAGCTCACAC-1,normal
CTCCTGTTCAAGGCAG-1,normal
CTCCTTTACGCAAGTC-1,tumor
CTCGAATGGAACGTAT-1,tumor
CTCGAGATCCAAAGCA-1,tumor
CTCGAGGCAAGTTTCA-1,normal
CTCGAGGTCGAACAGT-1,normal
CTCGATATTTGCGAGC-1,normal
CTCGCACCTATATAGT-1,normal
CTCGCCGAATGTAGGG-1,normal
CTCGGGATAACACCTA-1,normal
CTCGGGCATCGTCGGG-1,normal
CTCGGTACCACTGCTC-1,normal
CTCGGTCCGTAGCCTG-1,normal
CTCGGTTGTCGGCCCT-1,normal
CTCGTCTGTGCCTTCG-1,normal
CTCGTGGCACTGAAAG-1,normal
CTCGTTACGGCTACCA-1,normal
CTCGTTTCTAATGTTT-1,normal
CTCTAATGCATTGATC-1,tumor
CTCTACATCCTGCGTG-1,normal
CTCTAGCCCTCGGAAA-1,normal
CTCTATTTGGCTGCAG-1,normal
CTCTCACAATCGATGA-1,normal
CTCTCGATGTGCGCCT-1,normal
CTCTGCAGGCATTCTT-1,normal
CTCTGCGAAGCAAGCA-1,normal
CTCTGGACGCCTGGTG-1,normal
CTCTGTGCCTGCTATG-1,normal
CTCTGTTTGAGGATTC-1,normal
CTCTTCTATTGACTGG-1,normal
CTCTTCTGGAAGTTAG-1,normal
CTCTTGTCCCGCTTGG-1,tumor
CTGAAACGGCCCTCAG-1,normal
CTGAAAGAGATCCGAC-1,normal
CTGAATCCGAGACCTC-1,normal
CTGAATTTATTGCCAG-1,normal
CTGACATAGAAATAGA-1,normal
CTGACTGCGCAGCTCG-1,normal
CTGAGAAAGTTCGGCG-1,normal
CTGAGCAAGTAACAAG-1,normal
CTGAGCGAGACTTATT-1,normal
CTGATCCCTTTATGCA-1,normal
CTGCAAATGGGCTCCA-1,normal
CTGCACAACTACATAT-1,normal
CTGCACCTAGTCCACA-1,normal
CTGCACCTGGAACCGC-1,normal
CTGCACTCCAGTACAG-1,normal
CTGCAGAGAATCAGAG-1,normal
CTGCCAAGGTTGGAAG-1,normal
CTGCCATGCATCACAT-1,normal
CTGCCTAGCCACCAAG-1,normal
CTGCCTCATATGCAAC-1,normal
CTGCCTTTAATACCTT-1,normal
CTGCCTTTCTAGTAAA-1,normal
CTGCGACCTCGCCGAA-1,normal
CTGCGATTTCGAGATT-1,normal
CTGCGGTAGTCACGTG-1,normal
CTGCGTTACGATATAA-1,normal
CTGCTCTGACGGCAAA-1,normal
CTGCTGAGGCCACGAA-1,normal
CTGCTGTCTAACGAGC-1,normal
CTGCTTGGCGATAGCT-1,normal
CTGCTTTATGTCCGCG-1,normal
CTGGAAATGGATGCTT-1,normal
CTGGAAGACACGGTGG-1,normal
CTGGATTTACACTTGA-1,normal
CTGGCGACATAAGTCC-1,normal
CTGGCGCACAGGTCTG-1,normal
CTGGCGGGAATAAGTA-1,normal
CTGGCTCCTGCGGGAT-1,normal
CTGGCTGATTCATCCT-1,normal
CTGGCTGCTAACGTAA-1,tumor
CTGGCTGGTTGTCAGT-1,normal
CTGGGATAAATAATGG-1,normal
CTGGGATACGCTACCC-1,normal
CTGGGATCGCCCAGAT-1,tumor
CTGGGCGGCCAAATGT-1,normal
CTGGGCTATCCTTTGG-1,normal
CTGGGTAGGCAGTTAA-1,normal
CTGGTAAAGACTTACA-1,normal
CTGGTAACACATAGAA-1,normal
CTGGTAACGAGCTCTT-1,normal
CTGGTCATTCCAATCC-1,normal
CTGGTCCTAACTTGGC-1,tumor
CTGGTTCAACGCATCA-1,tumor
CTGGTTCGCGAGCTAC-1,normal
CTGGTTTCGAGCAAGA-1,normal
CTGTACTTCTTAGCAT-1,normal
CTGTAGCCATCTCACT-1,normal
CTGTAGTGAGGATCGA-1,normal
CTGTATGGTGTAGAAA-1,normal
CTGTCAAATGGCTCGG-1,normal
CTGTCACGCCAGGCGC-1,normal
CTGTGCAGGGTAGGTC-1,normal
CTGTGGTCGGGAGATA-1,normal
CTGTTACCCAATCTAG-1,normal
CTGTTCACTGCCTGTG-1,normal
CTGTTCATCTCACGGG-1,normal
CTGTTGTTCAGTCGTA-1,normal
CTTAACTTACAGTATA-1,normal
CTTAACTTCGAAGTAC-1,normal
CTTAATCGACTTAGTA-1,normal
CTTACACGGTATTCCA-1,tumor
CTTACACTGGGAAATA-1,normal
CTTACATAGATTTCTT-1,normal
CTTAGATGTTTCATCC-1,normal
CTTAGCCTTCCACATG-1,normal
CTTAGGTCCCAATCGT-1,normal
CTTAGTAGGCCTACAG-1,normal
CTTAGTGTAGTAGCAT-1,tumor
CTTAGTTGAGGAATCG-1,normal
CTTATGTTGACTACCA-1,normal
CTTCAACTCCACTTGG-1,normal
CTTCACGCCCTGGTAC-1,tumor
CTTCATAGCTCAAGAA-1,normal
CTTCATTGTCAGTGGA-1,normal
CTTCCGCTCCGTGAAG-1,normal
CTTCCTGCATATTTAC-1,tumor
CTTCGATTGCGCAAGC-1,normal
CTTCGGCCAATTGTTT-1,normal
CTTCGTAGATAGGTGA-1,normal
CTTCTATTAATGCTAG-1,tumor
CTTCTGGGCGTACCTA-1,normal
CTTCTTACGTCGTATA-1,normal
CTTGACCCGAAAGATA-1,tumor
CTTGAGGTTATCCCGA-1,normal
CTTGAGTTAGGGTAAT-1,normal
CTTGATGACCATCCAG-1,normal
CTTGCCCACCCACGCA-1,normal
CTTGCCCAGGCTCTAC-1,normal
CTTGGCCAAGCTGGGA-1,normal
CTTGTACTTGTTGACT-1,normal
CTTGTCAACATTCGAG-1,normal
CTTGTCGTACGTGTCA-1,normal
CTTGTGAGTCTTTGAC-1,normal
CTTGTGCTCACCGATT-1,normal
CTTGTTGCTGAGTCAA-1,normal
CTTGTTTATGTAGCCA-1,normal
CTTTAACTTTCAAAGG-1,normal
CTTTAATATTGGTCGA-1,normal
CTTTACCGAATAGTAG-1,normal
CTTTAGGAACACTGTT-1,normal
CTTTAGTGCTATTATT-1,normal
CTTTATCCGACGCATG-1,normal
CTTTCTGTGCGGGCTT-1,normal
CTTTGCATCGCTCTTG-1,normal
CTTTGCTGTCATGGAT-1,normal
CTTTGGCAGACAGAGT-1,tumor
CTTTGGCTTTAGTAAA-1,normal
CTTTGGGATTGTTGCA-1,normal
GAAACAGATGACCACC-1,normal
GAAACAGCCATGCAGT-1,normal
GAAACCATGGTGCGCT-1,normal
GAAACCGAATTACCTT-1,normal
GAAACCTATACAAATG-1,normal
GAAACTCGTGCGATGC-1,normal
GAAACTCTAATGAAGG-1,normal
GAAAGAACAGCGTTAT-1,tumor
GAAAGCAGTGCACTTT-1,normal
GAAAGTGACTAACTGC-1,normal
GAAATACCTGCTGGCT-1,normal
GAAATACTAAACGTTT-1,normal
GAAATATGCTTGAATG-1,normal
GAAATCGCGCGCAACT-1,normal
GAAATGGCGGTGTTAG-1,normal
GAAATGGGATGTAAAC-1,tumor
GAAATTAGCACGGATA-1,normal
GAAATTCACATCGCTG-1,normal
GAAATTGTCTCTATAA-1,normal
GAACAACTGGGATGAA-1,normal
GAACACACATCAACCA-1,tumor
GAACAGATTACTAAAT-1,normal
GAACATTAGTATGTTA-1,normal
GAACCATCTGGGAGAC-1,normal
GAACCCTCTGTGTTCT-1,normal
GAACCTTTAACGATCC-1,normal
GAACGACCGAATGATA-1,normal
GAACGATAAGTTAAAG-1,normal
GAACGCGGGTCACACG-1,normal
GAACGTCTCATGGTCG-1,normal
GAACTGTGGAGAGACA-1,normal
GAACTTAGCGCCCGGT-1,normal
GAACTTGTGCACGGGA-1,normal
GAAGAAACGATATTGT-1,normal
GAAGAACGGTGCAGGT-1,tumor
GAAGACTTCAATGCCG-1,normal
GAAGCAAGGCAATGTT-1,normal
GAAGCCACTGATTATG-1,normal
GAAGCCTGCACATTCC-1,normal
GAAGCGTGAGGAATTT-1,normal
GAAGCTTGCTGACCGC-1,normal
GAAGGACTAAATTGAA-1,tumor
GAAGGAGTCGAGTGCG-1,normal
GAAGGCTACCATTGTT-1,tumor
GAAGGGTCATTAAGAC-1,normal
GAAGTCAGTTGCACTA-1,normal
GAAGTCTCCCTAGCGA-1,normal
GAAGTGATTTATCGTG-1,normal
GAAGTGCTGGATAGCT-1,normal
GAAGTTTCCACTCAAT-1,normal
GAATAGACGCGACCCA-1,normal
GAATAGCATTTAGGGT-1,normal
GAATAGCCCTGCGGTC-1,normal
GAATAGTGCTCGATTA-1,normal
GAATATTCGGAGTCCC-1,normal
GAATCGCCGGACACGG-1,normal
GAATCTATACTCGGAC-1,tumor
GAATCTGAACATTCTC-1,normal
GAATGAAGGTCTTCAG-1,normal
GAATGCCGAAATGACC-1,normal
GAATGCGAATCGGTTC-1,normal
GAATGTATGGCAGGTC-1,normal
GAATGTGGTCCGGATT-1,normal
GAATGTTGGGTAATCT-1,normal
GAATTATAGTGAAAGG-1,normal
GAATTCACCCGGGTGT-1,normal
GAATTTCTCGCTGCAG-1,normal
GACAAACATATGCAGG-1,normal
GACAACGACCATTGAA-1,normal
GACAACGCAGCTTACG-1,normal
GACAAGAGATGAGATT-1,normal
GACACAAGGGAAGAAA-1,normal
GACACCCAAAGACGCG-1,normal
GACACGAGTTAGAGGA-1,normal
GACACTGAGTTCAGTG-1,normal
GACACTGGAACCCGAT-1,normal
GACACTTCCAATTACC-1,normal
GACAGAGGTCTTCAGT-1,normal
GACAGCCAGACCTGAC-1,normal
GACATCCGTCGAACTG-1,normal
GACATCGATTTATAAC-1,normal
GACCAAACGTTGACTG-1,normal
GACCACACTTCCCTTT-1,normal
GACCAGAGCCCTGTAG-1,normal
GACCAGGTCATTCATA-1,normal
GACCCGTCGCCGGCTA-1,normal
GACCGACGTGAAAGCA-1,normal
GACCGCGTCTGACGTG-1,normal
GACCGTCAGGTCGTGA-1,normal
GACCGTGCTGACGGTG-1,normal
GACCTTCCACGTCTAC-1,normal
GACGACGATCCGCGTT-1,normal
GACGAGGCTAATAAAC-1,normal
GACGATATCACTGGGT-1,normal
GACGCCGTAAAGGCTA-1,normal
GACGCCTGTTGCAGGG-1,normal
GACGCTTGCTTCTAAA-1,normal
GACGGACCGCGTTCCT-1,normal
GACGGGATGTCTTATG-1,tumor
GACGGGTTGGCCCGTA-1,normal
GACGGTCAATAGAAGC-1,normal
GACGGTCCTAGGGTGT-1,normal
GACGTGAGACTCCATG-1,normal
GACGTGTAGGGATTAT-1,tumor
GACGTTCGTAAATACA-1,tumor
GACGTTGCTCGGCGGC-1,normal
GACTAACACAGCACCT-1,normal
GACTAAGATCATGCAC-1,normal
GACTAAGTAGGCTCAC-1,normal
GACTACAATTGCTCGT-1,normal
GACTAGGCCGTTAGGT-1,normal
GACTCACCCACGTGAG-1,normal
GACTCCCAGAATAAGG-1,tumor
GACTCGCGGGAATGAC-1,normal
GACTCGGTCGGCGGAT-1,normal
GACTCTAGAGTTCCAA-1,normal
GACTGATTGGTCACAA-1,normal
GACTGCAAATCGAGCT-1,normal
GACTGCACCAGCCCAG-1,normal
GACTGCGGCACGTGTA-1,normal
GACTGCTGGTGAGAAA-1,normal
GACTGGGCGCCGCAAC-1,normal
GACTTTCGAGCGGTTC-1,normal
GAGAACGGTTCTGACT-1,normal
GAGACCCTGCAACGCC-1,normal
GAGACTGATGGGTAGA-1,normal
GAGACTTCGCGACCGA-1,normal
GAGAGGGCGCGAGGTT-1,tumor
GAGAGTCTCGGGAGAG-1,normal
GAGATCTGCTTGGCAT-1,normal
GAGATCTGTCACTCCG-1,normal
GAGATCTTCCATGACA-1,normal
GAGATGACAATCCTTA-1,normal
GAGATGGCTTTAATCA-1,tumor
GAGATGGGAGTCGACA-1,normal
GAGCACCTGTGTCCAG-1,normal
GAGCACGGCGCCTCTT-1,normal
GAGCATCAACAACTTG-1,normal
GAGCATCATCCCTGGG-1,normal
GAGCCACGGTAGTAGG-1,normal
GAGCCAGCTACCTGTG-1,normal
GAGCCGAGCGTTTATT-1,normal
GAGCGAGGGAGTACCG-1,normal
GAGCGCAAATACTCCG-1,normal
GAGCGCGCACGAGTAG-1,normal
GAGCGGAATGCGGTGT-1,normal
GAGCTAAGGGCATATC-1,normal
GAGCTCAACATGAGCG-1,normal
GAGCTCTCGGACCTAA-1,normal
GAGCTGTCGTCTCGGA-1,normal
GAGGAATATCTCTTTG-1,normal
GAGGAATGGAGAGGTT-1,normal
GAGGAGTAATTCCTAC-1,normal
GAGGATAAACAGTGCT-1,normal
GAGGCATTTGCAGCAG-1,normal
GAGGGAGTCAGATCGC-1,normal
GAGGGCATCGCGTATC-1,normal
GAGGGCCATAATATTA-1,normal
GAGGGCCGGCAGAGTC-1,normal
GAGGGCGCAGCTCTGC-1,normal
GAGGGTAGTAACAAAG-1,normal
GAGGTACATCCATCTT-1,tumor
GAGGTACGCGTGTCCC-1,normal
GAGGTCCCAAAGATCT-1,normal
GAGGTCCGTTCGCTGT-1,normal
GAGTAAACCGGAAAGT-1,normal
GAGTAGATACTAGTTG-1,normal
GAGTATACCCTAATCA-1,normal
GAGTATGCCCGCCTTG-1,normal
GAGTATGCGCGTGCAT-1,normal
GAGTCAGACCAGAATC-1,normal
GAGTCCGCTTACCGGA-1,normal
GAGTGCACGGACAACA-1,normal
GAGTGTCAACCAGAAA-1,normal
GAGTGTGCGGTACCCA-1,normal
GATAAATCGGTGGATG-1,tumor
GATAACTCGCACTGTG-1,normal
GATAAGGCAGATGCAA-1,normal
GATACCGTGTCGGAGT-1,normal
GATACGATGGGAGTCA-1,tumor
GATAGAACCCGCTAGG-1,normal
GATAGGATTAATTACA-1,normal
GATAGGTAACGTTGAC-1,normal
GATAGGTGTCCCGGGC-1,normal
GATAGTGCGAGTAAGT-1,normal
GATATCTCATGCAATA-1,tumor
GATATGAGACACTAAC-1,normal
GATATGCGGTAGCCAA-1,normal
GATATGGATTACGCGG-1,tumor
GATATTGAGATTGGCG-1,normal
GATATTTCCTACATGG-1,normal
GATCAACATAAAGGGA-1,normal
GATCATTCCAAACATT-1,normal
GATCCCTTTATACTGC-1,normal
GATCCGAATATAAGTG-1,tumor
GATCCGGGAATTAACA-1,normal
GATCCTAAATCGGGAC-1,normal
GATCCTCGACACTGGC-1,normal
GATCCTCTTGCGCTTA-1,tumor
GATCGCGGGCTCTCCA-1,normal
GATCGCTACCCGATTT-1,normal
GATCGCTGTGGTGCGT-1,normal
GATCGGCGATAAGTCG-1,normal
GATCGGTGGCCATAAC-1,normal
GATCGTGACTGATATC-1,normal
GATCTCGACGCTGTGG-1,normal
GATCTGCTATCTAAGG-1,normal
GATCTTGGAGGGCATA-1,normal
GATCTTTGCAGGGTAT-1,tumor
GATCTTTGCTCAAAGA-1,normal
GATGACAAGTAGGGCA-1,normal
GATGACGATGATCGCG-1,normal
GATGAGGAACCTTCGG-1,normal
GATGATTTGAAACTGG-1,normal
GATGCCACACTACAGC-1,normal
GATGCCAGCAGAAGGC-1,normal
GATGCGTCCTGCATTC-1,normal
GATGCTACAAGCGCCT-1,normal
GATGCTACCTTCGATG-1,normal
GATGCTGTATTTCATC-1,normal
GATGGCGCACACATTA-1,normal
GATGGTGAAATAACCC-1,tumor
GATGGTGCCCTAGGCA-1,normal
GATGTCCGGATCACAT-1,tumor
GATGTCGGTCAACTGC-1,normal
GATGTGTTGTCACAAG-1,normal
GATGTTCAATCCACGA-1,normal
GATGTTTGTGCGAGAT-1,normal
GATTAACCGAAAGCCC-1,normal
GATTACTGAATTTGGG-1,tumor
GATTAGAAACAAGCGT-1,normal
GATTCCCTTGTCGCAG-1,normal
GATTCCGCGTTTCCGT-1,normal
GATTCCTATACGGCGC-1,normal
GATTCGACGGTTCACG-1,normal
GATTCTGTTAATGAGT-1,normal
GATTGACACTCTGCTC-1,normal
GATTGCTCCAGTTGCA-1,tumor
GATTGGGAAAGGTTGT-1,normal
GATTTAGTGCGTACTG-1,normal
GATTTGCGCTAACACC-1,normal
GCAAACCCTACATTAT-1,normal
GCAAACCTTGGCCATA-1,normal
GCAAACGTCGCCAGGT-1,normal
GCAAAGGGCGTTAGCC-1,normal
GCAAATATTACGCTTT-1,normal
GCAACAGCAGTATGCG-1,normal
GCAACCACCAGACCGG-1,normal
GCAACGGCTAGTTATG-1,normal
GCAAGAATTCCTTGGC-1,normal
GCAAGATGTGTTCGCG-1,normal
GCAAGTGTAAAGCATG-1,normal
GCAATTAGTCGCACCG-1,tumor
GCACAAACCCTAGATG-1,normal
GCACAAACGAGGCGTG-1,normal
GCACAAGTGTCGGAAG-1,normal
GCACACACTGGTAGCC-1,normal
GCACACAGCTATTACC-1,normal
GCACAGCACGGGCCGA-1,normal
GCACGCCGATTCCCGC-1,tumor
GCACGCCTACTTAGAT-1,normal
GCACGTGGTTTACTTA-1,normal
GCACTAGTCGCGCTAT-1,tumor
GCACTCCCACAGTCCC-1,normal
GCACTGCCTACCTTTA-1,normal
GCACTGTGCAAATGTA-1,normal
GCAGAAACGTAATCCA-1,normal
GCAGAAGGTAATCTCC-1,normal
GCAGACCCAGCACGTA-1,normal
GCAGATCCATAAGACT-1,normal
GCAGATCCTCGCAAAT-1,normal
GCAGATTAGGGATATC-1,normal
GCAGCACACAGCCCAG-1,normal
GCAGCCTATATCACAT-1,normal
GCAGCGGTGGGCATTA-1,tumor
GCAGCTATGGACAGGT-1,normal
GCAGGACTATAGAATA-1,normal
GCAGGTAGAGTATGGT-1,normal
GCAGTGTGGCTATAGG-1,normal
GCATAAATTGAACGCC-1,normal
GCATAGAGCACTCAGG-1,normal
GCATCGGCCGTGTAGG-1,tumor
GCATGAGGGACGCGGC-1,normal
GCATGCTAATAACGAT-1,normal
GCATTCAAGGCAACGC-1,normal
GCATTCGAAATGAACA-1,normal
GCATTTCCAAGGCTCC-1,normal
GCCAACCATTTCCGGA-1,normal
GCCAATAGGGCATCTC-1,normal
GCCACAATTTAAGGAC-1,normal
GCCACTCAGAGCGCGA-1,normal
GCCACTCCTTACGGTA-1,tumor
GCCAGGAAAGAACACT-1,normal
GCCAGGAGTAACCGAT-1,normal
GCCAGGCGTTCGCATG-1,normal
GCCATATTGCACACAG-1,normal
GCCATCGAGCTGCGTG-1,normal
GCCATCGATGCTGCAT-1,normal
GCCCACCAAGGCTGTC-1,normal
GCCCACTGGTCCACAA-1,normal
GCCCAGATGCTGGAGA-1,normal
GCCCAGTTGGTATGCC-1,normal
GCCCGATCTGTGGTCG-1,normal
GCCCGATGCCCAGTTC-1,tumor
GCCCGCGCGTAAACGG-1,normal
GCCCGCGCGTTTGACA-1,normal
GCCCGTAATACCTTCT-1,normal
GCCCGTTCACACAATT-1,normal
GCCCTAAGTGCAGGAT-1,normal
GCCCTGAGGATGGGCT-1,tumor
GCCGAAATTCCTACGT-1,normal
GCCGACCCACGACTGC-1,normal
GCCGATTGGCCAAGCT-1,normal
GCCGCACTCCGTTTCA-1,normal
GCCGCTTGTGAGAAAC-1,tumor
GCCGGAAACACATCTT-1,normal
GCCGGGTTAGGGTCGC-1,normal
GCCGGTCGTATCTCTC-1,normal
GCCGTCGGTTTCGGGC-1,normal
GCCGTGGAAGAAATGT-1,normal
GCCTACGTTCTGTGCA-1,normal
GCCTATAGTGTCAGGG-1,normal
GCCTATGCTGGGCCTT-1,normal
GCCTATTCCGATATAG-1,normal
GCCTATTTGCTACACA-1,normal
GCCTCAGGTACCGGTC-1,normal
GCCTCATCTGGAAATA-1,normal
GCCTCCGACAATTCAC-1,normal
GCCTCTATACATAGCA-1,normal
GCCTGCTACACTGAGA-1,normal
GCCTGTCCCGGTGCAT-1,normal
GCCTTCAGCCCTACCG-1,normal
GCCTTGTATATGCAGT-1,normal
GCGAAACGATCGGGAG-1,normal
GCGAAACTTAACTGGA-1,normal
GCGAAGAATCTGACGG-1,normal
GCGAAGCCATACCCGT-1,normal
GCGAATGGACTAGCGA-1,normal
GCGACATGTAAACATC-1,normal
GCGACCCAACCATCTG-1,normal
GCGACGATAGTTGTAC-1,normal
GCGACGGTAGTCTCCT-1,normal
GCGAGAGGCCATGTAA-1,normal
GCGAGAGTTGCGTCCA-1,normal
GCGAGCGCATGCTCCC-1,normal
GCGAGGCCCGAGCAGA-1,normal
GCGAGTTCTGCAAAGA-1,normal
GCGATTCTGGAAGCAG-1,normal
GCGATTGTTAACGTTA-1,normal
GCGCAAATATATTCAA-1,normal
GCGCAAGAGCGCGCTG-1,normal
GCGCATCCAGTCAGCA-1,normal
GCGCCGTTCCACGATA-1,normal
GCGCCTCCCACTCCGA-1,normal
GCGCGATGGGTCAAGT-1,normal
GCGCGGTCTAGTAACT-1,normal
GCGCGTCATTGGTACA-1,normal
GCGCTAAGTATGCATG-1,tumor
GCGCTAATTGAATAGA-1,normal
GCGCTATGCCGAGGCA-1,normal
GCGCTCGATCACCTGT-1,normal
GCGCTGATCCAGACTC-1,normal
GCGCTGCTTTGCATTT-1,normal
GCGCTTAAATAATTGG-1,normal
GCGGACCGCGTTGTGG-1,tumor
GCGGAGAAACTTCGCA-1,normal
GCGGAGAGGGAGAACG-1,normal
GCGGCAAAGTATTGCC-1,normal
GCGGCTCTGACGTACC-1,tumor
GCGGCTTTAGCAAGTT-1,normal
GCGGGAACCAGGCCCT-1,normal
GCGGGCAGACGGGTGA-1,normal
GCGGGCATTACGATGC-1,normal
GCGGGCGAGCCTTACC-1,normal
GCGGTAACCCAAATGA-1,tumor
GCGGTCCCGGTGAAGG-1,normal
GCGGTCCCTAGACGCA-1,tumor
GCGGTGAACTGCGCTC-1,normal
GCGGTTCCCTATCATG-1,normal
GCGTAAATGGCCATAA-1,normal
GCGTCCAGCTCGTGGC-1,normal
GCGTCCCTAAGACATA-1,normal
GCGTCGAAATGTCGGT-1,normal
GCGTCGCCAGGGTGAT-1,normal
GCGTCGTAACATGGTC-1,tumor
GCGTCTAACCTCCTAA-1,normal
GCGTCTCTGCATTGGG-1,tumor
GCGTGGTACTGGGTTA-1,normal
GCGTGTATGTCGTATT-1,normal
GCGTTCGGAGACCGGG-1,normal
GCTAAACCTGAGGTGA-1,normal
GCTAACTGAAGTCTGA-1,normal
GCTAAGTAAAGGCGAT-1,normal
GCTAAGTAGTTTCTCT-1,normal
GCTAATACCGAATGCC-1,tumor
GCTACAATCGAGGATA-1,normal
GCTACGACTTATTGGG-1,normal
GCTACTATAGTAGAGT-1,normal
GCTAGACCGTCTACTG-1,normal
GCTAGAGTAGAGATGT-1,normal
GCTAGCACCTGGGCCA-1,normal
GCTAGCAGGGAGTGGG-1,normal
GCTAGCGATAGGTCTT-1,normal
GCTAGCTTGAATAGCT-1,tumor
GCTAGGCACCACGGAG-1,normal
GCTAGTAGAGCTTGTA-1,normal
GCTAGTTTCATTGAGG-1,tumor
GCTATACGTCTCGGAC-1,normal
GCTATCATACTCATGG-1,normal
GCTATCGCGGCGCAAC-1,normal
GCTCAATCCGTTTATT-1,normal
GCTCAATGTAATACCG-1,normal
GCTCATTACTGCATGT-1,normal
GCTCATTGATCATATC-1,normal
GCTCCATGCAAAGCAA-1,normal
GCTCCCAGTCGGTCCA-1,normal
GCTCCGCTCGCTTCAG-1,normal
GCTCCTGACATACTGG-1,normal
GCTCGCGGTTCCGCTC-1,normal
GCTCGCTCATGTCCAA-1,normal
GCTCGGAATTTAAAGC-1,normal
GCTCTAAACCCTGACG-1,normal
GCTCTCGGGTACCGAA-1,normal
GCTCTTTCCGCTAGTG-1,normal
GCTGAACTCTCCAGGG-1,normal
GCTGAGGCGTGAGTAT-1,normal
GCTGCACGGTTTCTTA-1,normal
GCTGCGAAGAATTATT-1,normal
GCTGCTAAGTAGTCGA-1,normal
GCTGCTACTGCGTAGC-1,normal
GCTGCTCTCCGGACAC-1,normal
GCTGGACCCAAAGTGG-1,normal
GCTGGCATATTCACCT-1,tumor
GCTGGCGGCGCATGCT-1,normal
GCTGGGAGCGCGTCAA-1,normal
GCTGGGTCCGCTGTTA-1,tumor
GCTGGTGACTCGTAGT-1,normal
GCTGTATTACTGGCCC-1,normal
GCTGTTGCTACCGAAC-1,normal
GCTTAATGTAACTAAC-1,normal
GCTTACGTAGTTAGTA-1,normal
GCTTAGGGAAGCGGTA-1,normal
GCTTATGAAGCAGGAA-1,normal
GCTTCAGTGGGATTAC-1,normal
GCTTCCAGCTTAGATT-1,tumor
GCTTCCGTCCCTAGAC-1,normal
GCTTGATGATAATCAG-1,normal
GCTTGCAGCACAATTG-1,normal
GCTTGGATCGATTAGG-1,normal
GCTTTACACAACTGGG-1,normal
GCTTTATTAAGTTACC-1,normal
GCTTTCAGAGGAGGTG-1,normal
GCTTTCTATCTCAACT-1,tumor
GGAAACAGAGCTTGGG-1,tumor
GGAAACCTTGTTGAAT-1,normal
GGAAACTAAATGGGCC-1,normal
GGAAAGGGAATTGAGC-1,normal
GGAAAGTCTTGATTGT-1,normal
GGAAAGTGCCCATGCC-1,normal
GGAACCGTGTAAATTG-1,normal
GGAACGGCCTGCAGCC-1,normal
GGAACTCGTGAATACG-1,normal
GGAAGATAAGACTGTA-1,normal
GGAAGCTCGCTTACAG-1,normal
GGAATAACCTCAAGAA-1,tumor
GGAATGCGCTAGCGTG-1,normal
GGACAACCATGAAGCC-1,normal
GGACACAAGTTTACAC-1,normal
GGACACCTCGGTGTTG-1,normal
GGACCAACAGGATAAC-1,normal
GGACCTACGGTAACGT-1,normal
GGACCTCTAGGCCGCC-1,normal
GGACGGCTTGCGCAAC-1,normal
GGACGTCCATAGTTGG-1,normal
GGACTCACAAATTAGG-1,normal
GGACTCGACAGCGCAT-1,normal
GGACTCGTGAGTGGTC-1,normal
GGACTCTTTGACTAAG-1,normal
GGAGACCAATGTGCTT-1,normal
GGAGACGACACCTTTG-1,normal
GGAGCAACATTTCAAG-1,normal
GGAGCACCAAGAACTA-1,normal
GGAGCGAGGCCTACTT-1,tumor
GGAGGATTGAAAGGAG-1,tumor
GGAGGCCGAAGTCGTC-1,normal
GGAGGGCTTGGTTGGC-1,normal
GGAGTGCCGCCCTGGA-1,tumor
GGAGTTGATTCTGTGT-1,normal
GGATACTCATGAATTG-1,tumor
GGATCAAAGGACGAGG-1,normal
GGATCATCCCGTACGC-1,normal
GGATCCGGAATATACT-1,normal
GGATCTACCGTTCGTC-1,normal
GGATCTTACTGCCCTT-1,normal
GGATGAAGATCGCTGA-1,normal
GGATGACGCGAGTTTA-1,normal
GGATGGCTTGAAGTAT-1,normal
GGATGTCCTTACCGCA-1,normal
GGATTAAGCTAAGGTC-1,normal
GGATTAATCATGGACC-1,tumor
GGATTCAGTACGGTGG-1,normal
GGATTCCGCTATACCC-1,normal
GGATTGCTGTGACTCC-1,normal
GGATTTCACTTCTATA-1,normal
GGCAAAGGCGCCAATA-1,normal
GGCAAATTACTTTACT-1,normal
GGCAAGCCAGGGATAG-1,normal
GGCAAGCCCATAGTGG-1,normal
GGCAAGGCGAAATAGC-1,normal
GGCAATAGTCAATGAG-1,normal
GGCACGCTGCTACAGT-1,normal
GGCACTCCACTGGGCA-1,tumor
GGCACTGCGGTGGTTT-1,normal
GGCAGCAAACCTATGC-1,normal
GGCAGCGGTAATCCTA-1,normal
GGCATACAGGTAGCGG-1,tumor
GGCATATCGGTTCTGC-1,normal
GGCATCAACGAGCACG-1,normal
GGCATTGAACATCTCA-1,normal
GGCCACAAGCGATGGC-1,normal
GGCCCAATCTAGAGGG-1,normal
GGCCCAGCTGGTTTGC-1,tumor
GGCCCAGTTATCAGCA-1,normal
GGCCCGGAGCATGTCT-1,normal
GGCCCGTATACCATGC-1,normal
GGCCGAGACTCTGGTG-1,normal
GGCCGCAGGAACCGCA-1,normal
GGCCGGCGTCTGCTAT-1,normal
GGCCGTTTGGGTTTCA-1,normal
GGCCTGCTCTGATGTT-1,normal
GGCCTGCTTCTCCCGA-1,tumor
GGCGAAATCTAACTTG-1,normal
GGCGAACCGTTCTGAT-1,normal
GGCGCATGAATTGATG-1,normal
GGCGCGGAGATCTTTC-1,normal
GGCGCGTTCGAGTTTA-1,normal
GGCGCTCCTCATCAAT-1,normal
GGCGCTTCATTCCCTG-1,tumor
GGCGGAGTAATATTAG-1,tumor
GGCGGTAGGATCATTG-1,normal
GGCGTACCCTATATAA-1,normal
GGCGTAGGGAAAGCTG-1,normal
GGCGTCCTATCCGCTG-1,normal
GGCTAAAGGGCGGGTC-1,normal
GGCTAATGATTGAAAT-1,normal
GGCTACTATACACTCC-1,normal
GGCTATTAAGTTGTAT-1,normal
GGCTCCTCCACCTGTT-1,normal
GGCTCGCGTTGAGGTA-1,normal
GGCTCGTGCCACCAGC-1,normal
GGCTCTGCTCCAACGC-1,normal
GGCTGAAATAGCAAAG-1,normal
GGCTGAGCATCGTAAG-1,normal
GGCTGGCTAGCTTAAA-1,normal
GGCTGTCCTACTGCGG-1,normal
GGCTTTCAATAAGGGT-1,normal
GGGAAAGAATGCCAAC-1,normal
GGGAACCACCTGTTTC-1,tumor
GGGAACGGGAGGTTAG-1,tumor
GGGAACGGTTTCAGAT-1,normal
GGGAAGACGGTCTGTC-1,normal
GGGAAGGGCTTTCTCA-1,normal
GGGAATGAGCCCTCAC-1,normal
GGGACCCGTATATCTT-1,normal
GGGACTGCATAGATAG-1,normal
GGGAGAACTCACAGTA-1,normal
GGGAGCGACCGTAGTG-1,normal
GGGAGGATGCCCGAAA-1,normal
GGGAGTAATGGCTGGC-1,tumor
GGGAGTTAATGAGGCG-1,normal
GGGATATTGATCGCCA-1,normal
GGGATCCCAATACAAA-1,normal
GGGATGGTCGTAACCG-1,normal
GGGATTTACCGCACCT-1,normal
GGGCACGTAGTACTGT-1,normal
GGGCAGAGCAATCGTT-1,normal
GGGCAGTCAACGCCAA-1,normal
GGGCATGCATGTCGAG-1,normal
GGGCCCGTCTTAAACA-1,normal
GGGCCGGCCGAAGTAC-1,normal
GGGCCTATTTAAGTAT-1,normal
GGGCGATATGTGTGAA-1,normal
GGGCGCAGCGTTACTC-1,normal
GGGCGGCAAATGAATT-1,normal
GGGCGGGTTCCCTACG-1,normal
GGGCGGTCCTATTGTC-1,normal
GGGCGTACATTTATAT-1,normal
GGGCGTCACCACGTAA-1,normal
GGGCGTCCACTGGCTC-1,normal
GGGCGTGGTTTCCCAG-1,normal
GGGCGTTTACATTCAT-1,normal
GGGCTATGATCGATGG-1,normal
GGGCTCATCGAACCCA-1,normal
GGGCTGCCTAGGGCGA-1,normal
GGGCTGGTTAGTCGCG-1,normal
GGGTACCCACGGTCCT-1,normal
GGGTACTTCATGAACT-1,normal
GGGTATGTATGCACTT-1,normal
GGGTCACCGTGACGGT-1,normal
GGGTCAGGAGCTAGAT-1,normal
GGGTCATGCGTACCAT-1,normal
GGGTCGTGGCAAGTGT-1,normal
GGGTGACACCTTAACT-1,normal
GGGTGCATATGAAAGC-1,tumor
GGGTGGTCCAGCCTGT-1,tumor
GGGTGTTTCAGCTATG-1,normal
GGGTTAACATTTGAGT-1,normal
GGGTTCAGACGAACAA-1,normal
GGGTTTAGGATAGGAT-1,normal
GGTAAATGTGCGTTAC-1,normal
GGTAACCGGGAGGATA-1,normal
GGTAACTATGTATCTG-1,normal
GGTACAAACATGCTAT-1,normal
GGTACACCAGATTTAT-1,tumor
GGTACCATTAAGACGG-1,normal
GGTACTAAGTGCTTTG-1,normal
GGTAGAAGACCGCCTG-1,normal
GGTAGACCGTTGGGCG-1,normal
GGTAGGCCAATATCAC-1,normal
GGTAGTGCTCGCACCA-1,normal
GGTATAGTGACACATA-1,normal
GGTATTGCCGAGTTTA-1,normal
GGTCAAGACTACTTCG-1,normal
GGTCAGTGGGTCCCAC-1,normal
GGTCATTGTAGTCATA-1,normal
GGTCCACGTCTATTTG-1,normal
GGTCGGATAAACGGCG-1,normal
GGTCGGCCAGGAGCTT-1,normal
GGTCGGTAATTAGACA-1,normal
GGTCGGTCGTCCACAG-1,normal
GGTCTCCAAGTAGTGC-1,tumor
GGTCTCCGTCCAGGTT-1,normal
GGTCTCTGAATGGACT-1,normal
GGTCTGAGAATCTGGA-1,normal
GGTCTTGAGCGCTCTT-1,normal
GGTGAAACCGGGAATG-1,normal
GGTGAACGGGCTAGCC-1,normal
GGTGAAGTACAGGGAT-1,normal
GGTGAGATGCAGATAA-1,normal
GGTGATAAGGAGCAGT-1,normal
GGTGATTTCATCTTGT-1,tumor
GGTGCAGAGCCTATCG-1,normal
GGTGCATAAATGATTA-1,normal
GGTGCGGATAAGTGGC-1,normal
GGTGCTGATCACAAAG-1,normal
GGTGCTGGTACACATT-1,normal
GGTGGACCACGTGTTA-1,normal
GGTGGACTGCTCTGGC-1,normal
GGTGGAGGTTGATACG-1,normal
GGTGGGATTAGGTCCC-1,normal
GGTGTAAATCGATTGT-1,normal
GGTGTAGGTAAGTAAA-1,normal
GGTGTTCTGTTTCTAC-1,normal
GGTGTTGGGCGTCTTA-1,normal
GGTTACCCGACACTTT-1,normal
GGTTACCGCTCCCTAC-1,normal
GGTTAGCTATATGTCT-1,normal
GGTTAGGCTTGGAGAA-1,normal
GGTTAGTTACGGCGCC-1,normal
GGTTCCCTAGTGTCTC-1,normal
GGTTCCGTACGACTAA-1,normal
GGTTCGATGCTGAGTT-1,tumor
GGTTCTACTCGTCTGA-1,normal
GGTTGTATCGTGAAAT-1,normal
GGTTTAATTACCATCG-1,normal
GGTTTAATTGAGCAGG-1,tumor
GGTTTACAATCTCAAT-1,normal
GGTTTAGCCTTTCTTG-1,normal
GGTTTCAATCGGTCAG-1,normal
GGTTTGACAAGAAGCT-1,normal
GGTTTGAGTGCTGGAA-1,normal
GGTTTGCGAACACGTA-1,normal
GGTTTGTGACCTGAGG-1,normal
GTAACAACTGACCTTG-1,normal
GTAACAGGTTAACGGC-1,normal
GTAACATCTAAGATAA-1,normal
GTAACTACGTAGACCT-1,normal
GTAACTGCCCAAGGAG-1,normal
GTAACTTGCGGCAGTC-1,normal
GTAAGCGGGCAGTCAG-1,normal
GTAAGGATTTGTCGGA-1,normal
GTAAGTAACAGTCTGG-1,normal
GTAAGTAGGGTATACC-1,normal
GTAAGTCCACACTCTA-1,normal
GTAATAAAGGGCTCCC-1,normal
GTAATCTGATTCTTCG-1,tumor
GTACACTTACCTGAAG-1,normal
GTACAGAGGCAAGGGT-1,tumor
GTACGACGGCGCTGCG-1,normal
GTACGAGATTGCGACA-1,normal
GTACGCTTCATTGCAC-1,normal
GTACGTCACGTATTAA-1,normal
GTACGTTTGCCCGTCA-1,normal
GTACTAAGATTTGGAG-1,normal
GTACTCCTGGGTATGC-1,normal
GTACTGAGGTCGTAAC-1,tumor
GTACTGCATGAAGCGT-1,normal
GTACTGGAGTTAGACC-1,normal
GTACTTGGGCACTTCT-1,normal
GTAGAAACGGGTGGAG-1,normal
GTAGACAACCGATGAA-1,normal
GTAGACACGCCTGACT-1,normal
GTAGACGTCGTTACAT-1,normal
GTAGAGGGAGACAAGT-1,normal
GTAGCCAAACATGGGA-1,normal
GTAGCGCTGTTGTAGT-1,normal
GTAGCGGCTATACACT-1,normal
GTAGCTAGTAAGCGCG-1,normal
GTAGCTCCGGGAGGCT-1,normal
GTAGCTTCCTCTTGTT-1,normal
GTAGGTGATCCGTGTA-1,normal
GTAGTCGCGGGAATCA-1,normal
GTAGTCTACGATATTG-1,normal
GTAGTGAGCAACCTCA-1,normal
GTAGTTCGAAGGCGAA-1,normal
GTAGTTTAAGCACACG-1,tumor
GTATAATCTCCCGGAT-1,normal
GTATAGGACTCAGTAG-1,normal
GTATAGTGGCCCATGT-1,normal
GTATCAAACGTTAGCT-1,normal
GTATCAAGGTACTTCC-1,normal
GTATCAGCTTGGGTTC-1,normal
GTATCCTTTGGTAACC-1,normal
GTATCGGGACGAGCTG-1,tumor
GTATCTCCCTAACTGT-1,normal
GTATCTTGTTGCTCAC-1,normal
GTATCTTTCATAACCA-1,normal
GTATGACGTGGGAAAC-1,tumor
GTATGTGGGTCTAGTT-1,normal
GTATTAAGGCGTCTAA-1,normal
GTATTAGGGTTCGCGT-1,normal
GTATTCTGAGAAACGA-1,normal
GTATTTAATGGCATAA-1,tumor
GTCAAAGTTTACATAG-1,normal
GTCAACCAGGCCTATA-1,normal
GTCAAGCGGACTCGGG-1,normal
GTCAATGCTATAATTT-1,normal
GTCAATTGTACTGAAG-1,normal
GTCACAAAGTTTCCAA-1,normal
GTCACTCTCCAAATCT-1,normal
GTCAGAATAGTCTATG-1,normal
GTCAGTTGTGCTCGTT-1,tumor
GTCATCCCAAACTCAC-1,normal
GTCATGCACCTCCGTT-1,normal
GTCATGCGCGAGGGCT-1,normal
GTCATGGACATGACTA-1,normal
GTCATTAGAGCGAACG-1,normal
GTCCAATATTTAGCCT-1,normal
GTCCAGGCACGTGTGC-1,normal
GTCCATTACTGCTACG-1,normal
GTCCCAACGTAAAGTA-1,normal
GTCCCGCGACGTTATG-1,normal
GTCCGGACCTGAAATT-1,tumor
GTCCGGCTGAATTGCG-1,normal
GTCCGGGTTCACATTA-1,normal
GTCCGTTAGAGGGCCT-1,tumor
GTCCTACAGGCGGCTC-1,normal
GTCCTACGAATAGTCT-1,normal
GTCCTTCTAGTGGGTT-1,normal
GTCCTTTAATGACTTC-1,normal
GTCGATAGGTGACTTT-1,tumor
GTCGCCGTTGTGTGTT-1,normal
GTCGCGTAACCCGTTG-1,normal
GTCGGAAGGATACCAG-1,normal
GTCGGATATCTCAGAC-1,normal
GTCGGATGTAGCGCGC-1,normal
GTCGGGAAGCAGAAAC-1,normal
GTCGTACCATCTCGGG-1,normal
GTCGTATTGGCGTACA-1,normal
GTCGTCAATTATAAGG-1,tumor
GTCGTCTGGTTGGCTA-1,tumor
GTCGTGTCTGGTCATC-1,normal
GTCGTTATTCGCTTAT-1,normal
GTCTAGTGAGCCGCTT-1,normal
GTCTATACACGCATGG-1,tumor
GTCTATCTGAGTTTCT-1,normal
GTCTATTGCATGCTCG-1,normal
GTCTATTGGTTCCGGT-1,normal
GTCTCAAGGCCCGGCT-1,normal
GTCTCCCGAGTCCCGT-1,normal
GTCTCGACTAAGTTTG-1,tumor
GTCTCGATCTGCTTTC-1,normal
GTCTCGCCAACACGCC-1,normal
GTCTGGGCGGTCGAGA-1,normal
GTCTGTAGGTTGAACA-1,normal
GTCTTAGTACAGCCGG-1,normal
GTCTTGAGGAGCAGTG-1,normal
GTCTTGTAGCTATTCA-1,normal
GTGAAACGGCGCCACC-1,normal
GTGAAACGTGCTCCAC-1,normal
GTGAACTCCCATTCGA-1,normal
GTGAAGATTTCAAGTG-1,normal
GTGAAGCCGTATAGTC-1,normal
GTGACAGCTTCCCACT-1,normal
GTGACCGCACACTACG-1,normal
GTGACCTAAAGAATAA-1,tumor
GTGACGAGGGTGACCC-1,tumor
GTGACGCAGGTTTCAT-1,normal
GTGACTTCAGTAGTGC-1,normal
GTGAGATAACCTTATA-1,normal
GTGAGGACACTTAAGG-1,normal
GTGAGGAGCGGTTGAG-1,normal
GTGAGTCGACTAATAG-1,normal
GTGAGTGGTACAACGC-1,normal
GTGATCAAGCGTGCAC-1,normal
GTGATCACTAACGCCT-1,normal
GTGATCATAGATCTGC-1,normal
GTGATCCTTGTCATGA-1,normal
GTGATGCACAACATCT-1,normal
GTGATTCGCCGCTCAA-1,normal
GTGCAACAAATGTGGC-1,normal
GTGCACCAGCTTCAAC-1,tumor
GTGCACGAAAGTGACT-1,normal
GTGCAGCGTAGAGTAG-1,tumor
GTGCCAAACGTTTCGA-1,normal
GTGCCCGTTCGGATTC-1,normal
GTGCCGCTTCAAAGGT-1,tumor
GTGCCTCAGTGTACGG-1,normal
GTGCCTGAGACCAAAC-1,normal
GTGCGAAATCGAACAC-1,normal
GTGCGACAGGGAGTGT-1,normal
GTGCGCTTACAAATGA-1,normal
GTGCGGGTCTCCAAAT-1,normal
GTGCGTGTATATGAGC-1,normal
GTGCTATCCAGCTGGA-1,normal
GTGCTCAAGTACTGTC-1,normal
GTGCTTACATCAGCGC-1,normal
GTGGAACCTACATGCG-1,normal
GTGGACGCATTTGTCC-1,normal
GTGGACGTGCTGAGAC-1,normal
GTGGAGCATGTCGGCC-1,tumor
GTGGAGTCGGCGGTTG-1,normal
GTGGCGGGCCGTAGCT-1,normal
GTGGCTGTTTCTGTTC-1,normal
GTGGGAACAAACCGGG-1,normal
GTGGGCTTAGACACAC-1,normal
GTGGGTCTTCTTTGCG-1,tumor
GTGGTATAGTCTGCCG-1,normal
GTGGTCAGCGAAGTAT-1,normal
GTGGTGGCCAAGTGAA-1,normal
GTGGTTACTTCTTTCG-1,normal
GTGTACCTTGGCTACG-1,normal
GTGTACGAACCGTTCC-1,normal
GTGTATATCAGCGGGC-1,normal
GTGTATGACTTTAAAG-1,normal
GTGTCAGTGTACGTGG-1,normal
GTGTCGTATAGCGTTC-1,normal
GTGTCGTATTCACCTT-1,normal
GTGTGAATAACTTAGG-1,normal
GTGTGAGCCGAGGTGC-1,tumor
GTGTTACTATGCGTCC-1,normal
GTTAAAGTAGGACTGG-1,normal
GTTAACATCACTTAAA-1,normal
GTTAACTATGTTGTCA-1,normal
GTTAAGGGTGCGATGT-1,normal
GTTAAGTTAGAGTGGG-1,normal
GTTACCTACAACTTGC-1,normal
GTTACGAAATCCACGC-1,tumor
GTTACGGCCCGACTGC-1,normal
GTTACTTTGGGCCTAG-1,normal
GTTAGAGTGTGCCGCT-1,tumor
GTTAGCCCATGACATC-1,normal
GTTAGCCGTAAATCAA-1,normal
GTTATAATACGGTGAA-1,normal
GTTATATCAGGAGCCA-1,normal
GTTATATTATCTCCCT-1,normal
GTTATCAAGCTATCGA-1,normal
GTTATCACCTTCTGAA-1,tumor
GTTATTAAATACGACC-1,normal
GTTATTAACGTGGGAG-1,normal
GTTCAATCTATGTCAA-1,normal
GTTCACAGGAGTCTAG-1,normal
GTTCAGTCGCCAAATG-1,normal
GTTCATCGTTTGGCTG-1,normal
GTTCCAAGACAGCGAC-1,tumor
GTTCCAGTCTGACCAT-1,tumor
GTTCCGTCCGCCTGCA-1,normal
GTTCGACAATTGTATA-1,normal
GTTCGCCATAAGTGCC-1,normal
GTTCGCTGAGACGTCT-1,normal
GTTCGGATCGGGAACA-1,tumor
GTTCGGGCGTACCATT-1,normal
GTTCGTCTAAAGAACT-1,normal
GTTCGTCTGGGTCCCT-1,normal
GTTCGTTGCGGACCAG-1,tumor
GTTCTTCCCTCGATGT-1,normal
GTTCTTGTAACTCAAT-1,normal
GTTGAACCGGTTCCAT-1,tumor
GTTGAGTCCCGCCGGT-1,normal
GTTGCACGGAGTTTCG-1,normal
GTTGCGCTAACATTAC-1,normal
GTTGCGGACGGTCAGG-1,tumor
GTTGGACCGCATCAGG-1,normal
GTTGGATTCAGTGGCT-1,normal
GTTGGATTGAGAACAC-1,normal
GTTGGATTTGCGTTGG-1,normal
GTTGGTCATGCTATCC-1,normal
GTTGTAGATTTATGAG-1,normal
GTTGTCGTGTTAGTTG-1,normal
GTTGTTACATTGCGCT-1,normal
GTTTACGTTCCATCTG-1,tumor
GTTTCCTGGAGGGTGA-1,tumor
GTTTCTAGAGGCGCGG-1,normal
GTTTCTGCAGTCTCCC-1,normal
GTTTGACCAAATCCTA-1,normal
GTTTGAGCGGTTATGT-1,normal
GTTTGGCCCAAGTTAT-1,normal
GTTTGGCCGCTCAGCG-1,normal
GTTTGGCGTCAGGCAC-1,tumor
GTTTGGGCTTGTGAGC-1,normal
GTTTGGGTTTCGCCCG-1,normal
GTTTGGTAGGGTCAAC-1,normal
GTTTGGTGATCGGTGC-1,normal
TAAACCCAGGAGGGCA-1,normal
TAAAGACAACCCTTTA-1,tumor
TAAAGAGCCCGAAACC-1,tumor
TAAAGCGGTATTTCCA-1,normal
TAAAGCGTTAGGAGAA-1,normal
TAAAGCTGCAATAGGG-1,normal
TAAAGTGCACGTCTCG-1,normal
TAAATCTTTACACCTC-1,normal
TAAATGAATCCGTTTC-1,normal
TAAATGCCGTCTCATG-1,normal
TAAATTGTGGGTAAAG-1,normal
TAAATTTAGTAACACC-1,normal
TAACAAAGGGAGAAGC-1,normal
TAACAATATTTGTTGC-1,tumor
TAACAGCGTTTGTGCT-1,normal
TAACAGGTTCCCTTAG-1,normal
TAACATACAATGTGGG-1,normal
TAACATACACGCGATC-1,tumor
TAACCGCCCGCAGTGC-1,normal
TAACCTACCGTCCGAG-1,normal
TAACCTAGGGAGTCCA-1,normal
TAACGCTTTGAGAGCG-1,normal
TAACTATCGAAGGTCC-1,normal
TAACTATTACGCCAAA-1,normal
TAACTCATCCGCGCGG-1,normal
TAACTCCATGGAGGCT-1,normal
TAAGATTTAGCGGGAG-1,normal
TAAGCCCTTACGACCA-1,normal
TAAGCGCGAATCAAAT-1,normal
TAAGGAACTTGTGGGA-1,normal
TAAGGCAACATAAGAT-1,normal
TAAGGCATAACATCAA-1,normal
TAAGGCCCGTCACCCT-1,normal
TAAGGCTGAATCCCTC-1,normal
TAAGGGCCTGTCCGAT-1,normal
TAAGTAAATGTGCCGC-1,normal
TAAGTAACATCTTGAC-1,normal
TAAGTCGCCGAGTATC-1,normal
TAAGTGAATAGTCTAC-1,normal
TAAGTTGCGACGTAGG-1,normal
TAATAAACAAGGAGAT-1,normal
TAATACACAGTAGTAT-1,normal
TAATACTAGAACAGAC-1,normal
TAATAGAACAGAGTTA-1,normal
TAATAGCTAAATGATG-1,normal
TAATAGTGACGACCAG-1,normal
TAATATTGAAATTCGC-1,normal
TAATCAACCAAATGGG-1,tumor
TAATCGATCCGTACGT-1,normal
TAATGAAAGACCCTTG-1,normal
TAATGTCGGTTCATGG-1,tumor
TAATTACGTCAGTAGA-1,normal
TAATTAGATGGATATG-1,normal
TAATTAGGACATCCGT-1,normal
TAATTGGAATCGGGAA-1,normal
TACAACGCACAACTCA-1,normal
TACAAGCTGTTCACTG-1,normal
TACAAGGGCTTCTTTA-1,normal
TACAATGAAACCAGCA-1,normal
TACACAGCCGTGGTGC-1,normal
TACACCGTCGTTAGTC-1,tumor
TACACCTCTTCGAATC-1,normal
TACAGAAACGGTGGGC-1,normal
TACATAGGCATACACC-1,normal
TACATTTCTAACGTGC-1,normal
TACCAAATAGCCCAGA-1,normal
TACCAATAAAGTACCA-1,normal
TACCAGAAGTAGGTTC-1,normal
TACCAGCTAGGTTTAA-1,normal
TACCAGGAATCCCGTC-1,normal
TACCATGTATTGATTT-1,normal
TACCGAATAATTGTAA-1,normal
TACCGCGGACTTGCAG-1,normal
TACCGGCTCACTGCCC-1,tumor
TACCGTAGGTTAACTA-1,normal
TACCGTGCCTCGGACC-1,normal
TACCTACTCCCAGTAT-1,normal
TACCTCACGCTTGTAC-1,normal
TACCTCAGTTGTCTGT-1,normal
TACCTCCACACCAATG-1,normal
TACCTGCTGCACTGTG-1,normal
TACGAACACGACTTCA-1,normal
TACGACGCTTGCTGCG-1,normal
TACGACTGCCTCTTAG-1,normal
TACGAGAACTTCACGT-1,normal
TACGATGTTGATCATC-1,normal
TACGCAGTTCTTTCCT-1,normal
TACGCCATATTCTAAT-1,normal
TACGCCGAGGGTACCC-1,normal
TACGCCGCCTCAGAAG-1,normal
TACGCCTCCATTCCGA-1,normal
TACGCTATAGAAACCT-1,normal
TACGCTCCTAGAACTG-1,normal
TACGCTGCTGTGTTAA-1,normal
TACGGAAGCCAAACCA-1,normal
TACGGGATGCTAGCAG-1,normal
TACGTAAAGCGGAGTG-1,normal
TACGTACTAGTGCTGA-1,normal
TACGTGCAAGGTTCCT-1,tumor
TACGTGCACTATGCTG-1,normal
TACGTGGGCCCAGGGC-1,normal
TACTACGTGCAATGCG-1,normal
TACTATGGTTCCTCAG-1,normal
TACTCCTCTAGTTGAC-1,normal
TACTCTCCGAACAAAT-1,normal
TACTCTTACTTTACTG-1,normal
TACTCTTTCGTCTTCA-1,normal
TACTGAACAGATTTAG-1,normal
TACTGCAATCAATTAC-1,normal
TACTGCATGATTAAAT-1,normal
TACTGTTTCTCTGGTA-1,normal
TACTTAAACATGTACA-1,normal
TACTTGTTAGTAGTCC-1,normal
TACTTTACTGAGCCGG-1,normal
TAGAAACCACTAAGTA-1,normal
TAGAAAGGTGGCGCTA-1,normal
TAGAATAGCCGATGAA-1,normal
TAGAATTAAGGGCAAC-1,tumor
TAGACGAAACGCCAAT-1,normal
TAGACGCCCGTACCGG-1,normal
TAGACTACCTAGCGTT-1,normal
TAGAGCTACGAAGAAC-1,tumor
TAGAGGGAGTTTATCT-1,normal
TAGAGGTTCTACTTGT-1,normal
TAGAGTCTAAGCGAAC-1,normal
TAGATATGGACTGGAA-1,normal
TAGATCCGAAGTCGCA-1,normal
TAGATGGTTCCTTACT-1,normal
TAGATTCAAAGTGCGG-1,normal
TAGCAACCTGTCACAA-1,normal
TAGCAGTAAATACGCG-1,normal
TAGCAGTATGACTAAA-1,normal
TAGCCATTTCAAAGTC-1,normal
TAGCCGGCGGTCAGCG-1,normal
TAGCGTCCCTCGATTG-1,normal
TAGCGTCCGGTGTGGT-1,normal
TAGCGTTGGGTCTTAC-1,normal
TAGCTAAGTCCGGGAG-1,normal
TAGCTAGAAGGCATGA-1,normal
TAGCTAGTGATGATGG-1,normal
TAGCTCAGATCCTAGT-1,normal
TAGCTCGCCTGATAAC-1,normal
TAGGAACAGCCTCCAG-1,normal
TAGGATCTTAACCGCA-1,normal
TAGGCATGTTACGCCA-1,tumor
TAGGCTAAAGTGGCAC-1,normal
TAGGGAGCTTGGGATG-1,normal
TAGGGTGTTTCAAGAG-1,normal
TAGGTCGCCGGAACTG-1,tumor
TAGGTGACGATAACCT-1,normal
TAGGTGAGCCCTACTC-1,tumor
TAGGTGCTCGCCTAGC-1,normal
TAGGTGTTCCACAGAT-1,normal
TAGGTTCGAGTTCGTC-1,normal
TAGGTTCTGCTGAGAA-1,normal
TAGTACCTTAGTGGTC-1,normal
TAGTAGCTTATACCAG-1,normal
TAGTAGTTGCCGGACA-1,normal
TAGTCCCGGAGACCAC-1,normal
TAGTCCGCAGAGAATG-1,normal
TAGTCCGTATGCATAA-1,normal
TAGTCCTGCACTAAGC-1,normal
TAGTCGATCACGGGTT-1,normal
TAGTCTAACAACGAGA-1,normal
TAGTCTGCGGCACATT-1,normal
TAGTCTGTGACGTTGC-1,normal
TAGTCTTTCCGAATTG-1,normal
TAGTGAGAAGTGGTTG-1,normal
TAGTGCCCTCCAGAGT-1,normal
TAGTGGAACTCATACA-1,normal
TAGTGTCAGAAACGGC-1,normal
TAGTTAAGATAGGATA-1,normal
TAGTTTATTCTTGCTT-1,normal
TATAAGTGAGGATAGC-1,normal
TATACACAGACGCCTT-1,normal
TATACACGCAAAGTAT-1,normal
TATACCGAGTGCCACA-1,normal
TATACGCGTCATCACT-1,normal
TATACTCATGCGGCAA-1,normal
TATAGAGTCGCTTGAA-1,tumor
TATAGATGGTCGCAGT-1,normal
TATATAGGGCTTTACG-1,normal
TATATATCGAGAAATG-1,normal
TATATCAAAGTGATCT-1,normal
TATATCCCTGGGAGGA-1,normal
TATATTACAAATGTCG-1,normal
TATATTCGCGTCGATA-1,tumor
TATCACAGCACGGGCA-1,normal
TATCACCATGTAAAGT-1,normal
TATCACCCAACCGACC-1,normal
TATCACTTCGAGTAAC-1,normal
TATCCAATTGGTTATC-1,normal
TATCCATATCATGCGA-1,tumor
TATCCGCACCGTCGGG-1,normal
TATCCTATCAACTGGT-1,normal
TATCCTGCATGGGAAT-1,tumor
TATCGATCTATGCATA-1,normal
TATCGATGATTAAACG-1,normal
TATCTACCACAGCGGG-1,normal
TATGAAGAATTAAGGT-1,normal
TATGATAAATCTAACG-1,normal
TATGATCCGGCACGCC-1,tumor
TATGATCTTCTCTTTA-1,normal
TATGCTCCCTACTTAC-1,normal
TATGGATGTGCTACGC-1,normal
TATGGCCCGGCCTCGC-1,tumor
TATGGCTAGGCTAATT-1,normal
TATGGGACCGAGCAGG-1,normal
TATGGGTACGTATCGT-1,normal
TATGGTCTGAGTAACA-1,normal
TATGGTTAGTGGGAGA-1,normal
TATGTAAAGTGCTTAA-1,normal
TATGTCAAGACCGACT-1,normal
TATGTCTCATTGTGCC-1,normal
TATTAACCTGACCGCG-1,normal
TATTACCATCCTGCTT-1,normal
TATTCAATTCTAATCC-1,normal
TATTCCACTCAGCTCG-1,normal
TATTCCGAGCTGTTAT-1,normal
TATTCCGGCAGTCCTA-1,normal
TATTCCTCCGCCCACT-1,normal
TATTCGTGCCAGAATA-1,normal
TATTGACATTTCTGCC-1,normal
TATTGCCGGGCTTGTA-1,normal
TATTTAGTCTAGATCG-1,normal
TATTTATACCGAGTAG-1,normal
TATTTGATTTGCACAG-1,normal
TCAAACAACCGCGTCG-1,normal
TCAAACTTAGATTGTT-1,normal
TCAAAGTCACGGCGTC-1,normal
TCAAATTGTTGTGCCG-1,normal
TCAAATTTGAGACTCA-1,normal
TCAACAAAGATAATTC-1,normal
TCAACACATTGGGTAA-1,normal
TCAACATAGCGCCCTA-1,normal
TCAACCATGTTCGGGC-1,tumor
TCAACGAGGAGACAAA-1,normal
TCAACGCAGGAAATAA-1,normal
TCAACTGCAGAGTCAG-1,normal
TCAAGAAATACTAGCT-1,normal
TCAAGCGCGGACGGTA-1,tumor
TCAAGCTGCCTTGAAA-1,normal
TCAAGGTTACTACACC-1,normal
TCAATACGCCGTCATG-1,normal
TCACAAACCGAGGTAC-1,normal
TCACAGATCCTCAAAC-1,tumor
TCACAGCAAACTCGAA-1,normal
TCACAGGAGAATAAGA-1,normal
TCACAGGGAATCGCAA-1,normal
TCACAGGTTATTGGGC-1,normal
TCACATCTTATCTGAT-1,normal
TCACCCTCTTAAGATT-1,normal
TCACCGCTCGGCACTC-1,normal
TCACGATGTCCGTGGA-1,normal
TCACGCATTGTAGATC-1,normal
TCACGGCCCAAGAGAG-1,normal
TCACGTGCCCGATTCA-1,normal
TCACTACGACCAATGC-1,normal
TCACTCAGCGCATTAG-1,normal
TCACTCGTGCAACGGC-1,normal
TCAGAACCTCCACAGG-1,normal
TCAGACGCTATAGAAG-1,normal
TCAGATGGAGACGTAG-1,normal
TCAGCAAATGCATCTC-1,normal
TCAGCAGTAGGCCCTG-1,normal
TCAGCCAATCCGTAAA-1,normal
TCAGCGCACGCCGTTT-1,normal
TCAGGGCGCAAACTCG-1,normal
TCAGGGTGCACGAAAC-1,normal
TCAGGGTGTAACGTAA-1,normal
TCAGGTTCTTTGAGAA-1,normal
TCAGTACTGACCCGCG-1,normal
TCAGTAGGGACTATAA-1,normal
TCAGTGTATACGTCAT-1,normal
TCAGTTACGGAATGAT-1,tumor
TCATACTTACAGATCC-1,normal
TCATATGAGCTTTGTT-1,normal
TCATCACTCGAGCTCG-1,normal
TCATCCCAGAGGGTGG-1,normal
TCATCCTCAGCTGCTT-1,normal
TCATCGACGACCGTCG-1,normal
TCATCGATGGTCCCAA-1,normal
TCATGCAGGTTCTCAT-1,normal
TCATTCGTATAATTTG-1,tumor
TCATTTAAGTCTCCGA-1,normal
TCATTTAGAAGTGTGA-1,normal
TCCAACTCAGCTATCT-1,normal
TCCAACTTTAAATTCT-1,tumor
TCCAAGCCTAGACACA-1,normal
TCCAATAAAGGCTACC-1,normal
TCCACAATGGTTTACG-1,normal
TCCACATCGTATATTG-1,normal
TCCACCTCTAGCCTTT-1,normal
TCCACTTTATCTAGGT-1,normal
TCCAGAGCACCGGTTC-1,normal
TCCAGATGTACGCCAA-1,normal
TCCAGCGCTATAAGCG-1,normal
TCCAGGCAGGACGATC-1,normal
TCCAGGCGAGTACGGT-1,normal
TCCAGGGTATATACGA-1,normal
TCCATTAGTTGGATAG-1,tumor
TCCATTCCCACTAGAG-1,normal
TCCATTGTGACCTCGT-1,tumor
TCCCAAACAGACAACG-1,normal
TCCCAAACATCCTCTA-1,normal
TCCCAAAGACGAAGGA-1,normal
TCCCAAAGCCCTAAAT-1,normal
TCCCACTCTCTTCCGG-1,normal
TCCCAGCTTTAGTCTG-1,normal
TCCCAGGCTTAGCTAA-1,normal
TCCCGCCTATGTGCGT-1,normal
TCCCGCGTACTCCTGG-1,normal
TCCCGGGTGTGCTGCT-1,normal
TCCCGGTCAGGAATTT-1,normal
TCCCGTCAGTCCCGCA-1,normal
TCCCGTCGCGTCATAG-1,normal
TCCCGTGTGCAATTTG-1,normal
TCCCTAGATCAATAGG-1,tumor
TCCCTTAGATTACTCG-1,normal
TCCCTTGTCTGAAACT-1,normal
TCCGAACGTTGCCGCT-1,normal
TCCGAAGTAGTCACCA-1,normal
TCCGAATGGTCCTGAG-1,normal
TCCGACCGCTAATCAA-1,normal
TCCGAGAAGGCTAAGC-1,normal
TCCGATAATTGCCATA-1,normal
TCCGATGACTGAGCTC-1,normal
TCCGATGGTGCGACAT-1,tumor
TCCGATTACATTGCCG-1,tumor
TCCGCCTGTCTACAAG-1,normal
TCCGCGGCAGCATCTG-1,normal
TCCGCGGCCCAATGAA-1,normal
TCCGCTGTCATCCCGG-1,normal
TCCGCTTATCCCATTA-1,normal
TCCGGAGGAAGGGCTG-1,normal
TCCGGCCTAGCGTACA-1,normal
TCCGGGCTTGACGGGA-1,normal
TCCGGTTCGTCCGGTC-1,normal
TCCGTAACCACAATCC-1,normal
TCCGTTAAGCTAATAT-1,normal
TCCGTTTAGCCTTGAA-1,normal
TCCTAAAGATTCAGAC-1,normal
TCCTAAATTGGGAAGC-1,normal
TCCTAACCGTCGGGCA-1,normal
TCCTACATCCACGGCC-1,normal
TCCTAGCAAAGAAGCT-1,normal
TCCTATCATAGGTAAC-1,normal
TCCTCGGGCTGGGCTT-1,normal
TCCTCTACGAGATGGC-1,normal
TCCTCTGGCCCATTAG-1,normal
TCCTGCAGCCGCCAAT-1,normal
TCCTGCCAACTGGAGA-1,normal
TCCTGGCGCTGCCTGG-1,normal
TCCTTACGACGGTCCG-1,normal
TCCTTCAGTGGTCGAA-1,normal
TCCTTGTCCTTTAATT-1,tumor
TCCTTTAAATCCGCTT-1,normal
TCCTTTCTTACGCTTA-1,normal
TCGAAATTTAGGACCA-1,tumor
TCGAAGAACCGAGCAC-1,normal
TCGAATATCCCGCAGG-1,normal
TCGAATCGCAGGGTAG-1,normal
TCGACATAGCGTAGCG-1,normal
TCGAGACCAACACCGT-1,normal
TCGAGCCAGGCAGGCC-1,normal
TCGATAGGCTAGTCGC-1,normal
TCGATTTACGAAACGA-1,normal
TCGCAAAGATGCATTT-1,normal
TCGCACCAGGAGGCAG-1,normal
TCGCATCCCTAAGTGT-1,normal
TCGCATTCAATGACTT-1,normal
TCGCCACCCGGATTAC-1,tumor
TCGCCCAACTGACTCC-1,normal
TCGCCGAAGTTGCGTC-1,normal
TCGCCGACATATTCGC-1,normal
TCGCCGGTCGATCCGT-1,normal
TCGCGTAGCAGTGTCC-1,tumor
TCGCGTCCAGAAGGTC-1,tumor
TCGCTAAACCGCTATC-1,normal
TCGCTACTGGCTTTGA-1,normal
TCGCTCGATATATTCC-1,normal
TCGCTCGGCACCAGCG-1,tumor
TCGCTGCCAATGCTGT-1,normal
TCGCTGGGCGGATTGT-1,normal
TCGCTGTGCGTAAATC-1,normal
TCGCTTAATTACGAAG-1,normal
TCGCTTTAAACGTTTG-1,normal
TCGGAATGACCATCAA-1,tumor
TCGGAATGCGCTCTGA-1,tumor
TCGGACGCCCAGCCCA-1,normal
TCGGAGTACATGAGTA-1,normal
TCGGCGAACCCAAACC-1,normal
TCGGCTAACTTCCCTT-1,normal
TCGGCTTGTATCGACG-1,normal
TCGGGAACGTGCCTAG-1,normal
TCGGGAGACAGCGTAC-1,normal
TCGGGCACTTCTGGAT-1,normal
TCGGGCCGTCGTGGTA-1,tumor
TCGGGTGAAACTGCTA-1,tumor
TCGGTCCCTGACTCCA-1,normal
TCGGTGACCGCTCCGG-1,normal
TCGGTTAGCCATGTAG-1,normal
TCGTAAGACGACATTG-1,normal
TCGTAAGCTCCGAGGA-1,normal
TCGTACCGACGTCAAG-1,normal
TCGTATAGTGCAATTA-1,tumor
TCGTATTTCGTCCGGA-1,normal
TCGTCAAGTACGCGCA-1,normal
TCGTCACACTGTTAGC-1,normal
TCGTCCGCTGGCGTCT-1,normal
TCGTCCGGGTACACTC-1,normal
TCGTCTTAGGCGTTAA-1,normal
TCGTGTACTATGGATG-1,tumor
TCGTGTATTGGTCACG-1,tumor
TCGTGTTCGACCACAA-1,tumor
TCGTTAGGAGTCCCTA-1,normal
TCGTTCGTTATTATGT-1,normal
TCGTTGCTATCCGGTC-1,normal
TCGTTGGCTCGTCAAT-1,normal
TCGTTTACGCGACCCT-1,normal
TCTACACGTTCATGCA-1,normal
TCTACCCAATAGAGAG-1,normal
TCTACCGTCCACAAGC-1,normal
TCTACGCACGATCTCC-1,normal
TCTACGGGCTCAGTTG-1,normal
TCTAGCATGCCCAGAA-1,normal
TCTAGGTGGCGACGCT-1,normal
TCTAGTGATATCGTGG-1,normal
TCTAGTTATCAGAAGA-1,normal
TCTATAGGTGGGTAAT-1,normal
TCTATCATGCAGTTAC-1,normal
TCTATCGGTCGCAACA-1,normal
TCTATGCTATAACGAC-1,normal
TCTATTACGCTGGCGA-1,normal
TCTCATGAGATAGGGT-1,normal
TCTCCAACGTAGGTTA-1,normal
TCTCCACAAGTTGAAT-1,normal
TCTCCCTGGGCAGCGT-1,normal
TCTCGAACGAGGTCAC-1,normal
TCTCGACGTATCGCCG-1,normal
TCTCGAGGAGGTTCGC-1,normal
TCTCGGCTCCAGGACT-1,normal
TCTCTAATAGCTGGTA-1,tumor
TCTCTCGCCGCACATA-1,normal
TCTCTTACCGCGAACC-1,normal
TCTGAACCGGTCGGCT-1,normal
TCTGAACTCGTACCCG-1,normal
TCTGAAGCACGTGGTC-1,normal
TCTGAATTCCGTACAA-1,tumor
TCTGACGGGCTAACCC-1,tumor
TCTGACTGTAATGGTT-1,tumor
TCTGAGCAATTGACTG-1,normal
TCTGATCGGGTGCTAG-1,normal
TCTGATGTATTCTGTC-1,normal
TCTGATTGGAAATGGA-1,normal
TCTGCACCATTAGTAA-1,normal
TCTGCATACCTTGCTT-1,normal
TCTGCCAGAAACTGCA-1,normal
TCTGCGAATCGTTCGC-1,normal
TCTGCGTCCGGTTTCT-1,normal
TCTGCTTAGAACAAGC-1,tumor
TCTGGAGCGTAAGAGT-1,normal
TCTGGCCGTTCAAGTT-1,normal
TCTGGGAACCTTTGAA-1,normal
TCTGGGTAGCGCTCAT-1,normal
TCTGTCATACAAGAGC-1,tumor
TCTGTGATGGAGGTTG-1,tumor
TCTGTGCCATCATAGT-1,normal
TCTGTGGCTACATTTC-1,normal
TCTGTTACCCAGCATA-1,normal
TCTTACAGAGGTACCG-1,tumor
TCTTACCGGAACTCGT-1,normal
TCTTACGGCATCCGAC-1,normal
TCTTACTTATGCCTCT-1,normal
TCTTAGAGCTCCAATT-1,normal
TCTTAGAGTGAACTCT-1,normal
TCTTATGGGTAGTACC-1,normal
TCTTCCCATGGGCACA-1,normal
TCTTCGAATAGACGTT-1,normal
TCTTCGATACCAATAA-1,normal
TCTTCTATAACCCGCC-1,normal
TCTTGATGCGTAGCGA-1,normal
TCTTGCTCCCGATACT-1,normal
TCTTGGTAACACCAAA-1,normal
TCTTGGTCAATGATAC-1,tumor
TCTTTAAGACTATGAA-1,normal
TCTTTAGAGTCTAACA-1,tumor
TCTTTAGCAGGCGAAC-1,normal
TCTTTCTCTTAAGGAG-1,normal
TGAAACTTATGCAAGC-1,normal
TGAAAGGACCTGACTC-1,normal
TGAACAAGCAGGGACT-1,normal
TGAATACCGACGCGTA-1,normal
TGAATATGCTATAAAC-1,normal
TGAATGAGATACAGCA-1,normal
TGAATGAGTGTTTCCC-1,normal
TGAATGTCAGCCGGCC-1,normal
TGACAACGCATGTCGC-1,normal
TGACAACTTAAAGGTG-1,normal
TGACACTTCTCTTTGC-1,normal
TGACATCGAGCGGACC-1,normal
TGACATGTAACGTGAC-1,normal
TGACCAAATCTTAAAC-1,normal
TGACCAGCTTCAAAGT-1,normal
TGACCCAACTCACATT-1,tumor
TGACCCACGTTAGACA-1,normal
TGACGATGCACTAGAA-1,normal
TGACTATAATCCTTTC-1,normal
TGAGAATGCTTTACCG-1,normal
TGAGAGATTTACCACG-1,normal
TGAGATCAAATACTCA-1,tumor
TGAGATTAGGCCCTAA-1,normal
TGAGCAGTCGTGAAGT-1,normal
TGAGCCATACAGTCTC-1,tumor
TGAGCGGAAAGTGTTC-1,normal
TGAGCTTTAATGACGC-1,tumor
TGAGGAGTGCCAGCTT-1,normal
TGAGGTGTGTGGCGGA-1,normal
TGAGGTTGATCCCAAG-1,normal
TGAGTAAATTAGCGTA-1,normal
TGAGTGCCTCTTAAAT-1,tumor
TGAGTGGTCCGTGACG-1,normal
TGAGTTAAAGACATTC-1,normal
TGATACATTTAGCCGT-1,normal
TGATCACCACACTGAC-1,normal
TGATCCCAGCATTAGT-1,normal
TGATCGGTTTGACCCT-1,normal
TGATCTACGCTGATCT-1,normal
TGATCTCCGGCGCCAG-1,normal
TGATGCTCACGTAGTC-1,normal
TGATGGCTGTTTCTGA-1,tumor
TGATGTCAATTAAGTG-1,normal
TGATTATGGCACGCAG-1,normal
TGATTCCCGGTTACCT-1,normal
TGATTCGTCTATCACT-1,normal
TGATTCTGTCGCCGGT-1,normal
TGATTTCCTCCTGACG-1,normal
TGCAAACGTACTAGTT-1,normal
TGCAAAGTTCGTCTGT-1,normal
TGCAACCCATCTGCGG-1,normal
TGCAACTACTGGTTGA-1,normal
TGCAAGAATGACGTAA-1,normal
TGCAATCTAACACGGT-1,normal
TGCAATTTGGGCACGG-1,normal
TGCACAGTGAAGTTAT-1,normal
TGCACGAGTCGGCAGC-1,tumor
TGCACTATGTGAGTGC-1,normal
TGCAGAGTACCGAGCA-1,normal
TGCAGGATCGGCAAAG-1,normal
TGCAGTGAGGCTCGGG-1,normal
TGCAGTGGTAGGGAAC-1,normal
TGCAGTTTCCTCCCAT-1,normal
TGCATATGTCTGTCAC-1,normal
TGCATCTCCGGATCTT-1,tumor
TGCATGGATCGGATCT-1,normal
TGCATGTGACCCATAG-1,normal
TGCATGTGGTAATCTA-1,normal
TGCCAATGGGTACTCT-1,normal
TGCCACCTGGCGAAAC-1,normal
TGCCAGTACGTGGAGA-1,normal
TGCCATTACTAAAGAA-1,normal
TGCCCGATAGTTAGAA-1,normal
TGCCCGTACCGTTAAA-1,normal
TGCCGAAAGCGTATTC-1,normal
TGCCGGATGTACGAGC-1,normal
TGCCGTGGATCGTCCT-1,normal
TGCCGTGGGACCCAAT-1,normal
TGCCTAAATTTAATAG-1,normal
TGCCTAATTGAAGATT-1,normal
TGCCTGACATCGGTCA-1,normal
TGCCTGATCAAACGAT-1,normal
TGCCTTGGCCAGGCAA-1,normal
TGCGACACCCTAGTGC-1,normal
TGCGACGGCCGAACGT-1,normal
TGCGAGAATATTACCC-1,normal
TGCGAGATGGCGGCCA-1,tumor
TGCGAGCCCTTCCGCG-1,normal
TGCGCAAAGCATTTGG-1,normal
TGCGCCGTTAATAACG-1,normal
TGCGCGATTAACGGAG-1,normal
TGCGGACTTGACTCCG-1,tumor
TGCGGAGTAAAGGTGC-1,normal
TGCGGCATAGTTCAAC-1,tumor
TGCGGGTATTGGGATC-1,normal
TGCGGTGAAATTTCAT-1,tumor
TGCGTAAGAACCTGAT-1,normal
TGCGTACGGCTAATTG-1,normal
TGCGTGATTGGGTGTC-1,tumor
TGCGTTTGTTGACACT-1,normal
TGCTAAGTGTCTATTT-1,normal
TGCTATACAAACGGAC-1,normal
TGCTATGGCAAAGGGA-1,normal
TGCTCAAAGGATGCAC-1,tumor
TGCTCCACAGTTCTTA-1,normal
TGCTCGGCGAAACCCA-1,normal
TGCTCGGTGGGTCACC-1,normal
TGCTCTGCCGGTTCAC-1,normal
TGCTCTTGAGAGTTTG-1,normal
TGCTGCGTCAGAGTTA-1,tumor
TGCTGGTTGGACAATT-1,normal
TGCTGTTGAAGAACTC-1,normal
TGCTTCCCAAGCAGTA-1,normal
TGCTTGAAACCATGCA-1,tumor
TGGAAACGGAGTGAAC-1,normal
TGGAACCACTGACACA-1,normal
TGGAAGAAGGGAACGT-1,normal
TGGAAGACGAACACCA-1,normal
TGGAAGGATAAAGATG-1,normal
TGGAATATCCTTGACC-1,tumor
TGGAATTAGACGCTTT-1,normal
TGGACCAATCTAAGAT-1,normal
TGGACCACGGCGTTGA-1,tumor
TGGACTGTTCGCTCAA-1,normal
TGGAGAATAATCGTCC-1,normal
TGGAGCTAAAGTTCCC-1,tumor
TGGAGGGAAACACCTC-1,normal
TGGAGTGATGCGATGA-1,normal
TGGATGGCATCTTGGA-1,normal
TGGCAAACTAAATTAC-1,normal
TGGCAACTCGCGCGCC-1,normal
TGGCAAGCACAAGTCG-1,normal
TGGCAATGGGACGGCG-1,normal
TGGCACGAGCTCGAGT-1,normal
TGGCAGATTACGATCA-1,normal
TGGCAGCAGTAATAGT-1,normal
TGGCCAAACTGAAGTA-1,normal
TGGCCGTATATTGACC-1,tumor
TGGCGACTGCTCCAAA-1,normal
TGGCGATCAAGTTATG-1,normal
TGGCGGTGTGCGATTG-1,normal
TGGCTACACTCTACCT-1,normal
TGGCTATGTGACATAC-1,normal
TGGCTTGTACAAGCTT-1,tumor
TGGCTTTGGGTAGACA-1,tumor
TGGGAAATGCCTTTCC-1,normal
TGGGATGCACTCATTC-1,normal
TGGGCAATAGTTGGGT-1,normal
TGGGCACAAACAGAAC-1,normal
TGGGCACGTTCTATGG-1,normal
TGGGCAGGCCACCGCA-1,normal
TGGGCCACAAGAGCGC-1,normal
TGGGCCCATACTAATT-1,normal
TGGGCGATACAATAAG-1,normal
TGGGTAAGGTTCCCGC-1,normal
TGGGTGCACAAGCCAT-1,normal
TGGGTGGGATGTCATT-1,normal
TGGGTGTAATAGATTT-1,normal
TGGGTGTTAAGTAGAA-1,normal
TGGGTTTCGGGCGTAC-1,normal
TGGTAGAATATATGGG-1,normal
TGGTATCGCATCCCAA-1,tumor
TGGTATCGGTCTGTAT-1,tumor
TGGTCCCACGCTACGG-1,normal
TGGTCGATATACCTCT-1,normal
TGGTGATCGTATTTGT-1,normal
TGGTGCCCTGCCTTAC-1,normal
TGGTTAAGGGCGCTGG-1,tumor
TGGTTCAACGGGTAAT-1,normal
TGGTTCGTAGCAAAGG-1,normal
TGGTTGGAGGATCCTG-1,normal
TGGTTTAAACGTGGGT-1,tumor
TGTACCTACACGAGGG-1,normal
TGTACGAACAAATCCG-1,normal
TGTACTACTCTCACGG-1,normal
TGTACTGTGCCAAAGT-1,normal
TGTACTTCCGGGCATG-1,tumor
TGTAGCCAATTCCGTT-1,normal
TGTAGGAGAAATTTCC-1,normal
TGTAGTGATCTATAAT-1,normal
TGTATAACAGATCCTG-1,normal
TGTATACGGATGATGA-1,tumor
TGTATCAGACTGAAGC-1,normal
TGTATCCTTATTCCAT-1,tumor
TGTATGGCGCAGACAG-1,normal
TGTATTTACCTAATGC-1,normal
TGTCATTTGTTGGGAA-1,normal
TGTCCACGGCTCAACT-1,normal
TGTCCCGACATAGCAC-1,tumor
TGTCCGCAAACAATTC-1,normal
TGTCCTAAGTCACCGC-1,tumor
TGTCGTGGGTATAGGC-1,normal
TGTCTACAGTTTCTGT-1,tumor
TGTGACTACGCCAGTC-1,normal
TGTGACTAGAGTTTGC-1,normal
TGTGAGACTAGCCCAA-1,normal
TGTGCCGGTGCCGGAA-1,normal
TGTGGACTATCTACGT-1,tumor
TGTGGAGGAAGCTTAA-1,normal
TGTGGCAAAGCGTATG-1,normal
TGTGGCGGGCTTCTGG-1,normal
TGTGGCTCCCACCAAC-1,normal
TGTGGTTGCTAAAGCT-1,normal
TGTGTCGCGAGTTGCA-1,normal
TGTTATTGTATGTGGC-1,normal
TGTTCCGCTTCCATGA-1,normal
TGTTCCGGCCTGAGCT-1,normal
TGTTCGTATTGCGGTG-1,normal
TGTTCTCTACTCCCTA-1,normal
TGTTCTTCCATTGACT-1,normal
TGTTGCCGTCGTCCCA-1,normal
TGTTGTCAAGAAGTCT-1,normal
TGTTTAATACTTCATC-1,tumor
TGTTTCGGTACTTCTC-1,normal
TGTTTGAGATCGTCAG-1,normal
TTAAACAGAGTCCCGC-1,normal
TTAAACCGGTAGCGAC-1,normal
TTAAACTCGAATTCAT-1,normal
TTAAAGGCGATGCTCG-1,normal
TTAAAGTAAGTCGCCA-1,normal
TTAACACCTCGAACAT-1,normal
TTAACCAACCCTCCCT-1,normal
TTAACGAACAAGCAGT-1,normal
TTAACGTCGCAAGACC-1,tumor
TTAACTCACGCGTGGA-1,normal
TTAAGACGAACGAACC-1,normal
TTAAGATACCCAGAGA-1,tumor
TTAAGATAGGATTGAC-1,normal
TTAAGCCGACAACTTC-1,normal
TTAAGCGCCTGACCCA-1,tumor
TTAAGGATACGGAGGT-1,tumor
TTAAGTATTGTTATCC-1,normal
TTAATCAGTACGTCAG-1,normal
TTAATGCGAGGTAACT-1,tumor
TTAATGTAGACCAGGT-1,tumor
TTAATTGCTTTGGGTG-1,normal
TTAATTTCAGACGCGG-1,normal
TTACAACTACGCATCC-1,tumor
TTACAGACCTAAATGA-1,normal
TTACATCGTGGCCTGG-1,normal
TTACATGCCACAACTA-1,normal
TTACCCATTGCCGGGT-1,normal
TTACCCTAACAGTCCT-1,normal
TTACCCTAGGGATTGG-1,normal
TTACCGCCTTAGGGAA-1,normal
TTACGGATGGTTCGAG-1,normal
TTACTAAAGGACTTTA-1,tumor
TTACTCCGGCCGGGAA-1,normal
TTACTGGGATATTTCA-1,normal
TTACTGTCTAGAGCTC-1,normal
TTACTGTTTCTCTACG-1,normal
TTAGAAGAACATGACT-1,normal
TTAGAATAAGGGTCGG-1,normal
TTAGACACGATCGTTG-1,normal
TTAGACGAGTCACCTC-1,normal
TTAGAGTATTGTCGAG-1,normal
TTAGAGTTTAGAAGGA-1,normal
TTAGATAGGTCGATAC-1,normal
TTAGCAACATGGATGT-1,normal
TTAGCCATAGGGCTCG-1,normal
TTAGCTAATACGATCT-1,normal
TTAGCTGATTTGCCGT-1,normal
TTAGGATGGGAGGGTA-1,normal
TTAGGTCATAACCGAC-1,normal
TTAGTAAACCTGCTCT-1,normal
TTAGTTATTCGTGGCA-1,normal
TTAGTTCAAGTGTTCG-1,normal
TTATAGATGCACATTA-1,normal
TTATAGGTAATTGTCT-1,normal
TTATAGTCCAAGGTGC-1,normal
TTATATACGCTGTCAC-1,normal
TTATATTTGGCAATCC-1,normal
TTATCCAATCGAACTC-1,normal
TTATCCGGGATCTATA-1,normal
TTATCGCCTGCGAAGC-1,normal
TTATCTGTATCATAAC-1,normal
TTATGAATGAAAGGGA-1,normal
TTATGACAAACTGGAT-1,normal
TTATGATCTTAACGAA-1,normal
TTATGCGTCCCGGTCC-1,normal
TTATGTTTGCGATAGA-1,normal
TTATTAGAGCGTGTTC-1,normal
TTATTAGGGAAGCATC-1,normal
TTCAAAGTCTCTAGCC-1,normal
TTCAACGACCCGACCG-1,tumor
TTCAAGCCGAGCTGAG-1,normal
TTCAATACTCTGAATC-1,normal
TTCAATTAGCCATAAT-1,normal
TTCACGAAAGGATCAC-1,normal
TTCACGGTCGTCACGT-1,normal
TTCACTCGAGCACCTA-1,normal
TTCACTTCCTAGAACG-1,tumor
TTCAGCCCTGGTCCAC-1,normal
TTCAGCTGGCGTGCCC-1,normal
TTCAGTTCAAGAGGAG-1,normal
TTCATAGCCTTGTAAC-1,tumor
TTCATGGCGCAACAGG-1,normal
TTCCAATCAGAGCTAG-1,normal
TTCCAATCTGGCTATC-1,tumor
TTCCACACAGATTTGA-1,normal
TTCCAGACGAGATTTA-1,normal
TTCCAGTGGGTTTCGT-1,normal
TTCCATCATGCGGTGA-1,normal
TTCCATCGACAGCGTG-1,normal
TTCCGCAGAGAAATAT-1,normal
TTCCGCGTGAGGCGAT-1,normal
TTCCGGCCTTGAGGCT-1,normal
TTCCGGCTCGACTTCT-1,normal
TTCCGGTATCTGTGTC-1,normal
TTCCGGTTACCCACTT-1,normal
TTCCTCGAGGGTGTCT-1,tumor
TTCCTCGGACTAACCA-1,normal
TTCCTTTCTGTGTTGC-1,normal
TTCGAACGAAACATGC-1,normal
TTCGACAGAGCCCGTG-1,normal
TTCGAGCCGGCGCTAC-1,normal
TTCGCACTGTACGACA-1,normal
TTCGCATCCGGAAGCA-1,tumor
TTCGCGCGCCATACGA-1,normal
TTCGCTAGGAAGTTGT-1,tumor
TTCGCTATCTGACGTG-1,normal
TTCGGACTGATGCCTT-1,normal
TTCGGCAACCCGCTGA-1,normal
TTCGGCTAGAGATGGT-1,normal
TTCGGGACTAATCGCG-1,normal
TTCGGGCGCTAGTCTT-1,normal
TTCGGTACTGTAGAGG-1,normal
TTCGGTGGAGACGCCC-1,normal
TTCGTAATCCCAGCGG-1,normal
TTCGTACTCCAGAACG-1,normal
TTCGTGCATGTTATAG-1,normal
TTCGTTCAACGAAGTT-1,normal
TTCTAACCGAAGCTTA-1,normal
TTCTACCTCAATCGGT-1,normal
TTCTACCTTTATGTTG-1,normal
TTCTACTTGCGAGGGC-1,normal
TTCTAGAAAGTCTTAT-1,normal
TTCTAGGCCAATTGTG-1,tumor
TTCTATGCCTTTCGCA-1,normal
TTCTATTAAACGCAGC-1,tumor
TTCTGACCGGGCTCAA-1,normal
TTCTGCCGCGCCTAGA-1,normal
TTCTGCGGGTTAGCGG-1,normal
TTCTGCTAGACTCCAA-1,normal
TTCTTAGTGAACGGTG-1,normal
TTCTTAGTGGCTCAGA-1,normal
TTCTTATCCGCTGGGT-1,normal
TTCTTCCCTTTGATAT-1,normal
TTCTTGAGCCGCGCTA-1,normal
TTCTTGCTAGCATCTC-1,normal
TTCTTGGACGATCTGC-1,normal
TTCTTGGAGTAATGAG-1,normal
TTCTTGTAACCTAATG-1,normal
TTCTTTGGTCGCGACG-1,normal
TTGAAAGGTGTAAAGG-1,normal
TTGAACGAATCCTTTG-1,normal
TTGAACGACGTGCTGA-1,normal
TTGAAGAATTCCCAGG-1,normal
TTGAATATGGACTTTC-1,normal
TTGAATTCACGTGAGG-1,normal
TTGACAGGAGCTCCCG-1,normal
TTGACCAGGAACAACT-1,normal
TTGACCATGTTCTCCG-1,normal
TTGACCGTGTTAATGA-1,normal
TTGACGATTCAGCACG-1,normal
TTGACGCTCCATGAGC-1,normal
TTGACTACCATATGGT-1,tumor
TTGACTATTGTCCGGC-1,normal
TTGAGAAGTTTAGCAT-1,normal
TTGAGAGTACTGCTAA-1,normal
TTGAGCAGCCCACGGT-1,normal
TTGAGCGCCACGTGAT-1,normal
TTGAGGCATTTAACTC-1,normal
TTGAGTCCCGCTGCTG-1,normal
TTGATAGTCAATACAT-1,normal
TTGATCTAACTTTGTC-1,normal
TTGATGCCGCTCGTCG-1,normal
TTGATGTGTAGTCCCG-1,normal
TTGATTAGCTGTTTCT-1,normal
TTGATTATGCAGATGA-1,normal
TTGCAAGAAGACTCCT-1,normal
TTGCACAATTCAGAAA-1,normal
TTGCACGGAGCAGCAC-1,normal
TTGCCAAGCAGAACCC-1,normal
TTGCCCTGATCACGGG-1,normal
TTGCCGCTTTCTAGTA-1,normal
TTGCCGGTGATCCCTC-1,normal
TTGCCTAATCCAAAGT-1,normal
TTGCCTTCTCGCCGGG-1,normal
TTGCGCTTGATCAATA-1,normal
TTGCGGAAAGCTGCCC-1,normal
TTGCGGCATCAGAAAG-1,normal
TTGCGGCGACTCATGC-1,normal
TTGCGTAGTTTGAGGA-1,normal
TTGCGTCGGCCAACCG-1,normal
TTGCGTGAACGCTTAG-1,normal
TTGCGTGTGTAGGCAT-1,normal
TTGCTCATAGTACGTG-1,normal
TTGCTCCCATACCGGA-1,normal
TTGCTGAAGGAACCAC-1,normal
TTGCTGATCATGTTCG-1,normal
TTGCTGCACCTATCCA-1,normal
TTGCTGGCCGGGCTTC-1,normal
TTGGACCATCTGGCAA-1,normal
TTGGACCTATAACAGT-1,normal
TTGGAGTCTCCCTTCT-1,normal
TTGGATATCGTCTACG-1,normal
TTGGATCGACTTCTGG-1,tumor
TTGGATTGGGTACCAC-1,normal
TTGGCCAAATTGTATC-1,normal
TTGGCCATCTTGCGCT-1,normal
TTGGCCTAGAATTTCG-1,normal
TTGGCGATCCGAATAT-1,normal
TTGGCTCGCATGAGAC-1,tumor
TTGGGAAGACGAGCCG-1,normal
TTGGGACACTGCCCGC-1,normal
TTGGGACGTAAGAGTT-1,normal
TTGGGCGGCGGTTGCC-1,normal
TTGGGTTTATTCAGCG-1,normal
TTGGTATGGCTTGTGT-1,normal
TTGGTCACACTCGTAA-1,normal
TTGGTGCGGTGTTGAA-1,normal
TTGGTTCGCTCAAAGG-1,normal
TTGTAAGGCCAGTTGG-1,normal
TTGTAATCCGTACTCG-1,normal
TTGTATCACACAGAAT-1,tumor
TTGTCGTTCAGTTACC-1,normal
TTGTCTCGGCAAGATG-1,normal
TTGTGAACCTAATCCG-1,normal
TTGTGATCTGTTCAGT-1,normal
TTGTGCAGCCACGTCA-1,normal
TTGTGGCCCTGACAGT-1,normal
TTGTGGTATAGGTATG-1,normal
TTGTGGTGGTACTAAG-1,normal
TTGTGTATGCCACCAA-1,normal
TTGTGTTTCCCGAAAG-1,normal
TTGTTAGCAAATTCGA-1,normal
TTGTTCAGTGTGCTAC-1,normal
TTGTTGGCAATGACTG-1,normal
TTGTTGTGTGTCAAGA-1,normal
TTGTTTCACATCCAGG-1,normal
TTGTTTCATTAGTCTA-1,normal
TTGTTTGTATTACACG-1,normal
TTGTTTGTGTAAATTC-1,normal
